array,artifact,bytes_uncompressed,description,dtype,elements,maximum,minimum,nonfinite_count,shape
left,bases/block_00_down.npz,655360,Machine-readable analysis field; definition follows the literal field name and source table grain.,float32,163840,0.5694891214370728,-0.7319705486297607,0,2560x64
singular_values,bases/block_00_down.npz,256,Machine-readable analysis field; definition follows the literal field name and source table grain.,float32,64,14.072406768798828,4.955113410949707,0,64
right,bases/block_00_down.npz,1769472,Machine-readable analysis field; definition follows the literal field name and source table grain.,float32,442368,0.14330177009105682,-0.1602628380060196,0,6912x64
left,bases/block_00_gate.npz,1769472,Machine-readable analysis field; definition follows the literal field name and source table grain.,float32,442368,0.13972395658493042,-0.12283897399902344,0,6912x64
singular_values,bases/block_00_gate.npz,256,Machine-readable analysis field; definition follows the literal field name and source table grain.,float32,64,90.78773498535156,6.827676296234131,0,64
right,bases/block_00_gate.npz,655360,Machine-readable analysis field; definition follows the literal field name and source table grain.,float32,163840,0.6796579360961914,-0.31872743368148804,0,2560x64
left,bases/block_00_k.npz,655360,Machine-readable analysis field; definition follows the literal field name and source table grain.,float32,163840,0.23350605368614197,-0.24250753223896027,0,2560x64
singular_values,bases/block_00_k.npz,256,Machine-readable analysis field; definition follows the literal field name and source table grain.,float32,64,9.145340919494629,1.2984546422958374,0,64
right,bases/block_00_k.npz,655360,Machine-readable analysis field; definition follows the literal field name and source table grain.,float32,163840,0.33693844079971313,-0.37810444831848145,0,2560x64
left,bases/block_00_o.npz,655360,Machine-readable analysis field; definition follows the literal field name and source table grain.,float32,163840,0.7957481741905212,-0.5499679446220398,0,2560x64
singular_values,bases/block_00_o.npz,256,Machine-readable analysis field; definition follows the literal field name and source table grain.,float32,64,20.024967193603516,4.4194560050964355,0,64
right,bases/block_00_o.npz,655360,Machine-readable analysis field; definition follows the literal field name and source table grain.,float32,163840,0.2031547725200653,-0.18808284401893616,0,2560x64
left,bases/block_00_q.npz,655360,Machine-readable analysis field; definition follows the literal field name and source table grain.,float32,163840,0.23082195222377777,-0.1995810866355896,0,2560x64
singular_values,bases/block_00_q.npz,256,Machine-readable analysis field; definition follows the literal field name and source table grain.,float32,64,14.768775939941406,1.4684641361236572,0,64
right,bases/block_00_q.npz,655360,Machine-readable analysis field; definition follows the literal field name and source table grain.,float32,163840,0.25871825218200684,-0.274973064661026,0,2560x64
left,bases/block_00_v.npz,655360,Machine-readable analysis field; definition follows the literal field name and source table grain.,float32,163840,0.14744994044303894,-0.13018396496772766,0,2560x64
singular_values,bases/block_00_v.npz,256,Machine-readable analysis field; definition follows the literal field name and source table grain.,float32,64,6.377334117889404,1.858586311340332,0,64
right,bases/block_00_v.npz,655360,Machine-readable analysis field; definition follows the literal field name and source table grain.,float32,163840,0.26333317160606384,-0.31356582045555115,0,2560x64
left,bases/block_00_value.npz,1769472,Machine-readable analysis field; definition follows the literal field name and source table grain.,float32,442368,0.12767356634140015,-0.13964833319187164,0,6912x64
singular_values,bases/block_00_value.npz,256,Machine-readable analysis field; definition follows the literal field name and source table grain.,float32,64,10.929614067077637,6.318240165710449,0,64
right,bases/block_00_value.npz,655360,Machine-readable analysis field; definition follows the literal field name and source table grain.,float32,163840,0.09234855324029922,-0.11905401945114136,0,2560x64
left,bases/block_01_down.npz,655360,Machine-readable analysis field; definition follows the literal field name and source table grain.,float32,163840,0.4676501452922821,-0.4963776767253876,0,2560x64
singular_values,bases/block_01_down.npz,256,Machine-readable analysis field; definition follows the literal field name and source table grain.,float32,64,12.251503944396973,4.9507598876953125,0,64
right,bases/block_01_down.npz,1769472,Machine-readable analysis field; definition follows the literal field name and source table grain.,float32,442368,0.21901395916938782,-0.20375703275203705,0,6912x64
left,bases/block_01_gate.npz,1769472,Machine-readable analysis field; definition follows the literal field name and source table grain.,float32,442368,0.13317860662937164,-0.10947952419519424,0,6912x64
singular_values,bases/block_01_gate.npz,256,Machine-readable analysis field; definition follows the literal field name and source table grain.,float32,64,78.24728393554688,6.314716339111328,0,64
right,bases/block_01_gate.npz,655360,Machine-readable analysis field; definition follows the literal field name and source table grain.,float32,163840,0.9162936210632324,-0.17275436222553253,0,2560x64
left,bases/block_01_k.npz,655360,Machine-readable analysis field; definition follows the literal field name and source table grain.,float32,163840,0.1337670236825943,-0.1132015734910965,0,2560x64
singular_values,bases/block_01_k.npz,256,Machine-readable analysis field; definition follows the literal field name and source table grain.,float32,64,16.476818084716797,4.222484111785889,0,64
right,bases/block_01_k.npz,655360,Machine-readable analysis field; definition follows the literal field name and source table grain.,float32,163840,0.16281560063362122,-0.139835387468338,0,2560x64
left,bases/block_01_o.npz,655360,Machine-readable analysis field; definition follows the literal field name and source table grain.,float32,163840,0.10854016244411469,-0.1279463917016983,0,2560x64
singular_values,bases/block_01_o.npz,256,Machine-readable analysis field; definition follows the literal field name and source table grain.,float32,64,9.403599739074707,5.55677604675293,0,64
right,bases/block_01_o.npz,655360,Machine-readable analysis field; definition follows the literal field name and source table grain.,float32,163840,0.13654233515262604,-0.1481083631515503,0,2560x64
left,bases/block_01_q.npz,655360,Machine-readable analysis field; definition follows the literal field name and source table grain.,float32,163840,0.12486860901117325,-0.10371246188879013,0,2560x64
singular_values,bases/block_01_q.npz,256,Machine-readable analysis field; definition follows the literal field name and source table grain.,float32,64,17.76857566833496,4.023167133331299,0,64
right,bases/block_01_q.npz,655360,Machine-readable analysis field; definition follows the literal field name and source table grain.,float32,163840,0.12390196323394775,-0.174393430352211,0,2560x64
left,bases/block_01_v.npz,655360,Machine-readable analysis field; definition follows the literal field name and source table grain.,float32,163840,0.11865521222352982,-0.12509208917617798,0,2560x64
singular_values,bases/block_01_v.npz,256,Machine-readable analysis field; definition follows the literal field name and source table grain.,float32,64,9.826062202453613,4.531487941741943,0,64
right,bases/block_01_v.npz,655360,Machine-readable analysis field; definition follows the literal field name and source table grain.,float32,163840,0.1171652302145958,-0.11942850053310394,0,2560x64
left,bases/block_01_value.npz,1769472,Machine-readable analysis field; definition follows the literal field name and source table grain.,float32,442368,0.12643587589263916,-0.10959287732839584,0,6912x64
singular_values,bases/block_01_value.npz,256,Machine-readable analysis field; definition follows the literal field name and source table grain.,float32,64,9.860294342041016,6.166867733001709,0,64
right,bases/block_01_value.npz,655360,Machine-readable analysis field; definition follows the literal field name and source table grain.,float32,163840,0.1922001987695694,-0.11987663805484772,0,2560x64
left,bases/block_02_down.npz,655360,Machine-readable analysis field; definition follows the literal field name and source table grain.,float32,163840,0.38501107692718506,-0.556563138961792,0,2560x64
singular_values,bases/block_02_down.npz,256,Machine-readable analysis field; definition follows the literal field name and source table grain.,float32,64,9.506007194519043,5.166943073272705,0,64
right,bases/block_02_down.npz,1769472,Machine-readable analysis field; definition follows the literal field name and source table grain.,float32,442368,0.18181198835372925,-0.18639561533927917,0,6912x64
left,bases/block_02_gate.npz,1769472,Machine-readable analysis field; definition follows the literal field name and source table grain.,float32,442368,0.11292988806962967,-0.19338536262512207,0,6912x64
singular_values,bases/block_02_gate.npz,256,Machine-readable analysis field; definition follows the literal field name and source table grain.,float32,64,60.8067741394043,5.768888473510742,0,64
right,bases/block_02_gate.npz,655360,Machine-readable analysis field; definition follows the literal field name and source table grain.,float32,163840,0.9542978405952454,-0.17163774371147156,0,2560x64
left,bases/block_02_k.npz,655360,Machine-readable analysis field; definition follows the literal field name and source table grain.,float32,163840,0.11496403813362122,-0.10335053503513336,0,2560x64
singular_values,bases/block_02_k.npz,256,Machine-readable analysis field; definition follows the literal field name and source table grain.,float32,64,14.859708786010742,4.99844217300415,0,64
right,bases/block_02_k.npz,655360,Machine-readable analysis field; definition follows the literal field name and source table grain.,float32,163840,0.13715356588363647,-0.12701262533664703,0,2560x64
left,bases/block_02_o.npz,655360,Machine-readable analysis field; definition follows the literal field name and source table grain.,float32,163840,0.11105070263147354,-0.15123891830444336,0,2560x64
singular_values,bases/block_02_o.npz,256,Machine-readable analysis field; definition follows the literal field name and source table grain.,float32,64,9.400877952575684,5.43359375,0,64
right,bases/block_02_o.npz,655360,Machine-readable analysis field; definition follows the literal field name and source table grain.,float32,163840,0.13673599064350128,-0.13463246822357178,0,2560x64
left,bases/block_02_q.npz,655360,Machine-readable analysis field; definition follows the literal field name and source table grain.,float32,163840,0.1228635385632515,-0.11412424594163895,0,2560x64
singular_values,bases/block_02_q.npz,256,Machine-readable analysis field; definition follows the literal field name and source table grain.,float32,64,17.169017791748047,4.786332130432129,0,64
right,bases/block_02_q.npz,655360,Machine-readable analysis field; definition follows the literal field name and source table grain.,float32,163840,0.21933698654174805,-0.17432768642902374,0,2560x64
left,bases/block_02_v.npz,655360,Machine-readable analysis field; definition follows the literal field name and source table grain.,float32,163840,0.11020717769861221,-0.11033234745264053,0,2560x64
singular_values,bases/block_02_v.npz,256,Machine-readable analysis field; definition follows the literal field name and source table grain.,float32,64,9.877725601196289,4.719845294952393,0,64
right,bases/block_02_v.npz,655360,Machine-readable analysis field; definition follows the literal field name and source table grain.,float32,163840,0.11345990747213364,-0.10724902153015137,0,2560x64
left,bases/block_02_value.npz,1769472,Machine-readable analysis field; definition follows the literal field name and source table grain.,float32,442368,0.10207117348909378,-0.11247771978378296,0,6912x64
singular_values,bases/block_02_value.npz,256,Machine-readable analysis field; definition follows the literal field name and source table grain.,float32,64,8.107829093933105,5.65731954574585,0,64
right,bases/block_02_value.npz,655360,Machine-readable analysis field; definition follows the literal field name and source table grain.,float32,163840,0.12078200280666351,-0.11798005551099777,0,2560x64
left,bases/block_03_down.npz,655360,Machine-readable analysis field; definition follows the literal field name and source table grain.,float32,163840,0.2057332545518875,-0.33483782410621643,0,2560x64
singular_values,bases/block_03_down.npz,256,Machine-readable analysis field; definition follows the literal field name and source table grain.,float32,64,8.814175605773926,5.031754016876221,0,64
right,bases/block_03_down.npz,1769472,Machine-readable analysis field; definition follows the literal field name and source table grain.,float32,442368,0.16772665083408356,-0.12104564905166626,0,6912x64
left,bases/block_03_gate.npz,1769472,Machine-readable analysis field; definition follows the literal field name and source table grain.,float32,442368,0.15324750542640686,-0.1360330432653427,0,6912x64
singular_values,bases/block_03_gate.npz,256,Machine-readable analysis field; definition follows the literal field name and source table grain.,float32,64,58.325218200683594,4.913446426391602,0,64
right,bases/block_03_gate.npz,655360,Machine-readable analysis field; definition follows the literal field name and source table grain.,float32,163840,0.9527713656425476,-0.12872615456581116,0,2560x64
left,bases/block_03_k.npz,655360,Machine-readable analysis field; definition follows the literal field name and source table grain.,float32,163840,0.10417289286851883,-0.11653764545917511,0,2560x64
singular_values,bases/block_03_k.npz,256,Machine-readable analysis field; definition follows the literal field name and source table grain.,float32,64,13.260687828063965,4.477913856506348,0,64
right,bases/block_03_k.npz,655360,Machine-readable analysis field; definition follows the literal field name and source table grain.,float32,163840,0.13745033740997314,-0.16656573116779327,0,2560x64
left,bases/block_03_o.npz,655360,Machine-readable analysis field; definition follows the literal field name and source table grain.,float32,163840,0.1348646581172943,-0.13097313046455383,0,2560x64
singular_values,bases/block_03_o.npz,256,Machine-readable analysis field; definition follows the literal field name and source table grain.,float32,64,10.98081111907959,5.378523349761963,0,64
right,bases/block_03_o.npz,655360,Machine-readable analysis field; definition follows the literal field name and source table grain.,float32,163840,0.1531178504228592,-0.15262939035892487,0,2560x64
left,bases/block_03_q.npz,655360,Machine-readable analysis field; definition follows the literal field name and source table grain.,float32,163840,0.10181574523448944,-0.09997034817934036,0,2560x64
singular_values,bases/block_03_q.npz,256,Machine-readable analysis field; definition follows the literal field name and source table grain.,float32,64,15.710394859313965,4.186793327331543,0,64
right,bases/block_03_q.npz,655360,Machine-readable analysis field; definition follows the literal field name and source table grain.,float32,163840,0.28496429324150085,-0.17613117396831512,0,2560x64
left,bases/block_03_v.npz,655360,Machine-readable analysis field; definition follows the literal field name and source table grain.,float32,163840,0.10857640206813812,-0.114800363779068,0,2560x64
singular_values,bases/block_03_v.npz,256,Machine-readable analysis field; definition follows the literal field name and source table grain.,float32,64,8.582392692565918,3.9378960132598877,0,64
right,bases/block_03_v.npz,655360,Machine-readable analysis field; definition follows the literal field name and source table grain.,float32,163840,0.16130024194717407,-0.12487141042947769,0,2560x64
left,bases/block_03_value.npz,1769472,Machine-readable analysis field; definition follows the literal field name and source table grain.,float32,442368,0.13724233210086823,-0.1356053352355957,0,6912x64
singular_values,bases/block_03_value.npz,256,Machine-readable analysis field; definition follows the literal field name and source table grain.,float32,64,7.482774257659912,4.835213661193848,0,64
right,bases/block_03_value.npz,655360,Machine-readable analysis field; definition follows the literal field name and source table grain.,float32,163840,0.1347854733467102,-0.13623161613941193,0,2560x64
left,bases/block_04_down.npz,655360,Machine-readable analysis field; definition follows the literal field name and source table grain.,float32,163840,0.3736283481121063,-0.5869569778442383,0,2560x64
singular_values,bases/block_04_down.npz,256,Machine-readable analysis field; definition follows the literal field name and source table grain.,float32,64,8.236095428466797,4.065384387969971,0,64
right,bases/block_04_down.npz,1769472,Machine-readable analysis field; definition follows the literal field name and source table grain.,float32,442368,0.1958112269639969,-0.1714327335357666,0,6912x64
left,bases/block_04_gate.npz,1769472,Machine-readable analysis field; definition follows the literal field name and source table grain.,float32,442368,0.31316235661506653,-0.1725776195526123,0,6912x64
singular_values,bases/block_04_gate.npz,256,Machine-readable analysis field; definition follows the literal field name and source table grain.,float32,64,71.2281265258789,4.378239154815674,0,64
right,bases/block_04_gate.npz,655360,Machine-readable analysis field; definition follows the literal field name and source table grain.,float32,163840,0.9677442312240601,-0.12212961912155151,0,2560x64
left,bases/block_04_k.npz,655360,Machine-readable analysis field; definition follows the literal field name and source table grain.,float32,163840,0.1186806783080101,-0.11374985426664352,0,2560x64
singular_values,bases/block_04_k.npz,256,Machine-readable analysis field; definition follows the literal field name and source table grain.,float32,64,13.465423583984375,4.218102931976318,0,64
right,bases/block_04_k.npz,655360,Machine-readable analysis field; definition follows the literal field name and source table grain.,float32,163840,0.14138098061084747,-0.15613146126270294,0,2560x64
left,bases/block_04_o.npz,655360,Machine-readable analysis field; definition follows the literal field name and source table grain.,float32,163840,0.13953141868114471,-0.14197976887226105,0,2560x64
singular_values,bases/block_04_o.npz,256,Machine-readable analysis field; definition follows the literal field name and source table grain.,float32,64,10.942739486694336,5.393640995025635,0,64
right,bases/block_04_o.npz,655360,Machine-readable analysis field; definition follows the literal field name and source table grain.,float32,163840,0.15363743901252747,-0.1560056358575821,0,2560x64
left,bases/block_04_q.npz,655360,Machine-readable analysis field; definition follows the literal field name and source table grain.,float32,163840,0.12282657623291016,-0.1282801479101181,0,2560x64
singular_values,bases/block_04_q.npz,256,Machine-readable analysis field; definition follows the literal field name and source table grain.,float32,64,16.509634017944336,4.082406997680664,0,64
right,bases/block_04_q.npz,655360,Machine-readable analysis field; definition follows the literal field name and source table grain.,float32,163840,0.16373929381370544,-0.30596113204956055,0,2560x64
left,bases/block_04_v.npz,655360,Machine-readable analysis field; definition follows the literal field name and source table grain.,float32,163840,0.12033454328775406,-0.11991769820451736,0,2560x64
singular_values,bases/block_04_v.npz,256,Machine-readable analysis field; definition follows the literal field name and source table grain.,float32,64,8.397520065307617,4.000769138336182,0,64
right,bases/block_04_v.npz,655360,Machine-readable analysis field; definition follows the literal field name and source table grain.,float32,163840,0.12526516616344452,-0.13212090730667114,0,2560x64
left,bases/block_04_value.npz,1769472,Machine-readable analysis field; definition follows the literal field name and source table grain.,float32,442368,0.13960334658622742,-0.1576204150915146,0,6912x64
singular_values,bases/block_04_value.npz,256,Machine-readable analysis field; definition follows the literal field name and source table grain.,float32,64,6.2895121574401855,4.27239990234375,0,64
right,bases/block_04_value.npz,655360,Machine-readable analysis field; definition follows the literal field name and source table grain.,float32,163840,0.12467657774686813,-0.11229664087295532,0,2560x64
left,bases/block_05_down.npz,655360,Machine-readable analysis field; definition follows the literal field name and source table grain.,float32,163840,0.36349281668663025,-0.20438101887702942,0,2560x64
singular_values,bases/block_05_down.npz,256,Machine-readable analysis field; definition follows the literal field name and source table grain.,float32,64,7.722590923309326,3.6735236644744873,0,64
right,bases/block_05_down.npz,1769472,Machine-readable analysis field; definition follows the literal field name and source table grain.,float32,442368,0.16565853357315063,-0.1655929833650589,0,6912x64
left,bases/block_05_gate.npz,1769472,Machine-readable analysis field; definition follows the literal field name and source table grain.,float32,442368,0.26879405975341797,-0.2538169324398041,0,6912x64
singular_values,bases/block_05_gate.npz,256,Machine-readable analysis field; definition follows the literal field name and source table grain.,float32,64,57.331539154052734,3.0262458324432373,0,64
right,bases/block_05_gate.npz,655360,Machine-readable analysis field; definition follows the literal field name and source table grain.,float32,163840,0.9577014446258545,-0.1834372729063034,0,2560x64
left,bases/block_05_k.npz,655360,Machine-readable analysis field; definition follows the literal field name and source table grain.,float32,163840,0.11957776546478271,-0.12076354771852493,0,2560x64
singular_values,bases/block_05_k.npz,256,Machine-readable analysis field; definition follows the literal field name and source table grain.,float32,64,12.37857437133789,4.282245635986328,0,64
right,bases/block_05_k.npz,655360,Machine-readable analysis field; definition follows the literal field name and source table grain.,float32,163840,0.12987197935581207,-0.13243627548217773,0,2560x64
left,bases/block_05_o.npz,655360,Machine-readable analysis field; definition follows the literal field name and source table grain.,float32,163840,0.22323113679885864,-0.12239687144756317,0,2560x64
singular_values,bases/block_05_o.npz,256,Machine-readable analysis field; definition follows the literal field name and source table grain.,float32,64,10.76408863067627,5.3339924812316895,0,64
right,bases/block_05_o.npz,655360,Machine-readable analysis field; definition follows the literal field name and source table grain.,float32,163840,0.12527304887771606,-0.16700510680675507,0,2560x64
left,bases/block_05_q.npz,655360,Machine-readable analysis field; definition follows the literal field name and source table grain.,float32,163840,0.10609379410743713,-0.11005789786577225,0,2560x64
singular_values,bases/block_05_q.npz,256,Machine-readable analysis field; definition follows the literal field name and source table grain.,float32,64,18.746292114257812,4.003264904022217,0,64
right,bases/block_05_q.npz,655360,Machine-readable analysis field; definition follows the literal field name and source table grain.,float32,163840,0.26514267921447754,-0.15377017855644226,0,2560x64
left,bases/block_05_v.npz,655360,Machine-readable analysis field; definition follows the literal field name and source table grain.,float32,163840,0.1281733214855194,-0.1089111790060997,0,2560x64
singular_values,bases/block_05_v.npz,256,Machine-readable analysis field; definition follows the literal field name and source table grain.,float32,64,8.584991455078125,4.108524322509766,0,64
right,bases/block_05_v.npz,655360,Machine-readable analysis field; definition follows the literal field name and source table grain.,float32,163840,0.12748490273952484,-0.157947838306427,0,2560x64
left,bases/block_05_value.npz,1769472,Machine-readable analysis field; definition follows the literal field name and source table grain.,float32,442368,0.20722180604934692,-0.20719990134239197,0,6912x64
singular_values,bases/block_05_value.npz,256,Machine-readable analysis field; definition follows the literal field name and source table grain.,float32,64,4.7814717292785645,2.85380220413208,0,64
right,bases/block_05_value.npz,655360,Machine-readable analysis field; definition follows the literal field name and source table grain.,float32,163840,0.15886731445789337,-0.15507185459136963,0,2560x64
left,bases/block_06_down.npz,655360,Machine-readable analysis field; definition follows the literal field name and source table grain.,float32,163840,0.24078641831874847,-0.3884250223636627,0,2560x64
singular_values,bases/block_06_down.npz,256,Machine-readable analysis field; definition follows the literal field name and source table grain.,float32,64,6.6700758934021,3.7901382446289062,0,64
right,bases/block_06_down.npz,1769472,Machine-readable analysis field; definition follows the literal field name and source table grain.,float32,442368,0.19356845319271088,-0.17603646218776703,0,6912x64
left,bases/block_06_gate.npz,1769472,Machine-readable analysis field; definition follows the literal field name and source table grain.,float32,442368,0.17448770999908447,-0.20340381562709808,0,6912x64
singular_values,bases/block_06_gate.npz,256,Machine-readable analysis field; definition follows the literal field name and source table grain.,float32,64,66.47852325439453,3.1209800243377686,0,64
right,bases/block_06_gate.npz,655360,Machine-readable analysis field; definition follows the literal field name and source table grain.,float32,163840,0.20462769269943237,-0.9448161721229553,0,2560x64
left,bases/block_06_k.npz,655360,Machine-readable analysis field; definition follows the literal field name and source table grain.,float32,163840,0.12032816559076309,-0.11882887035608292,0,2560x64
singular_values,bases/block_06_k.npz,256,Machine-readable analysis field; definition follows the literal field name and source table grain.,float32,64,13.550664901733398,4.254942417144775,0,64
right,bases/block_06_k.npz,655360,Machine-readable analysis field; definition follows the literal field name and source table grain.,float32,163840,0.16137158870697021,-0.16582699120044708,0,2560x64
left,bases/block_06_o.npz,655360,Machine-readable analysis field; definition follows the literal field name and source table grain.,float32,163840,0.21076197922229767,-0.1951136440038681,0,2560x64
singular_values,bases/block_06_o.npz,256,Machine-readable analysis field; definition follows the literal field name and source table grain.,float32,64,10.977645874023438,5.545505523681641,0,64
right,bases/block_06_o.npz,655360,Machine-readable analysis field; definition follows the literal field name and source table grain.,float32,163840,0.1558079868555069,-0.1561412811279297,0,2560x64
left,bases/block_06_q.npz,655360,Machine-readable analysis field; definition follows the literal field name and source table grain.,float32,163840,0.1545066237449646,-0.14532820880413055,0,2560x64
singular_values,bases/block_06_q.npz,256,Machine-readable analysis field; definition follows the literal field name and source table grain.,float32,64,18.683202743530273,3.9642693996429443,0,64
right,bases/block_06_q.npz,655360,Machine-readable analysis field; definition follows the literal field name and source table grain.,float32,163840,0.22493326663970947,-0.24413543939590454,0,2560x64
left,bases/block_06_v.npz,655360,Machine-readable analysis field; definition follows the literal field name and source table grain.,float32,163840,0.11953667551279068,-0.11978552490472794,0,2560x64
singular_values,bases/block_06_v.npz,256,Machine-readable analysis field; definition follows the literal field name and source table grain.,float32,64,8.41423225402832,4.045609474182129,0,64
right,bases/block_06_v.npz,655360,Machine-readable analysis field; definition follows the literal field name and source table grain.,float32,163840,0.18525336682796478,-0.1431792974472046,0,2560x64
left,bases/block_06_value.npz,1769472,Machine-readable analysis field; definition follows the literal field name and source table grain.,float32,442368,0.1720975935459137,-0.17563672363758087,0,6912x64
singular_values,bases/block_06_value.npz,256,Machine-readable analysis field; definition follows the literal field name and source table grain.,float32,64,4.9892377853393555,3.0410451889038086,0,64
right,bases/block_06_value.npz,655360,Machine-readable analysis field; definition follows the literal field name and source table grain.,float32,163840,0.16431353986263275,-0.1477670818567276,0,2560x64
left,bases/block_07_down.npz,655360,Machine-readable analysis field; definition follows the literal field name and source table grain.,float32,163840,0.40627753734588623,-0.3434082567691803,0,2560x64
singular_values,bases/block_07_down.npz,256,Machine-readable analysis field; definition follows the literal field name and source table grain.,float32,64,5.731637477874756,3.2977583408355713,0,64
right,bases/block_07_down.npz,1769472,Machine-readable analysis field; definition follows the literal field name and source table grain.,float32,442368,0.22453787922859192,-0.22141806781291962,0,6912x64
left,bases/block_07_gate.npz,1769472,Machine-readable analysis field; definition follows the literal field name and source table grain.,float32,442368,0.216537207365036,-0.21727102994918823,0,6912x64
singular_values,bases/block_07_gate.npz,256,Machine-readable analysis field; definition follows the literal field name and source table grain.,float32,64,72.46531677246094,4.061233043670654,0,64
right,bases/block_07_gate.npz,655360,Machine-readable analysis field; definition follows the literal field name and source table grain.,float32,163840,0.6874299049377441,-0.20065049827098846,0,2560x64
left,bases/block_07_k.npz,655360,Machine-readable analysis field; definition follows the literal field name and source table grain.,float32,163840,0.12883955240249634,-0.12299103289842606,0,2560x64
singular_values,bases/block_07_k.npz,256,Machine-readable analysis field; definition follows the literal field name and source table grain.,float32,64,13.041071891784668,4.3166913986206055,0,64
right,bases/block_07_k.npz,655360,Machine-readable analysis field; definition follows the literal field name and source table grain.,float32,163840,0.1534673124551773,-0.1790027767419815,0,2560x64
left,bases/block_07_o.npz,655360,Machine-readable analysis field; definition follows the literal field name and source table grain.,float32,163840,0.11791647225618362,-0.17345106601715088,0,2560x64
singular_values,bases/block_07_o.npz,256,Machine-readable analysis field; definition follows the literal field name and source table grain.,float32,64,9.658102035522461,5.4732866287231445,0,64
right,bases/block_07_o.npz,655360,Machine-readable analysis field; definition follows the literal field name and source table grain.,float32,163840,0.1509256362915039,-0.15243154764175415,0,2560x64
left,bases/block_07_q.npz,655360,Machine-readable analysis field; definition follows the literal field name and source table grain.,float32,163840,0.11649203300476074,-0.1398973912000656,0,2560x64
singular_values,bases/block_07_q.npz,256,Machine-readable analysis field; definition follows the literal field name and source table grain.,float32,64,17.060693740844727,4.027919292449951,0,64
right,bases/block_07_q.npz,655360,Machine-readable analysis field; definition follows the literal field name and source table grain.,float32,163840,0.1649612933397293,-0.2912310063838959,0,2560x64
left,bases/block_07_v.npz,655360,Machine-readable analysis field; definition follows the literal field name and source table grain.,float32,163840,0.11994662880897522,-0.11588063091039658,0,2560x64
singular_values,bases/block_07_v.npz,256,Machine-readable analysis field; definition follows the literal field name and source table grain.,float32,64,8.098308563232422,3.940952777862549,0,64
right,bases/block_07_v.npz,655360,Machine-readable analysis field; definition follows the literal field name and source table grain.,float32,163840,0.13740621507167816,-0.14731355011463165,0,2560x64
left,bases/block_07_value.npz,1769472,Machine-readable analysis field; definition follows the literal field name and source table grain.,float32,442368,0.21277005970478058,-0.22563503682613373,0,6912x64
singular_values,bases/block_07_value.npz,256,Machine-readable analysis field; definition follows the literal field name and source table grain.,float32,64,6.388113498687744,3.338151693344116,0,64
right,bases/block_07_value.npz,655360,Machine-readable analysis field; definition follows the literal field name and source table grain.,float32,163840,0.11383592337369919,-0.11703857779502869,0,2560x64
left,bases/block_08_down.npz,655360,Machine-readable analysis field; definition follows the literal field name and source table grain.,float32,163840,0.23165076971054077,-0.38515713810920715,0,2560x64
singular_values,bases/block_08_down.npz,256,Machine-readable analysis field; definition follows the literal field name and source table grain.,float32,64,6.7260212898254395,3.643113613128662,0,64
right,bases/block_08_down.npz,1769472,Machine-readable analysis field; definition follows the literal field name and source table grain.,float32,442368,0.2080923318862915,-0.1844746172428131,0,6912x64
left,bases/block_08_gate.npz,1769472,Machine-readable analysis field; definition follows the literal field name and source table grain.,float32,442368,0.2384343147277832,-0.20940102636814117,0,6912x64
singular_values,bases/block_08_gate.npz,256,Machine-readable analysis field; definition follows the literal field name and source table grain.,float32,64,69.07523345947266,3.3083131313323975,0,64
right,bases/block_08_gate.npz,655360,Machine-readable analysis field; definition follows the literal field name and source table grain.,float32,163840,0.9681650400161743,-0.1819469928741455,0,2560x64
left,bases/block_08_k.npz,655360,Machine-readable analysis field; definition follows the literal field name and source table grain.,float32,163840,0.10680770128965378,-0.10824494063854218,0,2560x64
singular_values,bases/block_08_k.npz,256,Machine-readable analysis field; definition follows the literal field name and source table grain.,float32,64,18.86539649963379,5.175709247589111,0,64
right,bases/block_08_k.npz,655360,Machine-readable analysis field; definition follows the literal field name and source table grain.,float32,163840,0.1318950355052948,-0.11259034276008606,0,2560x64
left,bases/block_08_o.npz,655360,Machine-readable analysis field; definition follows the literal field name and source table grain.,float32,163840,0.13193246722221375,-0.12722624838352203,0,2560x64
singular_values,bases/block_08_o.npz,256,Machine-readable analysis field; definition follows the literal field name and source table grain.,float32,64,12.139768600463867,5.422573566436768,0,64
right,bases/block_08_o.npz,655360,Machine-readable analysis field; definition follows the literal field name and source table grain.,float32,163840,0.15198063850402832,-0.1520243138074875,0,2560x64
left,bases/block_08_q.npz,655360,Machine-readable analysis field; definition follows the literal field name and source table grain.,float32,163840,0.11588974297046661,-0.11491493880748749,0,2560x64
singular_values,bases/block_08_q.npz,256,Machine-readable analysis field; definition follows the literal field name and source table grain.,float32,64,19.608917236328125,4.778646469116211,0,64
right,bases/block_08_q.npz,655360,Machine-readable analysis field; definition follows the literal field name and source table grain.,float32,163840,0.17026656866073608,-0.18173673748970032,0,2560x64
left,bases/block_08_v.npz,655360,Machine-readable analysis field; definition follows the literal field name and source table grain.,float32,163840,0.1137191653251648,-0.11406783759593964,0,2560x64
singular_values,bases/block_08_v.npz,256,Machine-readable analysis field; definition follows the literal field name and source table grain.,float32,64,10.656365394592285,4.498959064483643,0,64
right,bases/block_08_v.npz,655360,Machine-readable analysis field; definition follows the literal field name and source table grain.,float32,163840,0.15495651960372925,-0.17296652495861053,0,2560x64
left,bases/block_08_value.npz,1769472,Machine-readable analysis field; definition follows the literal field name and source table grain.,float32,442368,0.17898598313331604,-0.1796402931213379,0,6912x64
singular_values,bases/block_08_value.npz,256,Machine-readable analysis field; definition follows the literal field name and source table grain.,float32,64,5.368334770202637,3.230304718017578,0,64
right,bases/block_08_value.npz,655360,Machine-readable analysis field; definition follows the literal field name and source table grain.,float32,163840,0.1653667837381363,-0.1428373157978058,0,2560x64
left,bases/block_09_down.npz,655360,Machine-readable analysis field; definition follows the literal field name and source table grain.,float32,163840,0.1549934446811676,-0.14958228170871735,0,2560x64
singular_values,bases/block_09_down.npz,256,Machine-readable analysis field; definition follows the literal field name and source table grain.,float32,64,13.642817497253418,3.4123661518096924,0,64
right,bases/block_09_down.npz,1769472,Machine-readable analysis field; definition follows the literal field name and source table grain.,float32,442368,0.18902477622032166,-0.17610858380794525,0,6912x64
left,bases/block_09_gate.npz,1769472,Machine-readable analysis field; definition follows the literal field name and source table grain.,float32,442368,0.1895095407962799,-0.26028913259506226,0,6912x64
singular_values,bases/block_09_gate.npz,256,Machine-readable analysis field; definition follows the literal field name and source table grain.,float32,64,82.03487396240234,3.97639799118042,0,64
right,bases/block_09_gate.npz,655360,Machine-readable analysis field; definition follows the literal field name and source table grain.,float32,163840,0.2814546227455139,-0.23803932964801788,0,2560x64
left,bases/block_09_k.npz,655360,Machine-readable analysis field; definition follows the literal field name and source table grain.,float32,163840,0.12420408427715302,-0.12746013700962067,0,2560x64
singular_values,bases/block_09_k.npz,256,Machine-readable analysis field; definition follows the literal field name and source table grain.,float32,64,14.51838493347168,4.222442150115967,0,64
right,bases/block_09_k.npz,655360,Machine-readable analysis field; definition follows the literal field name and source table grain.,float32,163840,0.1553550809621811,-0.2311319261789322,0,2560x64
left,bases/block_09_o.npz,655360,Machine-readable analysis field; definition follows the literal field name and source table grain.,float32,163840,0.19908356666564941,-0.17548197507858276,0,2560x64
singular_values,bases/block_09_o.npz,256,Machine-readable analysis field; definition follows the literal field name and source table grain.,float32,64,10.512511253356934,5.424638271331787,0,64
right,bases/block_09_o.npz,655360,Machine-readable analysis field; definition follows the literal field name and source table grain.,float32,163840,0.17941871285438538,-0.18036533892154694,0,2560x64
left,bases/block_09_q.npz,655360,Machine-readable analysis field; definition follows the literal field name and source table grain.,float32,163840,0.12223866581916809,-0.11952441930770874,0,2560x64
singular_values,bases/block_09_q.npz,256,Machine-readable analysis field; definition follows the literal field name and source table grain.,float32,64,16.386240005493164,3.9785733222961426,0,64
right,bases/block_09_q.npz,655360,Machine-readable analysis field; definition follows the literal field name and source table grain.,float32,163840,0.17493906617164612,-0.27678483724594116,0,2560x64
left,bases/block_09_v.npz,655360,Machine-readable analysis field; definition follows the literal field name and source table grain.,float32,163840,0.1342463493347168,-0.14872314035892487,0,2560x64
singular_values,bases/block_09_v.npz,256,Machine-readable analysis field; definition follows the literal field name and source table grain.,float32,64,8.082287788391113,3.9342126846313477,0,64
right,bases/block_09_v.npz,655360,Machine-readable analysis field; definition follows the literal field name and source table grain.,float32,163840,0.14170722663402557,-0.1831134408712387,0,2560x64
left,bases/block_09_value.npz,1769472,Machine-readable analysis field; definition follows the literal field name and source table grain.,float32,442368,0.19049954414367676,-0.19809681177139282,0,6912x64
singular_values,bases/block_09_value.npz,256,Machine-readable analysis field; definition follows the literal field name and source table grain.,float32,64,9.468015670776367,3.2129132747650146,0,64
right,bases/block_09_value.npz,655360,Machine-readable analysis field; definition follows the literal field name and source table grain.,float32,163840,0.12680140137672424,-0.13048531115055084,0,2560x64
left,bases/block_10_down.npz,655360,Machine-readable analysis field; definition follows the literal field name and source table grain.,float32,163840,0.34360507130622864,-0.20705078542232513,0,2560x64
singular_values,bases/block_10_down.npz,256,Machine-readable analysis field; definition follows the literal field name and source table grain.,float32,64,15.094985961914062,3.4931795597076416,0,64
right,bases/block_10_down.npz,1769472,Machine-readable analysis field; definition follows the literal field name and source table grain.,float32,442368,0.18306300044059753,-0.17511305212974548,0,6912x64
left,bases/block_10_gate.npz,1769472,Machine-readable analysis field; definition follows the literal field name and source table grain.,float32,442368,0.2357940673828125,-0.2815673053264618,0,6912x64
singular_values,bases/block_10_gate.npz,256,Machine-readable analysis field; definition follows the literal field name and source table grain.,float32,64,63.83584213256836,3.4150283336639404,0,64
right,bases/block_10_gate.npz,655360,Machine-readable analysis field; definition follows the literal field name and source table grain.,float32,163840,0.45022207498550415,-0.6642822623252869,0,2560x64
left,bases/block_10_k.npz,655360,Machine-readable analysis field; definition follows the literal field name and source table grain.,float32,163840,0.11848963797092438,-0.12473892420530319,0,2560x64
singular_values,bases/block_10_k.npz,256,Machine-readable analysis field; definition follows the literal field name and source table grain.,float32,64,12.427321434020996,4.1016764640808105,0,64
right,bases/block_10_k.npz,655360,Machine-readable analysis field; definition follows the literal field name and source table grain.,float32,163840,0.1637340486049652,-0.18187162280082703,0,2560x64
left,bases/block_10_o.npz,655360,Machine-readable analysis field; definition follows the literal field name and source table grain.,float32,163840,0.3007093071937561,-0.23480798304080963,0,2560x64
singular_values,bases/block_10_o.npz,256,Machine-readable analysis field; definition follows the literal field name and source table grain.,float32,64,9.91016960144043,5.507239818572998,0,64
right,bases/block_10_o.npz,655360,Machine-readable analysis field; definition follows the literal field name and source table grain.,float32,163840,0.1416541188955307,-0.13532254099845886,0,2560x64
left,bases/block_10_q.npz,655360,Machine-readable analysis field; definition follows the literal field name and source table grain.,float32,163840,0.1315874606370926,-0.1510353982448578,0,2560x64
singular_values,bases/block_10_q.npz,256,Machine-readable analysis field; definition follows the literal field name and source table grain.,float32,64,15.879803657531738,3.794440984725952,0,64
right,bases/block_10_q.npz,655360,Machine-readable analysis field; definition follows the literal field name and source table grain.,float32,163840,0.22935126721858978,-0.17414678633213043,0,2560x64
left,bases/block_10_v.npz,655360,Machine-readable analysis field; definition follows the literal field name and source table grain.,float32,163840,0.13340187072753906,-0.13391771912574768,0,2560x64
singular_values,bases/block_10_v.npz,256,Machine-readable analysis field; definition follows the literal field name and source table grain.,float32,64,8.054966926574707,3.9506428241729736,0,64
right,bases/block_10_v.npz,655360,Machine-readable analysis field; definition follows the literal field name and source table grain.,float32,163840,0.16281719505786896,-0.1546899974346161,0,2560x64
left,bases/block_10_value.npz,1769472,Machine-readable analysis field; definition follows the literal field name and source table grain.,float32,442368,0.16628074645996094,-0.16795051097869873,0,6912x64
singular_values,bases/block_10_value.npz,256,Machine-readable analysis field; definition follows the literal field name and source table grain.,float32,64,9.219077110290527,3.0459446907043457,0,64
right,bases/block_10_value.npz,655360,Machine-readable analysis field; definition follows the literal field name and source table grain.,float32,163840,0.18774347007274628,-0.1839546412229538,0,2560x64
left,bases/block_11_down.npz,655360,Machine-readable analysis field; definition follows the literal field name and source table grain.,float32,163840,0.31076565384864807,-0.13994289934635162,0,2560x64
singular_values,bases/block_11_down.npz,256,Machine-readable analysis field; definition follows the literal field name and source table grain.,float32,64,7.86942720413208,3.353945255279541,0,64
right,bases/block_11_down.npz,1769472,Machine-readable analysis field; definition follows the literal field name and source table grain.,float32,442368,0.2439081072807312,-0.22768399119377136,0,6912x64
left,bases/block_11_gate.npz,1769472,Machine-readable analysis field; definition follows the literal field name and source table grain.,float32,442368,0.248549684882164,-0.2440890669822693,0,6912x64
singular_values,bases/block_11_gate.npz,256,Machine-readable analysis field; definition follows the literal field name and source table grain.,float32,64,54.960044860839844,3.020514726638794,0,64
right,bases/block_11_gate.npz,655360,Machine-readable analysis field; definition follows the literal field name and source table grain.,float32,163840,0.8838085532188416,-0.18137378990650177,0,2560x64
left,bases/block_11_k.npz,655360,Machine-readable analysis field; definition follows the literal field name and source table grain.,float32,163840,0.1824904829263687,-0.17799194157123566,0,2560x64
singular_values,bases/block_11_k.npz,256,Machine-readable analysis field; definition follows the literal field name and source table grain.,float32,64,9.143148422241211,2.649183750152588,0,64
right,bases/block_11_k.npz,655360,Machine-readable analysis field; definition follows the literal field name and source table grain.,float32,163840,0.2592114806175232,-0.25652533769607544,0,2560x64
left,bases/block_11_o.npz,655360,Machine-readable analysis field; definition follows the literal field name and source table grain.,float32,163840,0.1289994865655899,-0.12328941375017166,0,2560x64
singular_values,bases/block_11_o.npz,256,Machine-readable analysis field; definition follows the literal field name and source table grain.,float32,64,7.017054557800293,4.857090950012207,0,64
right,bases/block_11_o.npz,655360,Machine-readable analysis field; definition follows the literal field name and source table grain.,float32,163840,0.1383451670408249,-0.1456163078546524,0,2560x64
left,bases/block_11_q.npz,655360,Machine-readable analysis field; definition follows the literal field name and source table grain.,float32,163840,0.1837734580039978,-0.18575911223888397,0,2560x64
singular_values,bases/block_11_q.npz,256,Machine-readable analysis field; definition follows the literal field name and source table grain.,float32,64,11.44173812866211,2.4744069576263428,0,64
right,bases/block_11_q.npz,655360,Machine-readable analysis field; definition follows the literal field name and source table grain.,float32,163840,0.17452526092529297,-0.20986245572566986,0,2560x64
left,bases/block_11_v.npz,655360,Machine-readable analysis field; definition follows the literal field name and source table grain.,float32,163840,0.13811533153057098,-0.16301359236240387,0,2560x64
singular_values,bases/block_11_v.npz,256,Machine-readable analysis field; definition follows the literal field name and source table grain.,float32,64,6.418142318725586,3.1398544311523438,0,64
right,bases/block_11_v.npz,655360,Machine-readable analysis field; definition follows the literal field name and source table grain.,float32,163840,0.1875605285167694,-0.1843230128288269,0,2560x64
left,bases/block_11_value.npz,1769472,Machine-readable analysis field; definition follows the literal field name and source table grain.,float32,442368,0.2192738652229309,-0.16629767417907715,0,6912x64
singular_values,bases/block_11_value.npz,256,Machine-readable analysis field; definition follows the literal field name and source table grain.,float32,64,6.104531288146973,2.82041335105896,0,64
right,bases/block_11_value.npz,655360,Machine-readable analysis field; definition follows the literal field name and source table grain.,float32,163840,0.15492844581604004,-0.1600901484489441,0,2560x64
left,bases/block_12_down.npz,655360,Machine-readable analysis field; definition follows the literal field name and source table grain.,float32,163840,0.15485024452209473,-0.12094112485647202,0,2560x64
singular_values,bases/block_12_down.npz,256,Machine-readable analysis field; definition follows the literal field name and source table grain.,float32,64,16.255998611450195,3.4179513454437256,0,64
right,bases/block_12_down.npz,1769472,Machine-readable analysis field; definition follows the literal field name and source table grain.,float32,442368,0.1271393597126007,-0.1583125740289688,0,6912x64
left,bases/block_12_gate.npz,1769472,Machine-readable analysis field; definition follows the literal field name and source table grain.,float32,442368,0.16455796360969543,-0.17161275446414948,0,6912x64
singular_values,bases/block_12_gate.npz,256,Machine-readable analysis field; definition follows the literal field name and source table grain.,float32,64,68.29866790771484,4.255153656005859,0,64
right,bases/block_12_gate.npz,655360,Machine-readable analysis field; definition follows the literal field name and source table grain.,float32,163840,0.18506868183612823,-0.22932499647140503,0,2560x64
left,bases/block_12_k.npz,655360,Machine-readable analysis field; definition follows the literal field name and source table grain.,float32,163840,0.15271669626235962,-0.1637766808271408,0,2560x64
singular_values,bases/block_12_k.npz,256,Machine-readable analysis field; definition follows the literal field name and source table grain.,float32,64,9.964250564575195,3.535895586013794,0,64
right,bases/block_12_k.npz,655360,Machine-readable analysis field; definition follows the literal field name and source table grain.,float32,163840,0.19747194647789001,-0.21081113815307617,0,2560x64
left,bases/block_12_o.npz,655360,Machine-readable analysis field; definition follows the literal field name and source table grain.,float32,163840,0.11417069286108017,-0.09247022867202759,0,2560x64
singular_values,bases/block_12_o.npz,256,Machine-readable analysis field; definition follows the literal field name and source table grain.,float32,64,7.721391677856445,4.816515922546387,0,64
right,bases/block_12_o.npz,655360,Machine-readable analysis field; definition follows the literal field name and source table grain.,float32,163840,0.24532534182071686,-0.24114419519901276,0,2560x64
left,bases/block_12_q.npz,655360,Machine-readable analysis field; definition follows the literal field name and source table grain.,float32,163840,0.15202167630195618,-0.14338348805904388,0,2560x64
singular_values,bases/block_12_q.npz,256,Machine-readable analysis field; definition follows the literal field name and source table grain.,float32,64,17.92019271850586,3.342421770095825,0,64
right,bases/block_12_q.npz,655360,Machine-readable analysis field; definition follows the literal field name and source table grain.,float32,163840,0.22134913504123688,-0.2107023447751999,0,2560x64
left,bases/block_12_v.npz,655360,Machine-readable analysis field; definition follows the literal field name and source table grain.,float32,163840,0.16520270705223083,-0.14284947514533997,0,2560x64
singular_values,bases/block_12_v.npz,256,Machine-readable analysis field; definition follows the literal field name and source table grain.,float32,64,7.221484184265137,3.959498643875122,0,64
right,bases/block_12_v.npz,655360,Machine-readable analysis field; definition follows the literal field name and source table grain.,float32,163840,0.1272115409374237,-0.11934242397546768,0,2560x64
left,bases/block_12_value.npz,1769472,Machine-readable analysis field; definition follows the literal field name and source table grain.,float32,442368,0.14298824965953827,-0.1777462661266327,0,6912x64
singular_values,bases/block_12_value.npz,256,Machine-readable analysis field; definition follows the literal field name and source table grain.,float32,64,13.565284729003906,3.340082883834839,0,64
right,bases/block_12_value.npz,655360,Machine-readable analysis field; definition follows the literal field name and source table grain.,float32,163840,0.12566246092319489,-0.1377355456352234,0,2560x64
left,bases/block_13_down.npz,655360,Machine-readable analysis field; definition follows the literal field name and source table grain.,float32,163840,0.20079289376735687,-0.19068700075149536,0,2560x64
singular_values,bases/block_13_down.npz,256,Machine-readable analysis field; definition follows the literal field name and source table grain.,float32,64,13.241220474243164,3.3283023834228516,0,64
right,bases/block_13_down.npz,1769472,Machine-readable analysis field; definition follows the literal field name and source table grain.,float32,442368,0.155386283993721,-0.15058636665344238,0,6912x64
left,bases/block_13_gate.npz,1769472,Machine-readable analysis field; definition follows the literal field name and source table grain.,float32,442368,0.16109591722488403,-0.1325744241476059,0,6912x64
singular_values,bases/block_13_gate.npz,256,Machine-readable analysis field; definition follows the literal field name and source table grain.,float32,64,61.53279495239258,4.6956071853637695,0,64
right,bases/block_13_gate.npz,655360,Machine-readable analysis field; definition follows the literal field name and source table grain.,float32,163840,0.19938860833644867,-0.23469173908233643,0,2560x64
left,bases/block_13_k.npz,655360,Machine-readable analysis field; definition follows the literal field name and source table grain.,float32,163840,0.1939399391412735,-0.1851891428232193,0,2560x64
singular_values,bases/block_13_k.npz,256,Machine-readable analysis field; definition follows the literal field name and source table grain.,float32,64,11.154870986938477,4.070793628692627,0,64
right,bases/block_13_k.npz,655360,Machine-readable analysis field; definition follows the literal field name and source table grain.,float32,163840,0.19289766252040863,-0.19635948538780212,0,2560x64
left,bases/block_13_o.npz,655360,Machine-readable analysis field; definition follows the literal field name and source table grain.,float32,163840,0.098061703145504,-0.08151164650917053,0,2560x64
singular_values,bases/block_13_o.npz,256,Machine-readable analysis field; definition follows the literal field name and source table grain.,float32,64,7.258525848388672,4.806899070739746,0,64
right,bases/block_13_o.npz,655360,Machine-readable analysis field; definition follows the literal field name and source table grain.,float32,163840,0.17253045737743378,-0.15653885900974274,0,2560x64
left,bases/block_13_q.npz,655360,Machine-readable analysis field; definition follows the literal field name and source table grain.,float32,163840,0.19879384338855743,-0.20752203464508057,0,2560x64
singular_values,bases/block_13_q.npz,256,Machine-readable analysis field; definition follows the literal field name and source table grain.,float32,64,20.91111946105957,3.727020740509033,0,64
right,bases/block_13_q.npz,655360,Machine-readable analysis field; definition follows the literal field name and source table grain.,float32,163840,0.1619807779788971,-0.18477129936218262,0,2560x64
left,bases/block_13_v.npz,655360,Machine-readable analysis field; definition follows the literal field name and source table grain.,float32,163840,0.13003674149513245,-0.12370278686285019,0,2560x64
singular_values,bases/block_13_v.npz,256,Machine-readable analysis field; definition follows the literal field name and source table grain.,float32,64,7.747223854064941,4.570528984069824,0,64
right,bases/block_13_v.npz,655360,Machine-readable analysis field; definition follows the literal field name and source table grain.,float32,163840,0.11191195249557495,-0.10744500160217285,0,2560x64
left,bases/block_13_value.npz,1769472,Machine-readable analysis field; definition follows the literal field name and source table grain.,float32,442368,0.27056968212127686,-0.1660926342010498,0,6912x64
singular_values,bases/block_13_value.npz,256,Machine-readable analysis field; definition follows the literal field name and source table grain.,float32,64,11.27153491973877,3.4169483184814453,0,64
right,bases/block_13_value.npz,655360,Machine-readable analysis field; definition follows the literal field name and source table grain.,float32,163840,0.13025501370429993,-0.15205220878124237,0,2560x64
left,bases/block_14_down.npz,655360,Machine-readable analysis field; definition follows the literal field name and source table grain.,float32,163840,0.19648206233978271,-0.16840918362140656,0,2560x64
singular_values,bases/block_14_down.npz,256,Machine-readable analysis field; definition follows the literal field name and source table grain.,float32,64,11.894659042358398,3.3542535305023193,0,64
right,bases/block_14_down.npz,1769472,Machine-readable analysis field; definition follows the literal field name and source table grain.,float32,442368,0.14205706119537354,-0.16193009912967682,0,6912x64
left,bases/block_14_gate.npz,1769472,Machine-readable analysis field; definition follows the literal field name and source table grain.,float32,442368,0.1639222949743271,-0.145649716258049,0,6912x64
singular_values,bases/block_14_gate.npz,256,Machine-readable analysis field; definition follows the literal field name and source table grain.,float32,64,57.931434631347656,4.664665222167969,0,64
right,bases/block_14_gate.npz,655360,Machine-readable analysis field; definition follows the literal field name and source table grain.,float32,163840,0.20042556524276733,-0.2393469214439392,0,2560x64
left,bases/block_14_k.npz,655360,Machine-readable analysis field; definition follows the literal field name and source table grain.,float32,163840,0.16920910775661469,-0.173885315656662,0,2560x64
singular_values,bases/block_14_k.npz,256,Machine-readable analysis field; definition follows the literal field name and source table grain.,float32,64,13.609865188598633,3.9335601329803467,0,64
right,bases/block_14_k.npz,655360,Machine-readable analysis field; definition follows the literal field name and source table grain.,float32,163840,0.19051681458950043,-0.20059530436992645,0,2560x64
left,bases/block_14_o.npz,655360,Machine-readable analysis field; definition follows the literal field name and source table grain.,float32,163840,0.11399556696414948,-0.11620310693979263,0,2560x64
singular_values,bases/block_14_o.npz,256,Machine-readable analysis field; definition follows the literal field name and source table grain.,float32,64,8.950813293457031,5.012755393981934,0,64
right,bases/block_14_o.npz,655360,Machine-readable analysis field; definition follows the literal field name and source table grain.,float32,163840,0.19901661574840546,-0.18879783153533936,0,2560x64
left,bases/block_14_q.npz,655360,Machine-readable analysis field; definition follows the literal field name and source table grain.,float32,163840,0.1361216902732849,-0.1406911164522171,0,2560x64
singular_values,bases/block_14_q.npz,256,Machine-readable analysis field; definition follows the literal field name and source table grain.,float32,64,17.975317001342773,3.5838820934295654,0,64
right,bases/block_14_q.npz,655360,Machine-readable analysis field; definition follows the literal field name and source table grain.,float32,163840,0.23672808706760406,-0.24387657642364502,0,2560x64
left,bases/block_14_v.npz,655360,Machine-readable analysis field; definition follows the literal field name and source table grain.,float32,163840,0.16294942796230316,-0.11576616764068604,0,2560x64
singular_values,bases/block_14_v.npz,256,Machine-readable analysis field; definition follows the literal field name and source table grain.,float32,64,7.673459529876709,4.589166641235352,0,64
right,bases/block_14_v.npz,655360,Machine-readable analysis field; definition follows the literal field name and source table grain.,float32,163840,0.11047980189323425,-0.10934501886367798,0,2560x64
left,bases/block_14_value.npz,1769472,Machine-readable analysis field; definition follows the literal field name and source table grain.,float32,442368,0.25649312138557434,-0.18501310050487518,0,6912x64
singular_values,bases/block_14_value.npz,256,Machine-readable analysis field; definition follows the literal field name and source table grain.,float32,64,10.082006454467773,3.503791570663452,0,64
right,bases/block_14_value.npz,655360,Machine-readable analysis field; definition follows the literal field name and source table grain.,float32,163840,0.2274683713912964,-0.1583564281463623,0,2560x64
left,bases/block_15_down.npz,655360,Machine-readable analysis field; definition follows the literal field name and source table grain.,float32,163840,0.29059621691703796,-0.35931310057640076,0,2560x64
singular_values,bases/block_15_down.npz,256,Machine-readable analysis field; definition follows the literal field name and source table grain.,float32,64,10.757872581481934,3.132377862930298,0,64
right,bases/block_15_down.npz,1769472,Machine-readable analysis field; definition follows the literal field name and source table grain.,float32,442368,0.1548713594675064,-0.16018587350845337,0,6912x64
left,bases/block_15_gate.npz,1769472,Machine-readable analysis field; definition follows the literal field name and source table grain.,float32,442368,0.1779966950416565,-0.17937183380126953,0,6912x64
singular_values,bases/block_15_gate.npz,256,Machine-readable analysis field; definition follows the literal field name and source table grain.,float32,64,63.008602142333984,4.251801013946533,0,64
right,bases/block_15_gate.npz,655360,Machine-readable analysis field; definition follows the literal field name and source table grain.,float32,163840,0.18993857502937317,-0.17862141132354736,0,2560x64
left,bases/block_15_k.npz,655360,Machine-readable analysis field; definition follows the literal field name and source table grain.,float32,163840,0.16178227961063385,-0.14918862283229828,0,2560x64
singular_values,bases/block_15_k.npz,256,Machine-readable analysis field; definition follows the literal field name and source table grain.,float32,64,9.391566276550293,2.982762098312378,0,64
right,bases/block_15_k.npz,655360,Machine-readable analysis field; definition follows the literal field name and source table grain.,float32,163840,0.24394918978214264,-0.23940330743789673,0,2560x64
left,bases/block_15_o.npz,655360,Machine-readable analysis field; definition follows the literal field name and source table grain.,float32,163840,0.17373350262641907,-0.12171072512865067,0,2560x64
singular_values,bases/block_15_o.npz,256,Machine-readable analysis field; definition follows the literal field name and source table grain.,float32,64,6.909596920013428,4.714409828186035,0,64
right,bases/block_15_o.npz,655360,Machine-readable analysis field; definition follows the literal field name and source table grain.,float32,163840,0.16054128110408783,-0.15964463353157043,0,2560x64
left,bases/block_15_q.npz,655360,Machine-readable analysis field; definition follows the literal field name and source table grain.,float32,163840,0.17045046389102936,-0.16539455950260162,0,2560x64
singular_values,bases/block_15_q.npz,256,Machine-readable analysis field; definition follows the literal field name and source table grain.,float32,64,14.5675687789917,2.6668996810913086,0,64
right,bases/block_15_q.npz,655360,Machine-readable analysis field; definition follows the literal field name and source table grain.,float32,163840,0.2557929456233978,-0.27853575348854065,0,2560x64
left,bases/block_15_v.npz,655360,Machine-readable analysis field; definition follows the literal field name and source table grain.,float32,163840,0.13021084666252136,-0.14108100533485413,0,2560x64
singular_values,bases/block_15_v.npz,256,Machine-readable analysis field; definition follows the literal field name and source table grain.,float32,64,6.45960807800293,3.6110877990722656,0,64
right,bases/block_15_v.npz,655360,Machine-readable analysis field; definition follows the literal field name and source table grain.,float32,163840,0.1257402002811432,-0.13122539222240448,0,2560x64
left,bases/block_15_value.npz,1769472,Machine-readable analysis field; definition follows the literal field name and source table grain.,float32,442368,0.26964041590690613,-0.3039672374725342,0,6912x64
singular_values,bases/block_15_value.npz,256,Machine-readable analysis field; definition follows the literal field name and source table grain.,float32,64,9.844024658203125,3.3577404022216797,0,64
right,bases/block_15_value.npz,655360,Machine-readable analysis field; definition follows the literal field name and source table grain.,float32,163840,0.10102351754903793,-0.10555442422628403,0,2560x64
left,bases/block_16_down.npz,655360,Machine-readable analysis field; definition follows the literal field name and source table grain.,float32,163840,0.31882354617118835,-0.37865638732910156,0,2560x64
singular_values,bases/block_16_down.npz,256,Machine-readable analysis field; definition follows the literal field name and source table grain.,float32,64,11.598548889160156,3.336672067642212,0,64
right,bases/block_16_down.npz,1769472,Machine-readable analysis field; definition follows the literal field name and source table grain.,float32,442368,0.15729229152202606,-0.20220230519771576,0,6912x64
left,bases/block_16_gate.npz,1769472,Machine-readable analysis field; definition follows the literal field name and source table grain.,float32,442368,0.16088663041591644,-0.1429746150970459,0,6912x64
singular_values,bases/block_16_gate.npz,256,Machine-readable analysis field; definition follows the literal field name and source table grain.,float32,64,62.013057708740234,4.745875835418701,0,64
right,bases/block_16_gate.npz,655360,Machine-readable analysis field; definition follows the literal field name and source table grain.,float32,163840,0.16266903281211853,-0.23209595680236816,0,2560x64
left,bases/block_16_k.npz,655360,Machine-readable analysis field; definition follows the literal field name and source table grain.,float32,163840,0.13605616986751556,-0.1595747321844101,0,2560x64
singular_values,bases/block_16_k.npz,256,Machine-readable analysis field; definition follows the literal field name and source table grain.,float32,64,12.506616592407227,4.066446781158447,0,64
right,bases/block_16_k.npz,655360,Machine-readable analysis field; definition follows the literal field name and source table grain.,float32,163840,0.14236126840114594,-0.23335155844688416,0,2560x64
left,bases/block_16_o.npz,655360,Machine-readable analysis field; definition follows the literal field name and source table grain.,float32,163840,0.08972813189029694,-0.09016412496566772,0,2560x64
singular_values,bases/block_16_o.npz,256,Machine-readable analysis field; definition follows the literal field name and source table grain.,float32,64,6.64808464050293,4.606479167938232,0,64
right,bases/block_16_o.npz,655360,Machine-readable analysis field; definition follows the literal field name and source table grain.,float32,163840,0.17240354418754578,-0.18202340602874756,0,2560x64
left,bases/block_16_q.npz,655360,Machine-readable analysis field; definition follows the literal field name and source table grain.,float32,163840,0.12914808094501495,-0.13086014986038208,0,2560x64
singular_values,bases/block_16_q.npz,256,Machine-readable analysis field; definition follows the literal field name and source table grain.,float32,64,19.073558807373047,3.6786751747131348,0,64
right,bases/block_16_q.npz,655360,Machine-readable analysis field; definition follows the literal field name and source table grain.,float32,163840,0.2091236561536789,-0.15006591379642487,0,2560x64
left,bases/block_16_v.npz,655360,Machine-readable analysis field; definition follows the literal field name and source table grain.,float32,163840,0.12485415488481522,-0.12018578499555588,0,2560x64
singular_values,bases/block_16_v.npz,256,Machine-readable analysis field; definition follows the literal field name and source table grain.,float32,64,7.2793169021606445,4.675029754638672,0,64
right,bases/block_16_v.npz,655360,Machine-readable analysis field; definition follows the literal field name and source table grain.,float32,163840,0.0960235446691513,-0.10508038103580475,0,2560x64
left,bases/block_16_value.npz,1769472,Machine-readable analysis field; definition follows the literal field name and source table grain.,float32,442368,0.19367526471614838,-0.17283667623996735,0,6912x64
singular_values,bases/block_16_value.npz,256,Machine-readable analysis field; definition follows the literal field name and source table grain.,float32,64,10.613122940063477,3.6730661392211914,0,64
right,bases/block_16_value.npz,655360,Machine-readable analysis field; definition follows the literal field name and source table grain.,float32,163840,0.10473904758691788,-0.10048621892929077,0,2560x64
left,bases/block_17_down.npz,655360,Machine-readable analysis field; definition follows the literal field name and source table grain.,float32,163840,0.33523085713386536,-0.3820149004459381,0,2560x64
singular_values,bases/block_17_down.npz,256,Machine-readable analysis field; definition follows the literal field name and source table grain.,float32,64,17.3958797454834,3.5092480182647705,0,64
right,bases/block_17_down.npz,1769472,Machine-readable analysis field; definition follows the literal field name and source table grain.,float32,442368,0.20642876625061035,-0.17615365982055664,0,6912x64
left,bases/block_17_gate.npz,1769472,Machine-readable analysis field; definition follows the literal field name and source table grain.,float32,442368,0.1563703864812851,-0.13658946752548218,0,6912x64
singular_values,bases/block_17_gate.npz,256,Machine-readable analysis field; definition follows the literal field name and source table grain.,float32,64,72.43070220947266,4.7201762199401855,0,64
right,bases/block_17_gate.npz,655360,Machine-readable analysis field; definition follows the literal field name and source table grain.,float32,163840,0.14307355880737305,-0.21860770881175995,0,2560x64
left,bases/block_17_k.npz,655360,Machine-readable analysis field; definition follows the literal field name and source table grain.,float32,163840,0.1546352654695511,-0.15314458310604095,0,2560x64
singular_values,bases/block_17_k.npz,256,Machine-readable analysis field; definition follows the literal field name and source table grain.,float32,64,14.671646118164062,4.151739120483398,0,64
right,bases/block_17_k.npz,655360,Machine-readable analysis field; definition follows the literal field name and source table grain.,float32,163840,0.14302965998649597,-0.1520456224679947,0,2560x64
left,bases/block_17_o.npz,655360,Machine-readable analysis field; definition follows the literal field name and source table grain.,float32,163840,0.09258813410997391,-0.10324987024068832,0,2560x64
singular_values,bases/block_17_o.npz,256,Machine-readable analysis field; definition follows the literal field name and source table grain.,float32,64,6.216426372528076,4.653709411621094,0,64
right,bases/block_17_o.npz,655360,Machine-readable analysis field; definition follows the literal field name and source table grain.,float32,163840,0.14468179643154144,-0.14241880178451538,0,2560x64
left,bases/block_17_q.npz,655360,Machine-readable analysis field; definition follows the literal field name and source table grain.,float32,163840,0.13903453946113586,-0.14201197028160095,0,2560x64
singular_values,bases/block_17_q.npz,256,Machine-readable analysis field; definition follows the literal field name and source table grain.,float32,64,17.021484375,3.7521684169769287,0,64
right,bases/block_17_q.npz,655360,Machine-readable analysis field; definition follows the literal field name and source table grain.,float32,163840,0.1986454427242279,-0.1192566305398941,0,2560x64
left,bases/block_17_v.npz,655360,Machine-readable analysis field; definition follows the literal field name and source table grain.,float32,163840,0.12357453256845474,-0.1306922733783722,0,2560x64
singular_values,bases/block_17_v.npz,256,Machine-readable analysis field; definition follows the literal field name and source table grain.,float32,64,7.695598602294922,4.696800231933594,0,64
right,bases/block_17_v.npz,655360,Machine-readable analysis field; definition follows the literal field name and source table grain.,float32,163840,0.1008298322558403,-0.1081964373588562,0,2560x64
left,bases/block_17_value.npz,1769472,Machine-readable analysis field; definition follows the literal field name and source table grain.,float32,442368,0.17414668202400208,-0.18894405663013458,0,6912x64
singular_values,bases/block_17_value.npz,256,Machine-readable analysis field; definition follows the literal field name and source table grain.,float32,64,14.775017738342285,3.895153284072876,0,64
right,bases/block_17_value.npz,655360,Machine-readable analysis field; definition follows the literal field name and source table grain.,float32,163840,0.10209831595420837,-0.10840803384780884,0,2560x64
left,bases/block_18_down.npz,655360,Machine-readable analysis field; definition follows the literal field name and source table grain.,float32,163840,0.29001349210739136,-0.3152441382408142,0,2560x64
singular_values,bases/block_18_down.npz,256,Machine-readable analysis field; definition follows the literal field name and source table grain.,float32,64,14.150249481201172,3.7012155055999756,0,64
right,bases/block_18_down.npz,1769472,Machine-readable analysis field; definition follows the literal field name and source table grain.,float32,442368,0.11636524647474289,-0.12129765748977661,0,6912x64
left,bases/block_18_gate.npz,1769472,Machine-readable analysis field; definition follows the literal field name and source table grain.,float32,442368,0.11375230550765991,-0.10642939060926437,0,6912x64
singular_values,bases/block_18_gate.npz,256,Machine-readable analysis field; definition follows the literal field name and source table grain.,float32,64,80.13714599609375,4.899716854095459,0,64
right,bases/block_18_gate.npz,655360,Machine-readable analysis field; definition follows the literal field name and source table grain.,float32,163840,0.14388035237789154,-0.22376632690429688,0,2560x64
left,bases/block_18_k.npz,655360,Machine-readable analysis field; definition follows the literal field name and source table grain.,float32,163840,0.154240220785141,-0.1430870145559311,0,2560x64
singular_values,bases/block_18_k.npz,256,Machine-readable analysis field; definition follows the literal field name and source table grain.,float32,64,14.568166732788086,4.5217084884643555,0,64
right,bases/block_18_k.npz,655360,Machine-readable analysis field; definition follows the literal field name and source table grain.,float32,163840,0.1298588216304779,-0.137643963098526,0,2560x64
left,bases/block_18_o.npz,655360,Machine-readable analysis field; definition follows the literal field name and source table grain.,float32,163840,0.11987409740686417,-0.13347367942333221,0,2560x64
singular_values,bases/block_18_o.npz,256,Machine-readable analysis field; definition follows the literal field name and source table grain.,float32,64,7.632806301116943,5.0170087814331055,0,64
right,bases/block_18_o.npz,655360,Machine-readable analysis field; definition follows the literal field name and source table grain.,float32,163840,0.19276954233646393,-0.19645832479000092,0,2560x64
left,bases/block_18_q.npz,655360,Machine-readable analysis field; definition follows the literal field name and source table grain.,float32,163840,0.14721772074699402,-0.11701389402151108,0,2560x64
singular_values,bases/block_18_q.npz,256,Machine-readable analysis field; definition follows the literal field name and source table grain.,float32,64,19.130155563354492,4.086560249328613,0,64
right,bases/block_18_q.npz,655360,Machine-readable analysis field; definition follows the literal field name and source table grain.,float32,163840,0.2743849456310272,-0.12383898347616196,0,2560x64
left,bases/block_18_v.npz,655360,Machine-readable analysis field; definition follows the literal field name and source table grain.,float32,163840,0.11087928712368011,-0.1000465676188469,0,2560x64
singular_values,bases/block_18_v.npz,256,Machine-readable analysis field; definition follows the literal field name and source table grain.,float32,64,7.786707401275635,5.035808563232422,0,64
right,bases/block_18_v.npz,655360,Machine-readable analysis field; definition follows the literal field name and source table grain.,float32,163840,0.09459654241800308,-0.09091788530349731,0,2560x64
left,bases/block_18_value.npz,1769472,Machine-readable analysis field; definition follows the literal field name and source table grain.,float32,442368,0.126606747508049,-0.12915244698524475,0,6912x64
singular_values,bases/block_18_value.npz,256,Machine-readable analysis field; definition follows the literal field name and source table grain.,float32,64,14.449918746948242,4.220643997192383,0,64
right,bases/block_18_value.npz,655360,Machine-readable analysis field; definition follows the literal field name and source table grain.,float32,163840,0.12530861794948578,-0.09182550758123398,0,2560x64
left,bases/block_19_down.npz,655360,Machine-readable analysis field; definition follows the literal field name and source table grain.,float32,163840,0.30515310168266296,-0.25161513686180115,0,2560x64
singular_values,bases/block_19_down.npz,256,Machine-readable analysis field; definition follows the literal field name and source table grain.,float32,64,11.94021224975586,3.8506221771240234,0,64
right,bases/block_19_down.npz,1769472,Machine-readable analysis field; definition follows the literal field name and source table grain.,float32,442368,0.11554401367902756,-0.11445848643779755,0,6912x64
left,bases/block_19_gate.npz,1769472,Machine-readable analysis field; definition follows the literal field name and source table grain.,float32,442368,0.10802708566188812,-0.11262889951467514,0,6912x64
singular_values,bases/block_19_gate.npz,256,Machine-readable analysis field; definition follows the literal field name and source table grain.,float32,64,80.33892822265625,4.9431986808776855,0,64
right,bases/block_19_gate.npz,655360,Machine-readable analysis field; definition follows the literal field name and source table grain.,float32,163840,0.28497612476348877,-0.14361855387687683,0,2560x64
left,bases/block_19_k.npz,655360,Machine-readable analysis field; definition follows the literal field name and source table grain.,float32,163840,0.12762847542762756,-0.12918001413345337,0,2560x64
singular_values,bases/block_19_k.npz,256,Machine-readable analysis field; definition follows the literal field name and source table grain.,float32,64,13.569744110107422,4.600489616394043,0,64
right,bases/block_19_k.npz,655360,Machine-readable analysis field; definition follows the literal field name and source table grain.,float32,163840,0.1496267467737198,-0.15548616647720337,0,2560x64
left,bases/block_19_o.npz,655360,Machine-readable analysis field; definition follows the literal field name and source table grain.,float32,163840,0.19579584896564484,-0.16209033131599426,0,2560x64
singular_values,bases/block_19_o.npz,256,Machine-readable analysis field; definition follows the literal field name and source table grain.,float32,64,7.10791015625,4.9409098625183105,0,64
right,bases/block_19_o.npz,655360,Machine-readable analysis field; definition follows the literal field name and source table grain.,float32,163840,0.24310210347175598,-0.2408384531736374,0,2560x64
left,bases/block_19_q.npz,655360,Machine-readable analysis field; definition follows the literal field name and source table grain.,float32,163840,0.12826737761497498,-0.14136803150177002,0,2560x64
singular_values,bases/block_19_q.npz,256,Machine-readable analysis field; definition follows the literal field name and source table grain.,float32,64,16.2694091796875,4.155755996704102,0,64
right,bases/block_19_q.npz,655360,Machine-readable analysis field; definition follows the literal field name and source table grain.,float32,163840,0.11304499208927155,-0.17108336091041565,0,2560x64
left,bases/block_19_v.npz,655360,Machine-readable analysis field; definition follows the literal field name and source table grain.,float32,163840,0.11055536568164825,-0.12238167971372604,0,2560x64
singular_values,bases/block_19_v.npz,256,Machine-readable analysis field; definition follows the literal field name and source table grain.,float32,64,7.8093791007995605,5.037286281585693,0,64
right,bases/block_19_v.npz,655360,Machine-readable analysis field; definition follows the literal field name and source table grain.,float32,163840,0.10743959248065948,-0.10954146832227707,0,2560x64
left,bases/block_19_value.npz,1769472,Machine-readable analysis field; definition follows the literal field name and source table grain.,float32,442368,0.14508049190044403,-0.1932593435049057,0,6912x64
singular_values,bases/block_19_value.npz,256,Machine-readable analysis field; definition follows the literal field name and source table grain.,float32,64,14.599376678466797,4.549152374267578,0,64
right,bases/block_19_value.npz,655360,Machine-readable analysis field; definition follows the literal field name and source table grain.,float32,163840,0.10000994801521301,-0.09443109482526779,0,2560x64
left,bases/block_20_down.npz,655360,Machine-readable analysis field; definition follows the literal field name and source table grain.,float32,163840,0.260823130607605,-0.23368839919567108,0,2560x64
singular_values,bases/block_20_down.npz,256,Machine-readable analysis field; definition follows the literal field name and source table grain.,float32,64,13.549056053161621,3.789978265762329,0,64
right,bases/block_20_down.npz,1769472,Machine-readable analysis field; definition follows the literal field name and source table grain.,float32,442368,0.11246039718389511,-0.11487116664648056,0,6912x64
left,bases/block_20_gate.npz,1769472,Machine-readable analysis field; definition follows the literal field name and source table grain.,float32,442368,0.12411143630743027,-0.11120134592056274,0,6912x64
singular_values,bases/block_20_gate.npz,256,Machine-readable analysis field; definition follows the literal field name and source table grain.,float32,64,86.13367462158203,4.713336944580078,0,64
right,bases/block_20_gate.npz,655360,Machine-readable analysis field; definition follows the literal field name and source table grain.,float32,163840,0.09925325214862823,-0.2733296751976013,0,2560x64
left,bases/block_20_k.npz,655360,Machine-readable analysis field; definition follows the literal field name and source table grain.,float32,163840,0.14710228145122528,-0.1405203640460968,0,2560x64
singular_values,bases/block_20_k.npz,256,Machine-readable analysis field; definition follows the literal field name and source table grain.,float32,64,14.159188270568848,4.441920280456543,0,64
right,bases/block_20_k.npz,655360,Machine-readable analysis field; definition follows the literal field name and source table grain.,float32,163840,0.13615299761295319,-0.14701439440250397,0,2560x64
left,bases/block_20_o.npz,655360,Machine-readable analysis field; definition follows the literal field name and source table grain.,float32,163840,0.36527353525161743,-0.3882388174533844,0,2560x64
singular_values,bases/block_20_o.npz,256,Machine-readable analysis field; definition follows the literal field name and source table grain.,float32,64,7.2415642738342285,4.878931999206543,0,64
right,bases/block_20_o.npz,655360,Machine-readable analysis field; definition follows the literal field name and source table grain.,float32,163840,0.19856370985507965,-0.17192018032073975,0,2560x64
left,bases/block_20_q.npz,655360,Machine-readable analysis field; definition follows the literal field name and source table grain.,float32,163840,0.16011591255664825,-0.16754615306854248,0,2560x64
singular_values,bases/block_20_q.npz,256,Machine-readable analysis field; definition follows the literal field name and source table grain.,float32,64,18.110519409179688,4.017594814300537,0,64
right,bases/block_20_q.npz,655360,Machine-readable analysis field; definition follows the literal field name and source table grain.,float32,163840,0.211514413356781,-0.14306358993053436,0,2560x64
left,bases/block_20_v.npz,655360,Machine-readable analysis field; definition follows the literal field name and source table grain.,float32,163840,0.1086025983095169,-0.10205438733100891,0,2560x64
singular_values,bases/block_20_v.npz,256,Machine-readable analysis field; definition follows the literal field name and source table grain.,float32,64,7.3026628494262695,4.8218512535095215,0,64
right,bases/block_20_v.npz,655360,Machine-readable analysis field; definition follows the literal field name and source table grain.,float32,163840,0.10698096454143524,-0.10381638258695602,0,2560x64
left,bases/block_20_value.npz,1769472,Machine-readable analysis field; definition follows the literal field name and source table grain.,float32,442368,0.12348669022321701,-0.1420344114303589,0,6912x64
singular_values,bases/block_20_value.npz,256,Machine-readable analysis field; definition follows the literal field name and source table grain.,float32,64,15.773402214050293,4.40749454498291,0,64
right,bases/block_20_value.npz,655360,Machine-readable analysis field; definition follows the literal field name and source table grain.,float32,163840,0.09803750365972519,-0.09913185983896255,0,2560x64
left,bases/block_21_down.npz,655360,Machine-readable analysis field; definition follows the literal field name and source table grain.,float32,163840,0.2627269923686981,-0.26204994320869446,0,2560x64
singular_values,bases/block_21_down.npz,256,Machine-readable analysis field; definition follows the literal field name and source table grain.,float32,64,14.872352600097656,3.8009941577911377,0,64
right,bases/block_21_down.npz,1769472,Machine-readable analysis field; definition follows the literal field name and source table grain.,float32,442368,0.12446288764476776,-0.10783155262470245,0,6912x64
left,bases/block_21_gate.npz,1769472,Machine-readable analysis field; definition follows the literal field name and source table grain.,float32,442368,0.12139751762151718,-0.12230740487575531,0,6912x64
singular_values,bases/block_21_gate.npz,256,Machine-readable analysis field; definition follows the literal field name and source table grain.,float32,64,84.4810562133789,4.759804725646973,0,64
right,bases/block_21_gate.npz,655360,Machine-readable analysis field; definition follows the literal field name and source table grain.,float32,163840,0.15291713178157806,-0.2259446531534195,0,2560x64
left,bases/block_21_k.npz,655360,Machine-readable analysis field; definition follows the literal field name and source table grain.,float32,163840,0.13150297105312347,-0.13627971708774567,0,2560x64
singular_values,bases/block_21_k.npz,256,Machine-readable analysis field; definition follows the literal field name and source table grain.,float32,64,16.055335998535156,4.45101261138916,0,64
right,bases/block_21_k.npz,655360,Machine-readable analysis field; definition follows the literal field name and source table grain.,float32,163840,0.13491474092006683,-0.13923826813697815,0,2560x64
left,bases/block_21_o.npz,655360,Machine-readable analysis field; definition follows the literal field name and source table grain.,float32,163840,0.21788641810417175,-0.20664651691913605,0,2560x64
singular_values,bases/block_21_o.npz,256,Machine-readable analysis field; definition follows the literal field name and source table grain.,float32,64,7.533610820770264,5.049591064453125,0,64
right,bases/block_21_o.npz,655360,Machine-readable analysis field; definition follows the literal field name and source table grain.,float32,163840,0.24708347022533417,-0.23425965011119843,0,2560x64
left,bases/block_21_q.npz,655360,Machine-readable analysis field; definition follows the literal field name and source table grain.,float32,163840,0.1497785896062851,-0.14552004635334015,0,2560x64
singular_values,bases/block_21_q.npz,256,Machine-readable analysis field; definition follows the literal field name and source table grain.,float32,64,19.432588577270508,4.046458721160889,0,64
right,bases/block_21_q.npz,655360,Machine-readable analysis field; definition follows the literal field name and source table grain.,float32,163840,0.2535954415798187,-0.14738914370536804,0,2560x64
left,bases/block_21_v.npz,655360,Machine-readable analysis field; definition follows the literal field name and source table grain.,float32,163840,0.11607179045677185,-0.10565534234046936,0,2560x64
singular_values,bases/block_21_v.npz,256,Machine-readable analysis field; definition follows the literal field name and source table grain.,float32,64,7.691194534301758,5.0322980880737305,0,64
right,bases/block_21_v.npz,655360,Machine-readable analysis field; definition follows the literal field name and source table grain.,float32,163840,0.09901517629623413,-0.09452871233224869,0,2560x64
left,bases/block_21_value.npz,1769472,Machine-readable analysis field; definition follows the literal field name and source table grain.,float32,442368,0.11816083639860153,-0.12131500244140625,0,6912x64
singular_values,bases/block_21_value.npz,256,Machine-readable analysis field; definition follows the literal field name and source table grain.,float32,64,18.60748291015625,4.31441593170166,0,64
right,bases/block_21_value.npz,655360,Machine-readable analysis field; definition follows the literal field name and source table grain.,float32,163840,0.1379806399345398,-0.10643423348665237,0,2560x64
left,bases/block_22_down.npz,655360,Machine-readable analysis field; definition follows the literal field name and source table grain.,float32,163840,0.18887746334075928,-0.2742612361907959,0,2560x64
singular_values,bases/block_22_down.npz,256,Machine-readable analysis field; definition follows the literal field name and source table grain.,float32,64,15.912504196166992,4.0661540031433105,0,64
right,bases/block_22_down.npz,1769472,Machine-readable analysis field; definition follows the literal field name and source table grain.,float32,442368,0.08966802805662155,-0.1191624328494072,0,6912x64
left,bases/block_22_gate.npz,1769472,Machine-readable analysis field; definition follows the literal field name and source table grain.,float32,442368,0.14521828293800354,-0.0962737575173378,0,6912x64
singular_values,bases/block_22_gate.npz,256,Machine-readable analysis field; definition follows the literal field name and source table grain.,float32,64,91.40435028076172,4.884985446929932,0,64
right,bases/block_22_gate.npz,655360,Machine-readable analysis field; definition follows the literal field name and source table grain.,float32,163840,0.2355818748474121,-0.12827908992767334,0,2560x64
left,bases/block_22_k.npz,655360,Machine-readable analysis field; definition follows the literal field name and source table grain.,float32,163840,0.14510978758335114,-0.14584143459796906,0,2560x64
singular_values,bases/block_22_k.npz,256,Machine-readable analysis field; definition follows the literal field name and source table grain.,float32,64,13.334259033203125,4.2668938636779785,0,64
right,bases/block_22_k.npz,655360,Machine-readable analysis field; definition follows the literal field name and source table grain.,float32,163840,0.15020935237407684,-0.1158507913351059,0,2560x64
left,bases/block_22_o.npz,655360,Machine-readable analysis field; definition follows the literal field name and source table grain.,float32,163840,0.3882802128791809,-0.3348327577114105,0,2560x64
singular_values,bases/block_22_o.npz,256,Machine-readable analysis field; definition follows the literal field name and source table grain.,float32,64,7.863103866577148,4.997119903564453,0,64
right,bases/block_22_o.npz,655360,Machine-readable analysis field; definition follows the literal field name and source table grain.,float32,163840,0.2055184543132782,-0.19121447205543518,0,2560x64
left,bases/block_22_q.npz,655360,Machine-readable analysis field; definition follows the literal field name and source table grain.,float32,163840,0.13048405945301056,-0.14420954883098602,0,2560x64
singular_values,bases/block_22_q.npz,256,Machine-readable analysis field; definition follows the literal field name and source table grain.,float32,64,18.997840881347656,3.8322572708129883,0,64
right,bases/block_22_q.npz,655360,Machine-readable analysis field; definition follows the literal field name and source table grain.,float32,163840,0.2110130339860916,-0.30029377341270447,0,2560x64
left,bases/block_22_v.npz,655360,Machine-readable analysis field; definition follows the literal field name and source table grain.,float32,163840,0.12886065244674683,-0.12663613259792328,0,2560x64
singular_values,bases/block_22_v.npz,256,Machine-readable analysis field; definition follows the literal field name and source table grain.,float32,64,6.837730884552002,4.652827262878418,0,64
right,bases/block_22_v.npz,655360,Machine-readable analysis field; definition follows the literal field name and source table grain.,float32,163840,0.09498481452465057,-0.10309749096632004,0,2560x64
left,bases/block_22_value.npz,1769472,Machine-readable analysis field; definition follows the literal field name and source table grain.,float32,442368,0.10178164392709732,-0.0999048575758934,0,6912x64
singular_values,bases/block_22_value.npz,256,Machine-readable analysis field; definition follows the literal field name and source table grain.,float32,64,17.39876365661621,4.704785346984863,0,64
right,bases/block_22_value.npz,655360,Machine-readable analysis field; definition follows the literal field name and source table grain.,float32,163840,0.10693500190973282,-0.13316881656646729,0,2560x64
left,bases/block_23_down.npz,655360,Machine-readable analysis field; definition follows the literal field name and source table grain.,float32,163840,0.2424946278333664,-0.2414659559726715,0,2560x64
singular_values,bases/block_23_down.npz,256,Machine-readable analysis field; definition follows the literal field name and source table grain.,float32,64,14.289606094360352,4.07563591003418,0,64
right,bases/block_23_down.npz,1769472,Machine-readable analysis field; definition follows the literal field name and source table grain.,float32,442368,0.08477195352315903,-0.1143856942653656,0,6912x64
left,bases/block_23_gate.npz,1769472,Machine-readable analysis field; definition follows the literal field name and source table grain.,float32,442368,0.11046428978443146,-0.08119235187768936,0,6912x64
singular_values,bases/block_23_gate.npz,256,Machine-readable analysis field; definition follows the literal field name and source table grain.,float32,64,87.43856048583984,4.822015762329102,0,64
right,bases/block_23_gate.npz,655360,Machine-readable analysis field; definition follows the literal field name and source table grain.,float32,163840,0.1969391405582428,-0.14171336591243744,0,2560x64
left,bases/block_23_k.npz,655360,Machine-readable analysis field; definition follows the literal field name and source table grain.,float32,163840,0.12345254421234131,-0.12588907778263092,0,2560x64
singular_values,bases/block_23_k.npz,256,Machine-readable analysis field; definition follows the literal field name and source table grain.,float32,64,15.884196281433105,4.191079139709473,0,64
right,bases/block_23_k.npz,655360,Machine-readable analysis field; definition follows the literal field name and source table grain.,float32,163840,0.15271048247814178,-0.15445472300052643,0,2560x64
left,bases/block_23_o.npz,655360,Machine-readable analysis field; definition follows the literal field name and source table grain.,float32,163840,0.38240736722946167,-0.3746323883533478,0,2560x64
singular_values,bases/block_23_o.npz,256,Machine-readable analysis field; definition follows the literal field name and source table grain.,float32,64,8.461164474487305,5.154192924499512,0,64
right,bases/block_23_o.npz,655360,Machine-readable analysis field; definition follows the literal field name and source table grain.,float32,163840,0.22645188868045807,-0.22378507256507874,0,2560x64
left,bases/block_23_q.npz,655360,Machine-readable analysis field; definition follows the literal field name and source table grain.,float32,163840,0.19793500006198883,-0.1966373771429062,0,2560x64
singular_values,bases/block_23_q.npz,256,Machine-readable analysis field; definition follows the literal field name and source table grain.,float32,64,19.21497344970703,3.830101490020752,0,64
right,bases/block_23_q.npz,655360,Machine-readable analysis field; definition follows the literal field name and source table grain.,float32,163840,0.29984185099601746,-0.2548942267894745,0,2560x64
left,bases/block_23_v.npz,655360,Machine-readable analysis field; definition follows the literal field name and source table grain.,float32,163840,0.12295321375131607,-0.11339734494686127,0,2560x64
singular_values,bases/block_23_v.npz,256,Machine-readable analysis field; definition follows the literal field name and source table grain.,float32,64,7.082903861999512,4.650827407836914,0,64
right,bases/block_23_v.npz,655360,Machine-readable analysis field; definition follows the literal field name and source table grain.,float32,163840,0.10687844455242157,-0.09954903274774551,0,2560x64
left,bases/block_23_value.npz,1769472,Machine-readable analysis field; definition follows the literal field name and source table grain.,float32,442368,0.09846965223550797,-0.10263920575380325,0,6912x64
singular_values,bases/block_23_value.npz,256,Machine-readable analysis field; definition follows the literal field name and source table grain.,float32,64,16.673004150390625,4.802249908447266,0,64
right,bases/block_23_value.npz,655360,Machine-readable analysis field; definition follows the literal field name and source table grain.,float32,163840,0.14134840667247772,-0.1108185425400734,0,2560x64
left,bases/block_24_down.npz,655360,Machine-readable analysis field; definition follows the literal field name and source table grain.,float32,163840,0.23643647134304047,-0.23193080723285675,0,2560x64
singular_values,bases/block_24_down.npz,256,Machine-readable analysis field; definition follows the literal field name and source table grain.,float32,64,14.148365020751953,4.120985984802246,0,64
right,bases/block_24_down.npz,1769472,Machine-readable analysis field; definition follows the literal field name and source table grain.,float32,442368,0.10125700384378433,-0.1051752120256424,0,6912x64
left,bases/block_24_gate.npz,1769472,Machine-readable analysis field; definition follows the literal field name and source table grain.,float32,442368,0.08676479011774063,-0.10158335417509079,0,6912x64
singular_values,bases/block_24_gate.npz,256,Machine-readable analysis field; definition follows the literal field name and source table grain.,float32,64,88.24530792236328,4.836453437805176,0,64
right,bases/block_24_gate.npz,655360,Machine-readable analysis field; definition follows the literal field name and source table grain.,float32,163840,0.15935347974300385,-0.15274202823638916,0,2560x64
left,bases/block_24_k.npz,655360,Machine-readable analysis field; definition follows the literal field name and source table grain.,float32,163840,0.13073278963565826,-0.14130376279354095,0,2560x64
singular_values,bases/block_24_k.npz,256,Machine-readable analysis field; definition follows the literal field name and source table grain.,float32,64,16.067983627319336,4.317739963531494,0,64
right,bases/block_24_k.npz,655360,Machine-readable analysis field; definition follows the literal field name and source table grain.,float32,163840,0.1463405340909958,-0.17976200580596924,0,2560x64
left,bases/block_24_o.npz,655360,Machine-readable analysis field; definition follows the literal field name and source table grain.,float32,163840,0.1296427845954895,-0.14788581430912018,0,2560x64
singular_values,bases/block_24_o.npz,256,Machine-readable analysis field; definition follows the literal field name and source table grain.,float32,64,7.977243423461914,5.0052714347839355,0,64
right,bases/block_24_o.npz,655360,Machine-readable analysis field; definition follows the literal field name and source table grain.,float32,163840,0.21071328222751617,-0.2097468078136444,0,2560x64
left,bases/block_24_q.npz,655360,Machine-readable analysis field; definition follows the literal field name and source table grain.,float32,163840,0.12745261192321777,-0.1357060819864273,0,2560x64
singular_values,bases/block_24_q.npz,256,Machine-readable analysis field; definition follows the literal field name and source table grain.,float32,64,19.131912231445312,3.949657678604126,0,64
right,bases/block_24_q.npz,655360,Machine-readable analysis field; definition follows the literal field name and source table grain.,float32,163840,0.2635754644870758,-0.1759416162967682,0,2560x64
left,bases/block_24_v.npz,655360,Machine-readable analysis field; definition follows the literal field name and source table grain.,float32,163840,0.10588584095239639,-0.10078401863574982,0,2560x64
singular_values,bases/block_24_v.npz,256,Machine-readable analysis field; definition follows the literal field name and source table grain.,float32,64,7.258939743041992,4.7900238037109375,0,64
right,bases/block_24_v.npz,655360,Machine-readable analysis field; definition follows the literal field name and source table grain.,float32,163840,0.09676771610975266,-0.11039536446332932,0,2560x64
left,bases/block_24_value.npz,1769472,Machine-readable analysis field; definition follows the literal field name and source table grain.,float32,442368,0.1313764601945877,-0.13106109201908112,0,6912x64
singular_values,bases/block_24_value.npz,256,Machine-readable analysis field; definition follows the literal field name and source table grain.,float32,64,16.249902725219727,4.783803939819336,0,64
right,bases/block_24_value.npz,655360,Machine-readable analysis field; definition follows the literal field name and source table grain.,float32,163840,0.12770535051822662,-0.0983596071600914,0,2560x64
left,bases/block_25_down.npz,655360,Machine-readable analysis field; definition follows the literal field name and source table grain.,float32,163840,0.1955590546131134,-0.21053287386894226,0,2560x64
singular_values,bases/block_25_down.npz,256,Machine-readable analysis field; definition follows the literal field name and source table grain.,float32,64,15.682026863098145,4.099109172821045,0,64
right,bases/block_25_down.npz,1769472,Machine-readable analysis field; definition follows the literal field name and source table grain.,float32,442368,0.09996813535690308,-0.09277340769767761,0,6912x64
left,bases/block_25_gate.npz,1769472,Machine-readable analysis field; definition follows the literal field name and source table grain.,float32,442368,0.09340670704841614,-0.1392626166343689,0,6912x64
singular_values,bases/block_25_gate.npz,256,Machine-readable analysis field; definition follows the literal field name and source table grain.,float32,64,88.03992462158203,4.777462005615234,0,64
right,bases/block_25_gate.npz,655360,Machine-readable analysis field; definition follows the literal field name and source table grain.,float32,163840,0.18096981942653656,-0.19018685817718506,0,2560x64
left,bases/block_25_k.npz,655360,Machine-readable analysis field; definition follows the literal field name and source table grain.,float32,163840,0.14187303185462952,-0.16314052045345306,0,2560x64
singular_values,bases/block_25_k.npz,256,Machine-readable analysis field; definition follows the literal field name and source table grain.,float32,64,15.93438720703125,4.351197242736816,0,64
right,bases/block_25_k.npz,655360,Machine-readable analysis field; definition follows the literal field name and source table grain.,float32,163840,0.1331949532032013,-0.16688844561576843,0,2560x64
left,bases/block_25_o.npz,655360,Machine-readable analysis field; definition follows the literal field name and source table grain.,float32,163840,0.31195318698883057,-0.3217945098876953,0,2560x64
singular_values,bases/block_25_o.npz,256,Machine-readable analysis field; definition follows the literal field name and source table grain.,float32,64,7.933487892150879,5.06894063949585,0,64
right,bases/block_25_o.npz,655360,Machine-readable analysis field; definition follows the literal field name and source table grain.,float32,163840,0.21286258101463318,-0.208856999874115,0,2560x64
left,bases/block_25_q.npz,655360,Machine-readable analysis field; definition follows the literal field name and source table grain.,float32,163840,0.17945846915245056,-0.18437564373016357,0,2560x64
singular_values,bases/block_25_q.npz,256,Machine-readable analysis field; definition follows the literal field name and source table grain.,float32,64,19.03561782836914,3.9765872955322266,0,64
right,bases/block_25_q.npz,655360,Machine-readable analysis field; definition follows the literal field name and source table grain.,float32,163840,0.21539582312107086,-0.29372599720954895,0,2560x64
left,bases/block_25_v.npz,655360,Machine-readable analysis field; definition follows the literal field name and source table grain.,float32,163840,0.09614160656929016,-0.10290161520242691,0,2560x64
singular_values,bases/block_25_v.npz,256,Machine-readable analysis field; definition follows the literal field name and source table grain.,float32,64,7.242962837219238,4.795055866241455,0,64
right,bases/block_25_v.npz,655360,Machine-readable analysis field; definition follows the literal field name and source table grain.,float32,163840,0.10923145711421967,-0.09820031374692917,0,2560x64
left,bases/block_25_value.npz,1769472,Machine-readable analysis field; definition follows the literal field name and source table grain.,float32,442368,0.1299314945936203,-0.2056059092283249,0,6912x64
singular_values,bases/block_25_value.npz,256,Machine-readable analysis field; definition follows the literal field name and source table grain.,float32,64,16.768264770507812,4.7570719718933105,0,64
right,bases/block_25_value.npz,655360,Machine-readable analysis field; definition follows the literal field name and source table grain.,float32,163840,0.10617837309837341,-0.12825511395931244,0,2560x64
left,bases/block_26_down.npz,655360,Machine-readable analysis field; definition follows the literal field name and source table grain.,float32,163840,0.18505045771598816,-0.21527116000652313,0,2560x64
singular_values,bases/block_26_down.npz,256,Machine-readable analysis field; definition follows the literal field name and source table grain.,float32,64,16.01857566833496,4.252435684204102,0,64
right,bases/block_26_down.npz,1769472,Machine-readable analysis field; definition follows the literal field name and source table grain.,float32,442368,0.08163220435380936,-0.07999866455793381,0,6912x64
left,bases/block_26_gate.npz,1769472,Machine-readable analysis field; definition follows the literal field name and source table grain.,float32,442368,0.09205671399831772,-0.14576204121112823,0,6912x64
singular_values,bases/block_26_gate.npz,256,Machine-readable analysis field; definition follows the literal field name and source table grain.,float32,64,91.86467742919922,4.778319835662842,0,64
right,bases/block_26_gate.npz,655360,Machine-readable analysis field; definition follows the literal field name and source table grain.,float32,163840,0.14104002714157104,-0.17353349924087524,0,2560x64
left,bases/block_26_k.npz,655360,Machine-readable analysis field; definition follows the literal field name and source table grain.,float32,163840,0.13702555000782013,-0.14403414726257324,0,2560x64
singular_values,bases/block_26_k.npz,256,Machine-readable analysis field; definition follows the literal field name and source table grain.,float32,64,15.469615936279297,4.031672954559326,0,64
right,bases/block_26_k.npz,655360,Machine-readable analysis field; definition follows the literal field name and source table grain.,float32,163840,0.1159331426024437,-0.21393749117851257,0,2560x64
left,bases/block_26_o.npz,655360,Machine-readable analysis field; definition follows the literal field name and source table grain.,float32,163840,0.23335151374340057,-0.1899777501821518,0,2560x64
singular_values,bases/block_26_o.npz,256,Machine-readable analysis field; definition follows the literal field name and source table grain.,float32,64,8.617121696472168,5.261580467224121,0,64
right,bases/block_26_o.npz,655360,Machine-readable analysis field; definition follows the literal field name and source table grain.,float32,163840,0.16498573124408722,-0.16499078273773193,0,2560x64
left,bases/block_26_q.npz,655360,Machine-readable analysis field; definition follows the literal field name and source table grain.,float32,163840,0.19129620492458344,-0.1516941338777542,0,2560x64
singular_values,bases/block_26_q.npz,256,Machine-readable analysis field; definition follows the literal field name and source table grain.,float32,64,21.956565856933594,3.668328285217285,0,64
right,bases/block_26_q.npz,655360,Machine-readable analysis field; definition follows the literal field name and source table grain.,float32,163840,0.4680532217025757,-0.21668697893619537,0,2560x64
left,bases/block_26_v.npz,655360,Machine-readable analysis field; definition follows the literal field name and source table grain.,float32,163840,0.13012580573558807,-0.1468457579612732,0,2560x64
singular_values,bases/block_26_v.npz,256,Machine-readable analysis field; definition follows the literal field name and source table grain.,float32,64,6.7375969886779785,4.4898858070373535,0,64
right,bases/block_26_v.npz,655360,Machine-readable analysis field; definition follows the literal field name and source table grain.,float32,163840,0.10872531682252884,-0.1090063825249672,0,2560x64
left,bases/block_26_value.npz,1769472,Machine-readable analysis field; definition follows the literal field name and source table grain.,float32,442368,0.08406759053468704,-0.11125321686267853,0,6912x64
singular_values,bases/block_26_value.npz,256,Machine-readable analysis field; definition follows the literal field name and source table grain.,float32,64,17.466398239135742,4.947784900665283,0,64
right,bases/block_26_value.npz,655360,Machine-readable analysis field; definition follows the literal field name and source table grain.,float32,163840,0.12933862209320068,-0.17476266622543335,0,2560x64
left,bases/block_27_down.npz,655360,Machine-readable analysis field; definition follows the literal field name and source table grain.,float32,163840,0.1458633542060852,-0.20548303425312042,0,2560x64
singular_values,bases/block_27_down.npz,256,Machine-readable analysis field; definition follows the literal field name and source table grain.,float32,64,16.773921966552734,4.493075847625732,0,64
right,bases/block_27_down.npz,1769472,Machine-readable analysis field; definition follows the literal field name and source table grain.,float32,442368,0.07067574560642242,-0.08103353530168533,0,6912x64
left,bases/block_27_gate.npz,1769472,Machine-readable analysis field; definition follows the literal field name and source table grain.,float32,442368,0.11751898378133774,-0.09347812831401825,0,6912x64
singular_values,bases/block_27_gate.npz,256,Machine-readable analysis field; definition follows the literal field name and source table grain.,float32,64,91.33805084228516,5.016002178192139,0,64
right,bases/block_27_gate.npz,655360,Machine-readable analysis field; definition follows the literal field name and source table grain.,float32,163840,0.16225184500217438,-0.14796997606754303,0,2560x64
left,bases/block_27_k.npz,655360,Machine-readable analysis field; definition follows the literal field name and source table grain.,float32,163840,0.14430521428585052,-0.13533923029899597,0,2560x64
singular_values,bases/block_27_k.npz,256,Machine-readable analysis field; definition follows the literal field name and source table grain.,float32,64,14.920345306396484,4.128971099853516,0,64
right,bases/block_27_k.npz,655360,Machine-readable analysis field; definition follows the literal field name and source table grain.,float32,163840,0.10369714349508286,-0.2141861617565155,0,2560x64
left,bases/block_27_o.npz,655360,Machine-readable analysis field; definition follows the literal field name and source table grain.,float32,163840,0.23809847235679626,-0.34438684582710266,0,2560x64
singular_values,bases/block_27_o.npz,256,Machine-readable analysis field; definition follows the literal field name and source table grain.,float32,64,9.333091735839844,5.052718162536621,0,64
right,bases/block_27_o.npz,655360,Machine-readable analysis field; definition follows the literal field name and source table grain.,float32,163840,0.1740521639585495,-0.1715155988931656,0,2560x64
left,bases/block_27_q.npz,655360,Machine-readable analysis field; definition follows the literal field name and source table grain.,float32,163840,0.14791305363178253,-0.15794885158538818,0,2560x64
singular_values,bases/block_27_q.npz,256,Machine-readable analysis field; definition follows the literal field name and source table grain.,float32,64,19.212812423706055,3.80375075340271,0,64
right,bases/block_27_q.npz,655360,Machine-readable analysis field; definition follows the literal field name and source table grain.,float32,163840,0.33208122849464417,-0.21038925647735596,0,2560x64
left,bases/block_27_v.npz,655360,Machine-readable analysis field; definition follows the literal field name and source table grain.,float32,163840,0.1496293991804123,-0.14440402388572693,0,2560x64
singular_values,bases/block_27_v.npz,256,Machine-readable analysis field; definition follows the literal field name and source table grain.,float32,64,7.199747562408447,4.403055191040039,0,64
right,bases/block_27_v.npz,655360,Machine-readable analysis field; definition follows the literal field name and source table grain.,float32,163840,0.10978621989488602,-0.16461767256259918,0,2560x64
left,bases/block_27_value.npz,1769472,Machine-readable analysis field; definition follows the literal field name and source table grain.,float32,442368,0.08173384517431259,-0.08847078680992126,0,6912x64
singular_values,bases/block_27_value.npz,256,Machine-readable analysis field; definition follows the literal field name and source table grain.,float32,64,19.71342658996582,5.227890968322754,0,64
right,bases/block_27_value.npz,655360,Machine-readable analysis field; definition follows the literal field name and source table grain.,float32,163840,0.09942439943552017,-0.10138000547885895,0,2560x64
left,bases/block_28_down.npz,655360,Machine-readable analysis field; definition follows the literal field name and source table grain.,float32,163840,0.21120981872081757,-0.20772983133792877,0,2560x64
singular_values,bases/block_28_down.npz,256,Machine-readable analysis field; definition follows the literal field name and source table grain.,float32,64,18.072750091552734,4.587284088134766,0,64
right,bases/block_28_down.npz,1769472,Machine-readable analysis field; definition follows the literal field name and source table grain.,float32,442368,0.07297815382480621,-0.07639936357736588,0,6912x64
left,bases/block_28_gate.npz,1769472,Machine-readable analysis field; definition follows the literal field name and source table grain.,float32,442368,0.08102376013994217,-0.12538185715675354,0,6912x64
singular_values,bases/block_28_gate.npz,256,Machine-readable analysis field; definition follows the literal field name and source table grain.,float32,64,83.11616516113281,5.217311382293701,0,64
right,bases/block_28_gate.npz,655360,Machine-readable analysis field; definition follows the literal field name and source table grain.,float32,163840,0.15015868842601776,-0.27317067980766296,0,2560x64
left,bases/block_28_k.npz,655360,Machine-readable analysis field; definition follows the literal field name and source table grain.,float32,163840,0.12466640770435333,-0.1183653324842453,0,2560x64
singular_values,bases/block_28_k.npz,256,Machine-readable analysis field; definition follows the literal field name and source table grain.,float32,64,17.500394821166992,4.1608757972717285,0,64
right,bases/block_28_k.npz,655360,Machine-readable analysis field; definition follows the literal field name and source table grain.,float32,163840,0.17654448747634888,-0.1887078881263733,0,2560x64
left,bases/block_28_o.npz,655360,Machine-readable analysis field; definition follows the literal field name and source table grain.,float32,163840,0.2340039610862732,-0.42789140343666077,0,2560x64
singular_values,bases/block_28_o.npz,256,Machine-readable analysis field; definition follows the literal field name and source table grain.,float32,64,9.893213272094727,5.087446689605713,0,64
right,bases/block_28_o.npz,655360,Machine-readable analysis field; definition follows the literal field name and source table grain.,float32,163840,0.1943219006061554,-0.1902918517589569,0,2560x64
left,bases/block_28_q.npz,655360,Machine-readable analysis field; definition follows the literal field name and source table grain.,float32,163840,0.13684093952178955,-0.14455337822437286,0,2560x64
singular_values,bases/block_28_q.npz,256,Machine-readable analysis field; definition follows the literal field name and source table grain.,float32,64,20.322288513183594,3.924243450164795,0,64
right,bases/block_28_q.npz,655360,Machine-readable analysis field; definition follows the literal field name and source table grain.,float32,163840,0.2974269688129425,-0.28826606273651123,0,2560x64
left,bases/block_28_v.npz,655360,Machine-readable analysis field; definition follows the literal field name and source table grain.,float32,163840,0.14711518585681915,-0.14944130182266235,0,2560x64
singular_values,bases/block_28_v.npz,256,Machine-readable analysis field; definition follows the literal field name and source table grain.,float32,64,7.55940055847168,4.579245567321777,0,64
right,bases/block_28_v.npz,655360,Machine-readable analysis field; definition follows the literal field name and source table grain.,float32,163840,0.21115851402282715,-0.10020120441913605,0,2560x64
left,bases/block_28_value.npz,1769472,Machine-readable analysis field; definition follows the literal field name and source table grain.,float32,442368,0.07720869779586792,-0.0850244089961052,0,6912x64
singular_values,bases/block_28_value.npz,256,Machine-readable analysis field; definition follows the literal field name and source table grain.,float32,64,19.40656280517578,5.401910305023193,0,64
right,bases/block_28_value.npz,655360,Machine-readable analysis field; definition follows the literal field name and source table grain.,float32,163840,0.09255901724100113,-0.10106082260608673,0,2560x64
left,bases/block_29_down.npz,655360,Machine-readable analysis field; definition follows the literal field name and source table grain.,float32,163840,0.19972233474254608,-0.15443070232868195,0,2560x64
singular_values,bases/block_29_down.npz,256,Machine-readable analysis field; definition follows the literal field name and source table grain.,float32,64,17.069812774658203,4.403282165527344,0,64
right,bases/block_29_down.npz,1769472,Machine-readable analysis field; definition follows the literal field name and source table grain.,float32,442368,0.07783645391464233,-0.07919822633266449,0,6912x64
left,bases/block_29_gate.npz,1769472,Machine-readable analysis field; definition follows the literal field name and source table grain.,float32,442368,0.10367003083229065,-0.1096295490860939,0,6912x64
singular_values,bases/block_29_gate.npz,256,Machine-readable analysis field; definition follows the literal field name and source table grain.,float32,64,85.460693359375,4.831516265869141,0,64
right,bases/block_29_gate.npz,655360,Machine-readable analysis field; definition follows the literal field name and source table grain.,float32,163840,0.14401912689208984,-0.1172555685043335,0,2560x64
left,bases/block_29_k.npz,655360,Machine-readable analysis field; definition follows the literal field name and source table grain.,float32,163840,0.1683247834444046,-0.14948570728302002,0,2560x64
singular_values,bases/block_29_k.npz,256,Machine-readable analysis field; definition follows the literal field name and source table grain.,float32,64,15.562244415283203,4.0616230964660645,0,64
right,bases/block_29_k.npz,655360,Machine-readable analysis field; definition follows the literal field name and source table grain.,float32,163840,0.2036338895559311,-0.14861290156841278,0,2560x64
left,bases/block_29_o.npz,655360,Machine-readable analysis field; definition follows the literal field name and source table grain.,float32,163840,0.4291812777519226,-0.17953675985336304,0,2560x64
singular_values,bases/block_29_o.npz,256,Machine-readable analysis field; definition follows the literal field name and source table grain.,float32,64,11.331962585449219,5.153757572174072,0,64
right,bases/block_29_o.npz,655360,Machine-readable analysis field; definition follows the literal field name and source table grain.,float32,163840,0.15709127485752106,-0.16148830950260162,0,2560x64
left,bases/block_29_q.npz,655360,Machine-readable analysis field; definition follows the literal field name and source table grain.,float32,163840,0.12351379543542862,-0.13454245030879974,0,2560x64
singular_values,bases/block_29_q.npz,256,Machine-readable analysis field; definition follows the literal field name and source table grain.,float32,64,17.577287673950195,3.8450655937194824,0,64
right,bases/block_29_q.npz,655360,Machine-readable analysis field; definition follows the literal field name and source table grain.,float32,163840,0.29916200041770935,-0.28865110874176025,0,2560x64
left,bases/block_29_v.npz,655360,Machine-readable analysis field; definition follows the literal field name and source table grain.,float32,163840,0.14177215099334717,-0.1415082961320877,0,2560x64
singular_values,bases/block_29_v.npz,256,Machine-readable analysis field; definition follows the literal field name and source table grain.,float32,64,8.342711448669434,4.226144790649414,0,64
right,bases/block_29_v.npz,655360,Machine-readable analysis field; definition follows the literal field name and source table grain.,float32,163840,0.11628103256225586,-0.2131764143705368,0,2560x64
left,bases/block_29_value.npz,1769472,Machine-readable analysis field; definition follows the literal field name and source table grain.,float32,442368,0.09331577271223068,-0.08113472908735275,0,6912x64
singular_values,bases/block_29_value.npz,256,Machine-readable analysis field; definition follows the literal field name and source table grain.,float32,64,19.109472274780273,5.1404643058776855,0,64
right,bases/block_29_value.npz,655360,Machine-readable analysis field; definition follows the literal field name and source table grain.,float32,163840,0.10593631863594055,-0.11094141006469727,0,2560x64
left,bases/block_30_down.npz,655360,Machine-readable analysis field; definition follows the literal field name and source table grain.,float32,163840,0.1801512986421585,-0.17489737272262573,0,2560x64
singular_values,bases/block_30_down.npz,256,Machine-readable analysis field; definition follows the literal field name and source table grain.,float32,64,16.59368133544922,4.263719081878662,0,64
right,bases/block_30_down.npz,1769472,Machine-readable analysis field; definition follows the literal field name and source table grain.,float32,442368,0.09688642621040344,-0.08312623202800751,0,6912x64
left,bases/block_30_gate.npz,1769472,Machine-readable analysis field; definition follows the literal field name and source table grain.,float32,442368,0.07864132523536682,-0.09167204052209854,0,6912x64
singular_values,bases/block_30_gate.npz,256,Machine-readable analysis field; definition follows the literal field name and source table grain.,float32,64,84.76476287841797,4.651690483093262,0,64
right,bases/block_30_gate.npz,655360,Machine-readable analysis field; definition follows the literal field name and source table grain.,float32,163840,0.19075919687747955,-0.15873561799526215,0,2560x64
left,bases/block_30_k.npz,655360,Machine-readable analysis field; definition follows the literal field name and source table grain.,float32,163840,0.14754649996757507,-0.14469021558761597,0,2560x64
singular_values,bases/block_30_k.npz,256,Machine-readable analysis field; definition follows the literal field name and source table grain.,float32,64,18.470136642456055,4.261695384979248,0,64
right,bases/block_30_k.npz,655360,Machine-readable analysis field; definition follows the literal field name and source table grain.,float32,163840,0.23654679954051971,-0.1402316391468048,0,2560x64
left,bases/block_30_o.npz,655360,Machine-readable analysis field; definition follows the literal field name and source table grain.,float32,163840,0.20627886056900024,-0.2615709900856018,0,2560x64
singular_values,bases/block_30_o.npz,256,Machine-readable analysis field; definition follows the literal field name and source table grain.,float32,64,9.484556198120117,5.087774276733398,0,64
right,bases/block_30_o.npz,655360,Machine-readable analysis field; definition follows the literal field name and source table grain.,float32,163840,0.154054656624794,-0.18003937602043152,0,2560x64
left,bases/block_30_q.npz,655360,Machine-readable analysis field; definition follows the literal field name and source table grain.,float32,163840,0.13510967791080475,-0.12310098111629486,0,2560x64
singular_values,bases/block_30_q.npz,256,Machine-readable analysis field; definition follows the literal field name and source table grain.,float32,64,16.588886260986328,3.997227191925049,0,64
right,bases/block_30_q.npz,655360,Machine-readable analysis field; definition follows the literal field name and source table grain.,float32,163840,0.2825677692890167,-0.25218895077705383,0,2560x64
left,bases/block_30_v.npz,655360,Machine-readable analysis field; definition follows the literal field name and source table grain.,float32,163840,0.15026818215847015,-0.15081404149532318,0,2560x64
singular_values,bases/block_30_v.npz,256,Machine-readable analysis field; definition follows the literal field name and source table grain.,float32,64,7.721494197845459,4.438701152801514,0,64
right,bases/block_30_v.npz,655360,Machine-readable analysis field; definition follows the literal field name and source table grain.,float32,163840,0.16890153288841248,-0.10986416786909103,0,2560x64
left,bases/block_30_value.npz,1769472,Machine-readable analysis field; definition follows the literal field name and source table grain.,float32,442368,0.09519339352846146,-0.09532293677330017,0,6912x64
singular_values,bases/block_30_value.npz,256,Machine-readable analysis field; definition follows the literal field name and source table grain.,float32,64,19.833295822143555,4.932990550994873,0,64
right,bases/block_30_value.npz,655360,Machine-readable analysis field; definition follows the literal field name and source table grain.,float32,163840,0.11015356332063675,-0.16857950389385223,0,2560x64
left,bases/block_31_down.npz,655360,Machine-readable analysis field; definition follows the literal field name and source table grain.,float32,163840,0.16951687633991241,-0.1687837839126587,0,2560x64
singular_values,bases/block_31_down.npz,256,Machine-readable analysis field; definition follows the literal field name and source table grain.,float32,64,16.062532424926758,4.213219165802002,0,64
right,bases/block_31_down.npz,1769472,Machine-readable analysis field; definition follows the literal field name and source table grain.,float32,442368,0.08392985165119171,-0.08017982542514801,0,6912x64
left,bases/block_31_gate.npz,1769472,Machine-readable analysis field; definition follows the literal field name and source table grain.,float32,442368,0.08676857501268387,-0.0961320772767067,0,6912x64
singular_values,bases/block_31_gate.npz,256,Machine-readable analysis field; definition follows the literal field name and source table grain.,float32,64,83.67903137207031,4.569027423858643,0,64
right,bases/block_31_gate.npz,655360,Machine-readable analysis field; definition follows the literal field name and source table grain.,float32,163840,0.18755078315734863,-0.19472642242908478,0,2560x64
left,bases/block_31_k.npz,655360,Machine-readable analysis field; definition follows the literal field name and source table grain.,float32,163840,0.13532456755638123,-0.1378723531961441,0,2560x64
singular_values,bases/block_31_k.npz,256,Machine-readable analysis field; definition follows the literal field name and source table grain.,float32,64,20.172996520996094,4.0200629234313965,0,64
right,bases/block_31_k.npz,655360,Machine-readable analysis field; definition follows the literal field name and source table grain.,float32,163840,0.15029925107955933,-0.21131928265094757,0,2560x64
left,bases/block_31_o.npz,655360,Machine-readable analysis field; definition follows the literal field name and source table grain.,float32,163840,0.13359332084655762,-0.34685927629470825,0,2560x64
singular_values,bases/block_31_o.npz,256,Machine-readable analysis field; definition follows the literal field name and source table grain.,float32,64,9.295028686523438,5.086999893188477,0,64
right,bases/block_31_o.npz,655360,Machine-readable analysis field; definition follows the literal field name and source table grain.,float32,163840,0.22216562926769257,-0.2227000892162323,0,2560x64
left,bases/block_31_q.npz,655360,Machine-readable analysis field; definition follows the literal field name and source table grain.,float32,163840,0.12677393853664398,-0.13233251869678497,0,2560x64
singular_values,bases/block_31_q.npz,256,Machine-readable analysis field; definition follows the literal field name and source table grain.,float32,64,16.389280319213867,3.86092209815979,0,64
right,bases/block_31_q.npz,655360,Machine-readable analysis field; definition follows the literal field name and source table grain.,float32,163840,0.2562938332557678,-0.29808294773101807,0,2560x64
left,bases/block_31_v.npz,655360,Machine-readable analysis field; definition follows the literal field name and source table grain.,float32,163840,0.13302715122699738,-0.13713963329792023,0,2560x64
singular_values,bases/block_31_v.npz,256,Machine-readable analysis field; definition follows the literal field name and source table grain.,float32,64,7.375444412231445,4.349800109863281,0,64
right,bases/block_31_v.npz,655360,Machine-readable analysis field; definition follows the literal field name and source table grain.,float32,163840,0.18863393366336823,-0.10225605219602585,0,2560x64
left,bases/block_31_value.npz,1769472,Machine-readable analysis field; definition follows the literal field name and source table grain.,float32,442368,0.09480489790439606,-0.09240863472223282,0,6912x64
singular_values,bases/block_31_value.npz,256,Machine-readable analysis field; definition follows the literal field name and source table grain.,float32,64,17.67315673828125,4.85793924331665,0,64
right,bases/block_31_value.npz,655360,Machine-readable analysis field; definition follows the literal field name and source table grain.,float32,163840,0.09360972046852112,-0.14669391512870789,0,2560x64
left,bases/block_32_down.npz,655360,Machine-readable analysis field; definition follows the literal field name and source table grain.,float32,163840,0.21092690527439117,-0.25025877356529236,0,2560x64
singular_values,bases/block_32_down.npz,256,Machine-readable analysis field; definition follows the literal field name and source table grain.,float32,64,16.413043975830078,4.485892295837402,0,64
right,bases/block_32_down.npz,1769472,Machine-readable analysis field; definition follows the literal field name and source table grain.,float32,442368,0.08312609791755676,-0.08239752054214478,0,6912x64
left,bases/block_32_gate.npz,1769472,Machine-readable analysis field; definition follows the literal field name and source table grain.,float32,442368,0.06845853477716446,-0.11767503619194031,0,6912x64
singular_values,bases/block_32_gate.npz,256,Machine-readable analysis field; definition follows the literal field name and source table grain.,float32,64,83.11544036865234,4.822994709014893,0,64
right,bases/block_32_gate.npz,655360,Machine-readable analysis field; definition follows the literal field name and source table grain.,float32,163840,0.19238947331905365,-0.2240321785211563,0,2560x64
left,bases/block_32_k.npz,655360,Machine-readable analysis field; definition follows the literal field name and source table grain.,float32,163840,0.18497997522354126,-0.18485286831855774,0,2560x64
singular_values,bases/block_32_k.npz,256,Machine-readable analysis field; definition follows the literal field name and source table grain.,float32,64,15.41388988494873,3.773104190826416,0,64
right,bases/block_32_k.npz,655360,Machine-readable analysis field; definition follows the literal field name and source table grain.,float32,163840,0.14217232167720795,-0.2454526275396347,0,2560x64
left,bases/block_32_o.npz,655360,Machine-readable analysis field; definition follows the literal field name and source table grain.,float32,163840,0.2062997817993164,-0.5177254676818848,0,2560x64
singular_values,bases/block_32_o.npz,256,Machine-readable analysis field; definition follows the literal field name and source table grain.,float32,64,9.812406539916992,5.1689863204956055,0,64
right,bases/block_32_o.npz,655360,Machine-readable analysis field; definition follows the literal field name and source table grain.,float32,163840,0.1799595206975937,-0.18059708178043365,0,2560x64
left,bases/block_32_q.npz,655360,Machine-readable analysis field; definition follows the literal field name and source table grain.,float32,163840,0.14889709651470184,-0.14848214387893677,0,2560x64
singular_values,bases/block_32_q.npz,256,Machine-readable analysis field; definition follows the literal field name and source table grain.,float32,64,16.709165573120117,3.606137990951538,0,64
right,bases/block_32_q.npz,655360,Machine-readable analysis field; definition follows the literal field name and source table grain.,float32,163840,0.31514015793800354,-0.2582602798938751,0,2560x64
left,bases/block_32_v.npz,655360,Machine-readable analysis field; definition follows the literal field name and source table grain.,float32,163840,0.11756686866283417,-0.1141316294670105,0,2560x64
singular_values,bases/block_32_v.npz,256,Machine-readable analysis field; definition follows the literal field name and source table grain.,float32,64,6.777659893035889,4.155789852142334,0,64
right,bases/block_32_v.npz,655360,Machine-readable analysis field; definition follows the literal field name and source table grain.,float32,163840,0.13542160391807556,-0.12000405043363571,0,2560x64
left,bases/block_32_value.npz,1769472,Machine-readable analysis field; definition follows the literal field name and source table grain.,float32,442368,0.08006023615598679,-0.08007815480232239,0,6912x64
singular_values,bases/block_32_value.npz,256,Machine-readable analysis field; definition follows the literal field name and source table grain.,float32,64,19.46720314025879,5.164578914642334,0,64
right,bases/block_32_value.npz,655360,Machine-readable analysis field; definition follows the literal field name and source table grain.,float32,163840,0.14736925065517426,-0.10718448460102081,0,2560x64
left,bases/block_33_down.npz,655360,Machine-readable analysis field; definition follows the literal field name and source table grain.,float32,163840,0.24588452279567719,-0.13942423462867737,0,2560x64
singular_values,bases/block_33_down.npz,256,Machine-readable analysis field; definition follows the literal field name and source table grain.,float32,64,17.89629554748535,4.721044063568115,0,64
right,bases/block_33_down.npz,1769472,Machine-readable analysis field; definition follows the literal field name and source table grain.,float32,442368,0.0765003189444542,-0.07723897695541382,0,6912x64
left,bases/block_33_gate.npz,1769472,Machine-readable analysis field; definition follows the literal field name and source table grain.,float32,442368,0.06785774976015091,-0.0685790404677391,0,6912x64
singular_values,bases/block_33_gate.npz,256,Machine-readable analysis field; definition follows the literal field name and source table grain.,float32,64,81.91751098632812,5.050366401672363,0,64
right,bases/block_33_gate.npz,655360,Machine-readable analysis field; definition follows the literal field name and source table grain.,float32,163840,0.15582509338855743,-0.23245231807231903,0,2560x64
left,bases/block_33_k.npz,655360,Machine-readable analysis field; definition follows the literal field name and source table grain.,float32,163840,0.15766768157482147,-0.16053463518619537,0,2560x64
singular_values,bases/block_33_k.npz,256,Machine-readable analysis field; definition follows the literal field name and source table grain.,float32,64,18.44248390197754,3.971482753753662,0,64
right,bases/block_33_k.npz,655360,Machine-readable analysis field; definition follows the literal field name and source table grain.,float32,163840,0.23977932333946228,-0.1693335324525833,0,2560x64
left,bases/block_33_o.npz,655360,Machine-readable analysis field; definition follows the literal field name and source table grain.,float32,163840,0.31984785199165344,-0.2257949709892273,0,2560x64
singular_values,bases/block_33_o.npz,256,Machine-readable analysis field; definition follows the literal field name and source table grain.,float32,64,8.6303129196167,5.123306751251221,0,64
right,bases/block_33_o.npz,655360,Machine-readable analysis field; definition follows the literal field name and source table grain.,float32,163840,0.1799812614917755,-0.17438960075378418,0,2560x64
left,bases/block_33_q.npz,655360,Machine-readable analysis field; definition follows the literal field name and source table grain.,float32,163840,0.14795607328414917,-0.1534949094057083,0,2560x64
singular_values,bases/block_33_q.npz,256,Machine-readable analysis field; definition follows the literal field name and source table grain.,float32,64,15.84428882598877,3.827528238296509,0,64
right,bases/block_33_q.npz,655360,Machine-readable analysis field; definition follows the literal field name and source table grain.,float32,163840,0.19662079215049744,-0.3201472759246826,0,2560x64
left,bases/block_33_v.npz,655360,Machine-readable analysis field; definition follows the literal field name and source table grain.,float32,163840,0.12831982970237732,-0.14360511302947998,0,2560x64
singular_values,bases/block_33_v.npz,256,Machine-readable analysis field; definition follows the literal field name and source table grain.,float32,64,6.878690242767334,4.422268867492676,0,64
right,bases/block_33_v.npz,655360,Machine-readable analysis field; definition follows the literal field name and source table grain.,float32,163840,0.12496573477983475,-0.12109275907278061,0,2560x64
left,bases/block_33_value.npz,1769472,Machine-readable analysis field; definition follows the literal field name and source table grain.,float32,442368,0.07967972755432129,-0.06835831701755524,0,6912x64
singular_values,bases/block_33_value.npz,256,Machine-readable analysis field; definition follows the literal field name and source table grain.,float32,64,21.495206832885742,5.508065223693848,0,64
right,bases/block_33_value.npz,655360,Machine-readable analysis field; definition follows the literal field name and source table grain.,float32,163840,0.11323785781860352,-0.10979357361793518,0,2560x64
left,bases/block_34_down.npz,655360,Machine-readable analysis field; definition follows the literal field name and source table grain.,float32,163840,0.2657458782196045,-0.223058819770813,0,2560x64
singular_values,bases/block_34_down.npz,256,Machine-readable analysis field; definition follows the literal field name and source table grain.,float32,64,18.35312843322754,4.747429847717285,0,64
right,bases/block_34_down.npz,1769472,Machine-readable analysis field; definition follows the literal field name and source table grain.,float32,442368,0.0691613033413887,-0.07555676251649857,0,6912x64
left,bases/block_34_gate.npz,1769472,Machine-readable analysis field; definition follows the literal field name and source table grain.,float32,442368,0.0667780265212059,-0.0841044932603836,0,6912x64
singular_values,bases/block_34_gate.npz,256,Machine-readable analysis field; definition follows the literal field name and source table grain.,float32,64,80.62774658203125,5.086709976196289,0,64
right,bases/block_34_gate.npz,655360,Machine-readable analysis field; definition follows the literal field name and source table grain.,float32,163840,0.21937300264835358,-0.17754586040973663,0,2560x64
left,bases/block_34_k.npz,655360,Machine-readable analysis field; definition follows the literal field name and source table grain.,float32,163840,0.2104024738073349,-0.21622870862483978,0,2560x64
singular_values,bases/block_34_k.npz,256,Machine-readable analysis field; definition follows the literal field name and source table grain.,float32,64,19.843948364257812,4.015801906585693,0,64
right,bases/block_34_k.npz,655360,Machine-readable analysis field; definition follows the literal field name and source table grain.,float32,163840,0.23650436103343964,-0.1483098268508911,0,2560x64
left,bases/block_34_o.npz,655360,Machine-readable analysis field; definition follows the literal field name and source table grain.,float32,163840,0.21923620998859406,-0.2446860671043396,0,2560x64
singular_values,bases/block_34_o.npz,256,Machine-readable analysis field; definition follows the literal field name and source table grain.,float32,64,8.814963340759277,4.9143900871276855,0,64
right,bases/block_34_o.npz,655360,Machine-readable analysis field; definition follows the literal field name and source table grain.,float32,163840,0.17038440704345703,-0.16892684996128082,0,2560x64
left,bases/block_34_q.npz,655360,Machine-readable analysis field; definition follows the literal field name and source table grain.,float32,163840,0.14149516820907593,-0.15172146260738373,0,2560x64
singular_values,bases/block_34_q.npz,256,Machine-readable analysis field; definition follows the literal field name and source table grain.,float32,64,18.489877700805664,3.8705646991729736,0,64
right,bases/block_34_q.npz,655360,Machine-readable analysis field; definition follows the literal field name and source table grain.,float32,163840,0.30111217498779297,-0.24134421348571777,0,2560x64
left,bases/block_34_v.npz,655360,Machine-readable analysis field; definition follows the literal field name and source table grain.,float32,163840,0.1442037969827652,-0.125947505235672,0,2560x64
singular_values,bases/block_34_v.npz,256,Machine-readable analysis field; definition follows the literal field name and source table grain.,float32,64,6.687402725219727,4.392441272735596,0,64
right,bases/block_34_v.npz,655360,Machine-readable analysis field; definition follows the literal field name and source table grain.,float32,163840,0.13733862340450287,-0.10650154948234558,0,2560x64
left,bases/block_34_value.npz,1769472,Machine-readable analysis field; definition follows the literal field name and source table grain.,float32,442368,0.07723463326692581,-0.06849541515111923,0,6912x64
singular_values,bases/block_34_value.npz,256,Machine-readable analysis field; definition follows the literal field name and source table grain.,float32,64,21.784473419189453,5.583049297332764,0,64
right,bases/block_34_value.npz,655360,Machine-readable analysis field; definition follows the literal field name and source table grain.,float32,163840,0.12473919987678528,-0.1396603137254715,0,2560x64
left,bases/block_35_down.npz,655360,Machine-readable analysis field; definition follows the literal field name and source table grain.,float32,163840,0.2637239992618561,-0.13884875178337097,0,2560x64
singular_values,bases/block_35_down.npz,256,Machine-readable analysis field; definition follows the literal field name and source table grain.,float32,64,18.56418228149414,4.767544746398926,0,64
right,bases/block_35_down.npz,1769472,Machine-readable analysis field; definition follows the literal field name and source table grain.,float32,442368,0.07610364258289337,-0.07035009562969208,0,6912x64
left,bases/block_35_gate.npz,1769472,Machine-readable analysis field; definition follows the literal field name and source table grain.,float32,442368,0.10372001677751541,-0.061618953943252563,0,6912x64
singular_values,bases/block_35_gate.npz,256,Machine-readable analysis field; definition follows the literal field name and source table grain.,float32,64,76.91812896728516,5.054044723510742,0,64
right,bases/block_35_gate.npz,655360,Machine-readable analysis field; definition follows the literal field name and source table grain.,float32,163840,0.14210627973079681,-0.21396216750144958,0,2560x64
left,bases/block_35_k.npz,655360,Machine-readable analysis field; definition follows the literal field name and source table grain.,float32,163840,0.15900562703609467,-0.16049422323703766,0,2560x64
singular_values,bases/block_35_k.npz,256,Machine-readable analysis field; definition follows the literal field name and source table grain.,float32,64,15.514504432678223,3.889230251312256,0,64
right,bases/block_35_k.npz,655360,Machine-readable analysis field; definition follows the literal field name and source table grain.,float32,163840,0.18673016130924225,-0.2292400449514389,0,2560x64
left,bases/block_35_o.npz,655360,Machine-readable analysis field; definition follows the literal field name and source table grain.,float32,163840,0.28405773639678955,-0.27486222982406616,0,2560x64
singular_values,bases/block_35_o.npz,256,Machine-readable analysis field; definition follows the literal field name and source table grain.,float32,64,9.884443283081055,4.948178291320801,0,64
right,bases/block_35_o.npz,655360,Machine-readable analysis field; definition follows the literal field name and source table grain.,float32,163840,0.15856266021728516,-0.18434037268161774,0,2560x64
left,bases/block_35_q.npz,655360,Machine-readable analysis field; definition follows the literal field name and source table grain.,float32,163840,0.151621475815773,-0.1588684618473053,0,2560x64
singular_values,bases/block_35_q.npz,256,Machine-readable analysis field; definition follows the literal field name and source table grain.,float32,64,15.848625183105469,3.7558560371398926,0,64
right,bases/block_35_q.npz,655360,Machine-readable analysis field; definition follows the literal field name and source table grain.,float32,163840,0.24206268787384033,-0.2817353308200836,0,2560x64
left,bases/block_35_v.npz,655360,Machine-readable analysis field; definition follows the literal field name and source table grain.,float32,163840,0.14567190408706665,-0.14446403086185455,0,2560x64
singular_values,bases/block_35_v.npz,256,Machine-readable analysis field; definition follows the literal field name and source table grain.,float32,64,7.376376152038574,4.336541652679443,0,64
right,bases/block_35_v.npz,655360,Machine-readable analysis field; definition follows the literal field name and source table grain.,float32,163840,0.11162259429693222,-0.09977693110704422,0,2560x64
left,bases/block_35_value.npz,1769472,Machine-readable analysis field; definition follows the literal field name and source table grain.,float32,442368,0.08032294362783432,-0.09574311971664429,0,6912x64
singular_values,bases/block_35_value.npz,256,Machine-readable analysis field; definition follows the literal field name and source table grain.,float32,64,21.886125564575195,5.578003883361816,0,64
right,bases/block_35_value.npz,655360,Machine-readable analysis field; definition follows the literal field name and source table grain.,float32,163840,0.21163198351860046,-0.19013582170009613,0,2560x64
left,bases/block_36_down.npz,655360,Machine-readable analysis field; definition follows the literal field name and source table grain.,float32,163840,0.28634509444236755,-0.14764851331710815,0,2560x64
singular_values,bases/block_36_down.npz,256,Machine-readable analysis field; definition follows the literal field name and source table grain.,float32,64,18.166540145874023,5.049996376037598,0,64
right,bases/block_36_down.npz,1769472,Machine-readable analysis field; definition follows the literal field name and source table grain.,float32,442368,0.07505450397729874,-0.06698253005743027,0,6912x64
left,bases/block_36_gate.npz,1769472,Machine-readable analysis field; definition follows the literal field name and source table grain.,float32,442368,0.06860443204641342,-0.061428774148225784,0,6912x64
singular_values,bases/block_36_gate.npz,256,Machine-readable analysis field; definition follows the literal field name and source table grain.,float32,64,77.82337951660156,5.244675636291504,0,64
right,bases/block_36_gate.npz,655360,Machine-readable analysis field; definition follows the literal field name and source table grain.,float32,163840,0.1783357560634613,-0.11702336370944977,0,2560x64
left,bases/block_36_k.npz,655360,Machine-readable analysis field; definition follows the literal field name and source table grain.,float32,163840,0.14294669032096863,-0.1458410918712616,0,2560x64
singular_values,bases/block_36_k.npz,256,Machine-readable analysis field; definition follows the literal field name and source table grain.,float32,64,17.295467376708984,4.112965106964111,0,64
right,bases/block_36_k.npz,655360,Machine-readable analysis field; definition follows the literal field name and source table grain.,float32,163840,0.2782156765460968,-0.13444992899894714,0,2560x64
left,bases/block_36_o.npz,655360,Machine-readable analysis field; definition follows the literal field name and source table grain.,float32,163840,0.21763290464878082,-0.4800678789615631,0,2560x64
singular_values,bases/block_36_o.npz,256,Machine-readable analysis field; definition follows the literal field name and source table grain.,float32,64,9.449958801269531,4.971059799194336,0,64
right,bases/block_36_o.npz,655360,Machine-readable analysis field; definition follows the literal field name and source table grain.,float32,163840,0.1844504028558731,-0.16989123821258545,0,2560x64
left,bases/block_36_q.npz,655360,Machine-readable analysis field; definition follows the literal field name and source table grain.,float32,163840,0.1691502332687378,-0.17326734960079193,0,2560x64
singular_values,bases/block_36_q.npz,256,Machine-readable analysis field; definition follows the literal field name and source table grain.,float32,64,18.343860626220703,3.9175519943237305,0,64
right,bases/block_36_q.npz,655360,Machine-readable analysis field; definition follows the literal field name and source table grain.,float32,163840,0.2835206985473633,-0.28489819169044495,0,2560x64
left,bases/block_36_v.npz,655360,Machine-readable analysis field; definition follows the literal field name and source table grain.,float32,163840,0.16935846209526062,-0.16595149040222168,0,2560x64
singular_values,bases/block_36_v.npz,256,Machine-readable analysis field; definition follows the literal field name and source table grain.,float32,64,7.605367183685303,4.581075668334961,0,64
right,bases/block_36_v.npz,655360,Machine-readable analysis field; definition follows the literal field name and source table grain.,float32,163840,0.11868606507778168,-0.10143940150737762,0,2560x64
left,bases/block_36_value.npz,1769472,Machine-readable analysis field; definition follows the literal field name and source table grain.,float32,442368,0.06893391162157059,-0.07224129140377045,0,6912x64
singular_values,bases/block_36_value.npz,256,Machine-readable analysis field; definition follows the literal field name and source table grain.,float32,64,25.374858856201172,5.8053202629089355,0,64
right,bases/block_36_value.npz,655360,Machine-readable analysis field; definition follows the literal field name and source table grain.,float32,163840,0.1282312422990799,-0.19014672935009003,0,2560x64
left,bases/block_37_down.npz,655360,Machine-readable analysis field; definition follows the literal field name and source table grain.,float32,163840,0.2864465117454529,-0.1637648195028305,0,2560x64
singular_values,bases/block_37_down.npz,256,Machine-readable analysis field; definition follows the literal field name and source table grain.,float32,64,19.605117797851562,5.233158111572266,0,64
right,bases/block_37_down.npz,1769472,Machine-readable analysis field; definition follows the literal field name and source table grain.,float32,442368,0.06136634945869446,-0.06905928254127502,0,6912x64
left,bases/block_37_gate.npz,1769472,Machine-readable analysis field; definition follows the literal field name and source table grain.,float32,442368,0.05712644010782242,-0.06431806832551956,0,6912x64
singular_values,bases/block_37_gate.npz,256,Machine-readable analysis field; definition follows the literal field name and source table grain.,float32,64,76.5909423828125,5.358439922332764,0,64
right,bases/block_37_gate.npz,655360,Machine-readable analysis field; definition follows the literal field name and source table grain.,float32,163840,0.12685073912143707,-0.22654131054878235,0,2560x64
left,bases/block_37_k.npz,655360,Machine-readable analysis field; definition follows the literal field name and source table grain.,float32,163840,0.1864677518606186,-0.21980907022953033,0,2560x64
singular_values,bases/block_37_k.npz,256,Machine-readable analysis field; definition follows the literal field name and source table grain.,float32,64,18.717357635498047,4.162720203399658,0,64
right,bases/block_37_k.npz,655360,Machine-readable analysis field; definition follows the literal field name and source table grain.,float32,163840,0.19763754308223724,-0.18398664891719818,0,2560x64
left,bases/block_37_o.npz,655360,Machine-readable analysis field; definition follows the literal field name and source table grain.,float32,163840,0.20321357250213623,-0.24891909956932068,0,2560x64
singular_values,bases/block_37_o.npz,256,Machine-readable analysis field; definition follows the literal field name and source table grain.,float32,64,8.859477043151855,4.940877437591553,0,64
right,bases/block_37_o.npz,655360,Machine-readable analysis field; definition follows the literal field name and source table grain.,float32,163840,0.20334386825561523,-0.20703065395355225,0,2560x64
left,bases/block_37_q.npz,655360,Machine-readable analysis field; definition follows the literal field name and source table grain.,float32,163840,0.13979682326316833,-0.13952940702438354,0,2560x64
singular_values,bases/block_37_q.npz,256,Machine-readable analysis field; definition follows the literal field name and source table grain.,float32,64,15.589448928833008,4.072870254516602,0,64
right,bases/block_37_q.npz,655360,Machine-readable analysis field; definition follows the literal field name and source table grain.,float32,163840,0.26608842611312866,-0.34990978240966797,0,2560x64
left,bases/block_37_v.npz,655360,Machine-readable analysis field; definition follows the literal field name and source table grain.,float32,163840,0.1616034358739853,-0.1632055640220642,0,2560x64
singular_values,bases/block_37_v.npz,256,Machine-readable analysis field; definition follows the literal field name and source table grain.,float32,64,7.298014163970947,4.623890399932861,0,64
right,bases/block_37_v.npz,655360,Machine-readable analysis field; definition follows the literal field name and source table grain.,float32,163840,0.10942386835813522,-0.09926183521747589,0,2560x64
left,bases/block_37_value.npz,1769472,Machine-readable analysis field; definition follows the literal field name and source table grain.,float32,442368,0.08154496550559998,-0.06680013239383698,0,6912x64
singular_values,bases/block_37_value.npz,256,Machine-readable analysis field; definition follows the literal field name and source table grain.,float32,64,26.91558074951172,5.98557710647583,0,64
right,bases/block_37_value.npz,655360,Machine-readable analysis field; definition follows the literal field name and source table grain.,float32,163840,0.26714831590652466,-0.11788687855005264,0,2560x64
left,bases/block_38_down.npz,655360,Machine-readable analysis field; definition follows the literal field name and source table grain.,float32,163840,0.18942466378211975,-0.30829888582229614,0,2560x64
singular_values,bases/block_38_down.npz,256,Machine-readable analysis field; definition follows the literal field name and source table grain.,float32,64,19.06847381591797,5.318473815917969,0,64
right,bases/block_38_down.npz,1769472,Machine-readable analysis field; definition follows the literal field name and source table grain.,float32,442368,0.06835848093032837,-0.06475101411342621,0,6912x64
left,bases/block_38_gate.npz,1769472,Machine-readable analysis field; definition follows the literal field name and source table grain.,float32,442368,0.06675165891647339,-0.061381809413433075,0,6912x64
singular_values,bases/block_38_gate.npz,256,Machine-readable analysis field; definition follows the literal field name and source table grain.,float32,64,78.20695495605469,5.094359874725342,0,64
right,bases/block_38_gate.npz,655360,Machine-readable analysis field; definition follows the literal field name and source table grain.,float32,163840,0.12281915545463562,-0.1644115298986435,0,2560x64
left,bases/block_38_k.npz,655360,Machine-readable analysis field; definition follows the literal field name and source table grain.,float32,163840,0.1412152349948883,-0.15037265419960022,0,2560x64
singular_values,bases/block_38_k.npz,256,Machine-readable analysis field; definition follows the literal field name and source table grain.,float32,64,19.008501052856445,4.165717124938965,0,64
right,bases/block_38_k.npz,655360,Machine-readable analysis field; definition follows the literal field name and source table grain.,float32,163840,0.1886584311723709,-0.1668713092803955,0,2560x64
left,bases/block_38_o.npz,655360,Machine-readable analysis field; definition follows the literal field name and source table grain.,float32,163840,0.5348228216171265,-0.14640246331691742,0,2560x64
singular_values,bases/block_38_o.npz,256,Machine-readable analysis field; definition follows the literal field name and source table grain.,float32,64,9.936010360717773,4.788296222686768,0,64
right,bases/block_38_o.npz,655360,Machine-readable analysis field; definition follows the literal field name and source table grain.,float32,163840,0.16400626301765442,-0.1619749814271927,0,2560x64
left,bases/block_38_q.npz,655360,Machine-readable analysis field; definition follows the literal field name and source table grain.,float32,163840,0.15273314714431763,-0.16341532766819,0,2560x64
singular_values,bases/block_38_q.npz,256,Machine-readable analysis field; definition follows the literal field name and source table grain.,float32,64,16.57723617553711,4.009470462799072,0,64
right,bases/block_38_q.npz,655360,Machine-readable analysis field; definition follows the literal field name and source table grain.,float32,163840,0.22808299958705902,-0.2996005117893219,0,2560x64
left,bases/block_38_v.npz,655360,Machine-readable analysis field; definition follows the literal field name and source table grain.,float32,163840,0.14642775058746338,-0.14684316515922546,0,2560x64
singular_values,bases/block_38_v.npz,256,Machine-readable analysis field; definition follows the literal field name and source table grain.,float32,64,7.767271041870117,4.494433403015137,0,64
right,bases/block_38_v.npz,655360,Machine-readable analysis field; definition follows the literal field name and source table grain.,float32,163840,0.10107476264238358,-0.15766483545303345,0,2560x64
left,bases/block_38_value.npz,1769472,Machine-readable analysis field; definition follows the literal field name and source table grain.,float32,442368,0.07718995213508606,-0.07437151670455933,0,6912x64
singular_values,bases/block_38_value.npz,256,Machine-readable analysis field; definition follows the literal field name and source table grain.,float32,64,31.8613338470459,5.822322368621826,0,64
right,bases/block_38_value.npz,655360,Machine-readable analysis field; definition follows the literal field name and source table grain.,float32,163840,0.10491121560335159,-0.12181181460618973,0,2560x64
left,bases/block_39_down.npz,655360,Machine-readable analysis field; definition follows the literal field name and source table grain.,float32,163840,0.31967589259147644,-0.19220276176929474,0,2560x64
singular_values,bases/block_39_down.npz,256,Machine-readable analysis field; definition follows the literal field name and source table grain.,float32,64,19.414701461791992,5.41436767578125,0,64
right,bases/block_39_down.npz,1769472,Machine-readable analysis field; definition follows the literal field name and source table grain.,float32,442368,0.0757579356431961,-0.06454789638519287,0,6912x64
left,bases/block_39_gate.npz,1769472,Machine-readable analysis field; definition follows the literal field name and source table grain.,float32,442368,0.06499027460813522,-0.056986771523952484,0,6912x64
singular_values,bases/block_39_gate.npz,256,Machine-readable analysis field; definition follows the literal field name and source table grain.,float32,64,75.99664306640625,5.0566020011901855,0,64
right,bases/block_39_gate.npz,655360,Machine-readable analysis field; definition follows the literal field name and source table grain.,float32,163840,0.12359481304883957,-0.14007018506526947,0,2560x64
left,bases/block_39_k.npz,655360,Machine-readable analysis field; definition follows the literal field name and source table grain.,float32,163840,0.13948383927345276,-0.13240285217761993,0,2560x64
singular_values,bases/block_39_k.npz,256,Machine-readable analysis field; definition follows the literal field name and source table grain.,float32,64,20.22883415222168,4.283697128295898,0,64
right,bases/block_39_k.npz,655360,Machine-readable analysis field; definition follows the literal field name and source table grain.,float32,163840,0.16054344177246094,-0.22331121563911438,0,2560x64
left,bases/block_39_o.npz,655360,Machine-readable analysis field; definition follows the literal field name and source table grain.,float32,163840,0.5680282711982727,-0.24940702319145203,0,2560x64
singular_values,bases/block_39_o.npz,256,Machine-readable analysis field; definition follows the literal field name and source table grain.,float32,64,9.090633392333984,4.789181709289551,0,64
right,bases/block_39_o.npz,655360,Machine-readable analysis field; definition follows the literal field name and source table grain.,float32,163840,0.1916368156671524,-0.17747466266155243,0,2560x64
left,bases/block_39_q.npz,655360,Machine-readable analysis field; definition follows the literal field name and source table grain.,float32,163840,0.14753678441047668,-0.1533362716436386,0,2560x64
singular_values,bases/block_39_q.npz,256,Machine-readable analysis field; definition follows the literal field name and source table grain.,float32,64,16.62166976928711,4.116184711456299,0,64
right,bases/block_39_q.npz,655360,Machine-readable analysis field; definition follows the literal field name and source table grain.,float32,163840,0.2784690260887146,-0.24915356934070587,0,2560x64
left,bases/block_39_v.npz,655360,Machine-readable analysis field; definition follows the literal field name and source table grain.,float32,163840,0.1786578893661499,-0.16929669678211212,0,2560x64
singular_values,bases/block_39_v.npz,256,Machine-readable analysis field; definition follows the literal field name and source table grain.,float32,64,7.672340393066406,4.670400142669678,0,64
right,bases/block_39_v.npz,655360,Machine-readable analysis field; definition follows the literal field name and source table grain.,float32,163840,0.14262020587921143,-0.13399556279182434,0,2560x64
left,bases/block_39_value.npz,1769472,Machine-readable analysis field; definition follows the literal field name and source table grain.,float32,442368,0.0754917711019516,-0.08063565194606781,0,6912x64
singular_values,bases/block_39_value.npz,256,Machine-readable analysis field; definition follows the literal field name and source table grain.,float32,64,32.40578842163086,5.735406398773193,0,64
right,bases/block_39_value.npz,655360,Machine-readable analysis field; definition follows the literal field name and source table grain.,float32,163840,0.10146371275186539,-0.1700124591588974,0,2560x64
left,bases/block_40_down.npz,655360,Machine-readable analysis field; definition follows the literal field name and source table grain.,float32,163840,0.166063129901886,-0.3131982088088989,0,2560x64
singular_values,bases/block_40_down.npz,256,Machine-readable analysis field; definition follows the literal field name and source table grain.,float32,64,19.16005516052246,5.399532318115234,0,64
right,bases/block_40_down.npz,1769472,Machine-readable analysis field; definition follows the literal field name and source table grain.,float32,442368,0.06186426430940628,-0.062060337513685226,0,6912x64
left,bases/block_40_gate.npz,1769472,Machine-readable analysis field; definition follows the literal field name and source table grain.,float32,442368,0.07243669778108597,-0.06394638121128082,0,6912x64
singular_values,bases/block_40_gate.npz,256,Machine-readable analysis field; definition follows the literal field name and source table grain.,float32,64,77.49913787841797,4.88850212097168,0,64
right,bases/block_40_gate.npz,655360,Machine-readable analysis field; definition follows the literal field name and source table grain.,float32,163840,0.1143241673707962,-0.17878009378910065,0,2560x64
left,bases/block_40_k.npz,655360,Machine-readable analysis field; definition follows the literal field name and source table grain.,float32,163840,0.19661332666873932,-0.18729017674922943,0,2560x64
singular_values,bases/block_40_k.npz,256,Machine-readable analysis field; definition follows the literal field name and source table grain.,float32,64,18.482500076293945,4.281663417816162,0,64
right,bases/block_40_k.npz,655360,Machine-readable analysis field; definition follows the literal field name and source table grain.,float32,163840,0.16976144909858704,-0.19631797075271606,0,2560x64
left,bases/block_40_o.npz,655360,Machine-readable analysis field; definition follows the literal field name and source table grain.,float32,163840,0.39351990818977356,-0.2296009659767151,0,2560x64
singular_values,bases/block_40_o.npz,256,Machine-readable analysis field; definition follows the literal field name and source table grain.,float32,64,12.464092254638672,4.73467493057251,0,64
right,bases/block_40_o.npz,655360,Machine-readable analysis field; definition follows the literal field name and source table grain.,float32,163840,0.17674189805984497,-0.17676444351673126,0,2560x64
left,bases/block_40_q.npz,655360,Machine-readable analysis field; definition follows the literal field name and source table grain.,float32,163840,0.22326619923114777,-0.22245894372463226,0,2560x64
singular_values,bases/block_40_q.npz,256,Machine-readable analysis field; definition follows the literal field name and source table grain.,float32,64,16.6297607421875,4.164092063903809,0,64
right,bases/block_40_q.npz,655360,Machine-readable analysis field; definition follows the literal field name and source table grain.,float32,163840,0.20571191608905792,-0.24565225839614868,0,2560x64
left,bases/block_40_v.npz,655360,Machine-readable analysis field; definition follows the literal field name and source table grain.,float32,163840,0.14418067038059235,-0.15233685076236725,0,2560x64
singular_values,bases/block_40_v.npz,256,Machine-readable analysis field; definition follows the literal field name and source table grain.,float32,64,11.04736614227295,4.546718597412109,0,64
right,bases/block_40_v.npz,655360,Machine-readable analysis field; definition follows the literal field name and source table grain.,float32,163840,0.17698076367378235,-0.11780916899442673,0,2560x64
left,bases/block_40_value.npz,1769472,Machine-readable analysis field; definition follows the literal field name and source table grain.,float32,442368,0.06659810245037079,-0.06721343100070953,0,6912x64
singular_values,bases/block_40_value.npz,256,Machine-readable analysis field; definition follows the literal field name and source table grain.,float32,64,33.58287048339844,5.635847568511963,0,64
right,bases/block_40_value.npz,655360,Machine-readable analysis field; definition follows the literal field name and source table grain.,float32,163840,0.11457119882106781,-0.10192280262708664,0,2560x64
left,bases/block_41_down.npz,655360,Machine-readable analysis field; definition follows the literal field name and source table grain.,float32,163840,0.2954045236110687,-0.17385227978229523,0,2560x64
singular_values,bases/block_41_down.npz,256,Machine-readable analysis field; definition follows the literal field name and source table grain.,float32,64,18.726043701171875,5.484086036682129,0,64
right,bases/block_41_down.npz,1769472,Machine-readable analysis field; definition follows the literal field name and source table grain.,float32,442368,0.05948375537991524,-0.07046084105968475,0,6912x64
left,bases/block_41_gate.npz,1769472,Machine-readable analysis field; definition follows the literal field name and source table grain.,float32,442368,0.061929065734148026,-0.05992859974503517,0,6912x64
singular_values,bases/block_41_gate.npz,256,Machine-readable analysis field; definition follows the literal field name and source table grain.,float32,64,75.80918884277344,4.857285499572754,0,64
right,bases/block_41_gate.npz,655360,Machine-readable analysis field; definition follows the literal field name and source table grain.,float32,163840,0.1707243025302887,-0.11897557973861694,0,2560x64
left,bases/block_41_k.npz,655360,Machine-readable analysis field; definition follows the literal field name and source table grain.,float32,163840,0.15867561101913452,-0.1579316407442093,0,2560x64
singular_values,bases/block_41_k.npz,256,Machine-readable analysis field; definition follows the literal field name and source table grain.,float32,64,20.677900314331055,4.450113773345947,0,64
right,bases/block_41_k.npz,655360,Machine-readable analysis field; definition follows the literal field name and source table grain.,float32,163840,0.2196110337972641,-0.22672758996486664,0,2560x64
left,bases/block_41_o.npz,655360,Machine-readable analysis field; definition follows the literal field name and source table grain.,float32,163840,0.4731610417366028,-0.46365904808044434,0,2560x64
singular_values,bases/block_41_o.npz,256,Machine-readable analysis field; definition follows the literal field name and source table grain.,float32,64,12.104413032531738,4.576537609100342,0,64
right,bases/block_41_o.npz,655360,Machine-readable analysis field; definition follows the literal field name and source table grain.,float32,163840,0.20057104527950287,-0.1980559527873993,0,2560x64
left,bases/block_41_q.npz,655360,Machine-readable analysis field; definition follows the literal field name and source table grain.,float32,163840,0.11583849787712097,-0.12962721288204193,0,2560x64
singular_values,bases/block_41_q.npz,256,Machine-readable analysis field; definition follows the literal field name and source table grain.,float32,64,17.305784225463867,4.416163921356201,0,64
right,bases/block_41_q.npz,655360,Machine-readable analysis field; definition follows the literal field name and source table grain.,float32,163840,0.24960492551326752,-0.25055375695228577,0,2560x64
left,bases/block_41_v.npz,655360,Machine-readable analysis field; definition follows the literal field name and source table grain.,float32,163840,0.2139386385679245,-0.15235689282417297,0,2560x64
singular_values,bases/block_41_v.npz,256,Machine-readable analysis field; definition follows the literal field name and source table grain.,float32,64,13.377594947814941,4.629639625549316,0,64
right,bases/block_41_v.npz,655360,Machine-readable analysis field; definition follows the literal field name and source table grain.,float32,163840,0.08794540166854858,-0.17969867587089539,0,2560x64
left,bases/block_41_value.npz,1769472,Machine-readable analysis field; definition follows the literal field name and source table grain.,float32,442368,0.07679642736911774,-0.06600445508956909,0,6912x64
singular_values,bases/block_41_value.npz,256,Machine-readable analysis field; definition follows the literal field name and source table grain.,float32,64,32.99934005737305,5.5813069343566895,0,64
right,bases/block_41_value.npz,655360,Machine-readable analysis field; definition follows the literal field name and source table grain.,float32,163840,0.09538217633962631,-0.12185177952051163,0,2560x64
left,bases/block_42_down.npz,655360,Machine-readable analysis field; definition follows the literal field name and source table grain.,float32,163840,0.2796853482723236,-0.17032714188098907,0,2560x64
singular_values,bases/block_42_down.npz,256,Machine-readable analysis field; definition follows the literal field name and source table grain.,float32,64,19.703943252563477,5.415519714355469,0,64
right,bases/block_42_down.npz,1769472,Machine-readable analysis field; definition follows the literal field name and source table grain.,float32,442368,0.06017422676086426,-0.07859869301319122,0,6912x64
left,bases/block_42_gate.npz,1769472,Machine-readable analysis field; definition follows the literal field name and source table grain.,float32,442368,0.05909447744488716,-0.06286027282476425,0,6912x64
singular_values,bases/block_42_gate.npz,256,Machine-readable analysis field; definition follows the literal field name and source table grain.,float32,64,74.58009338378906,4.922521591186523,0,64
right,bases/block_42_gate.npz,655360,Machine-readable analysis field; definition follows the literal field name and source table grain.,float32,163840,0.11693210899829865,-0.11921819299459457,0,2560x64
left,bases/block_42_k.npz,655360,Machine-readable analysis field; definition follows the literal field name and source table grain.,float32,163840,0.18990100920200348,-0.15595866739749908,0,2560x64
singular_values,bases/block_42_k.npz,256,Machine-readable analysis field; definition follows the literal field name and source table grain.,float32,64,23.803428649902344,4.3197526931762695,0,64
right,bases/block_42_k.npz,655360,Machine-readable analysis field; definition follows the literal field name and source table grain.,float32,163840,0.1533157378435135,-0.17683552205562592,0,2560x64
left,bases/block_42_o.npz,655360,Machine-readable analysis field; definition follows the literal field name and source table grain.,float32,163840,0.20289663970470428,-0.3858959972858429,0,2560x64
singular_values,bases/block_42_o.npz,256,Machine-readable analysis field; definition follows the literal field name and source table grain.,float32,64,9.933841705322266,4.594491958618164,0,64
right,bases/block_42_o.npz,655360,Machine-readable analysis field; definition follows the literal field name and source table grain.,float32,163840,0.22050437331199646,-0.24427269399166107,0,2560x64
left,bases/block_42_q.npz,655360,Machine-readable analysis field; definition follows the literal field name and source table grain.,float32,163840,0.13299471139907837,-0.1384931206703186,0,2560x64
singular_values,bases/block_42_q.npz,256,Machine-readable analysis field; definition follows the literal field name and source table grain.,float32,64,15.670735359191895,4.476657390594482,0,64
right,bases/block_42_q.npz,655360,Machine-readable analysis field; definition follows the literal field name and source table grain.,float32,163840,0.2807738780975342,-0.18346193432807922,0,2560x64
left,bases/block_42_v.npz,655360,Machine-readable analysis field; definition follows the literal field name and source table grain.,float32,163840,0.13401861488819122,-0.13541312515735626,0,2560x64
singular_values,bases/block_42_v.npz,256,Machine-readable analysis field; definition follows the literal field name and source table grain.,float32,64,12.843754768371582,4.547459125518799,0,64
right,bases/block_42_v.npz,655360,Machine-readable analysis field; definition follows the literal field name and source table grain.,float32,163840,0.08642133325338364,-0.1374945491552353,0,2560x64
left,bases/block_42_value.npz,1769472,Machine-readable analysis field; definition follows the literal field name and source table grain.,float32,442368,0.06903932243585587,-0.07285255193710327,0,6912x64
singular_values,bases/block_42_value.npz,256,Machine-readable analysis field; definition follows the literal field name and source table grain.,float32,64,33.03684997558594,5.496648788452148,0,64
right,bases/block_42_value.npz,655360,Machine-readable analysis field; definition follows the literal field name and source table grain.,float32,163840,0.13011138141155243,-0.14011701941490173,0,2560x64
left,bases/block_43_down.npz,655360,Machine-readable analysis field; definition follows the literal field name and source table grain.,float32,163840,0.25112125277519226,-0.11154524981975555,0,2560x64
singular_values,bases/block_43_down.npz,256,Machine-readable analysis field; definition follows the literal field name and source table grain.,float32,64,18.96012306213379,5.50673770904541,0,64
right,bases/block_43_down.npz,1769472,Machine-readable analysis field; definition follows the literal field name and source table grain.,float32,442368,0.07223311811685562,-0.062430087476968765,0,6912x64
left,bases/block_43_gate.npz,1769472,Machine-readable analysis field; definition follows the literal field name and source table grain.,float32,442368,0.05639440938830376,-0.06407690793275833,0,6912x64
singular_values,bases/block_43_gate.npz,256,Machine-readable analysis field; definition follows the literal field name and source table grain.,float32,64,78.2865219116211,4.705739974975586,0,64
right,bases/block_43_gate.npz,655360,Machine-readable analysis field; definition follows the literal field name and source table grain.,float32,163840,0.13543619215488434,-0.16157154738903046,0,2560x64
left,bases/block_43_k.npz,655360,Machine-readable analysis field; definition follows the literal field name and source table grain.,float32,163840,0.17243458330631256,-0.17522358894348145,0,2560x64
singular_values,bases/block_43_k.npz,256,Machine-readable analysis field; definition follows the literal field name and source table grain.,float32,64,18.902311325073242,4.17188024520874,0,64
right,bases/block_43_k.npz,655360,Machine-readable analysis field; definition follows the literal field name and source table grain.,float32,163840,0.23487749695777893,-0.18492554128170013,0,2560x64
left,bases/block_43_o.npz,655360,Machine-readable analysis field; definition follows the literal field name and source table grain.,float32,163840,0.21918588876724243,-0.48125743865966797,0,2560x64
singular_values,bases/block_43_o.npz,256,Machine-readable analysis field; definition follows the literal field name and source table grain.,float32,64,17.299884796142578,4.3427653312683105,0,64
right,bases/block_43_o.npz,655360,Machine-readable analysis field; definition follows the literal field name and source table grain.,float32,163840,0.17821258306503296,-0.18992887437343597,0,2560x64
left,bases/block_43_q.npz,655360,Machine-readable analysis field; definition follows the literal field name and source table grain.,float32,163840,0.13101597130298615,-0.12871524691581726,0,2560x64
singular_values,bases/block_43_q.npz,256,Machine-readable analysis field; definition follows the literal field name and source table grain.,float32,64,15.15848445892334,4.4229230880737305,0,64
right,bases/block_43_q.npz,655360,Machine-readable analysis field; definition follows the literal field name and source table grain.,float32,163840,0.1322413682937622,-0.21119628846645355,0,2560x64
left,bases/block_43_v.npz,655360,Machine-readable analysis field; definition follows the literal field name and source table grain.,float32,163840,0.14825992286205292,-0.14612680673599243,0,2560x64
singular_values,bases/block_43_v.npz,256,Machine-readable analysis field; definition follows the literal field name and source table grain.,float32,64,16.924026489257812,4.396047592163086,0,64
right,bases/block_43_v.npz,655360,Machine-readable analysis field; definition follows the literal field name and source table grain.,float32,163840,0.16062165796756744,-0.1319531351327896,0,2560x64
left,bases/block_43_value.npz,1769472,Machine-readable analysis field; definition follows the literal field name and source table grain.,float32,442368,0.06639344245195389,-0.060066111385822296,0,6912x64
singular_values,bases/block_43_value.npz,256,Machine-readable analysis field; definition follows the literal field name and source table grain.,float32,64,34.242061614990234,5.421751022338867,0,64
right,bases/block_43_value.npz,655360,Machine-readable analysis field; definition follows the literal field name and source table grain.,float32,163840,0.10690057277679443,-0.11577723920345306,0,2560x64
left,bases/block_44_down.npz,655360,Machine-readable analysis field; definition follows the literal field name and source table grain.,float32,163840,0.2972061336040497,-0.10566211491823196,0,2560x64
singular_values,bases/block_44_down.npz,256,Machine-readable analysis field; definition follows the literal field name and source table grain.,float32,64,19.421287536621094,5.594173431396484,0,64
right,bases/block_44_down.npz,1769472,Machine-readable analysis field; definition follows the literal field name and source table grain.,float32,442368,0.05976887792348862,-0.0592927485704422,0,6912x64
left,bases/block_44_gate.npz,1769472,Machine-readable analysis field; definition follows the literal field name and source table grain.,float32,442368,0.056581996381282806,-0.07056055217981339,0,6912x64
singular_values,bases/block_44_gate.npz,256,Machine-readable analysis field; definition follows the literal field name and source table grain.,float32,64,74.76399993896484,4.784067630767822,0,64
right,bases/block_44_gate.npz,655360,Machine-readable analysis field; definition follows the literal field name and source table grain.,float32,163840,0.11715780198574066,-0.1908777952194214,0,2560x64
left,bases/block_44_k.npz,655360,Machine-readable analysis field; definition follows the literal field name and source table grain.,float32,163840,0.15365037322044373,-0.15750227868556976,0,2560x64
singular_values,bases/block_44_k.npz,256,Machine-readable analysis field; definition follows the literal field name and source table grain.,float32,64,18.49167251586914,4.243670463562012,0,64
right,bases/block_44_k.npz,655360,Machine-readable analysis field; definition follows the literal field name and source table grain.,float32,163840,0.24150457978248596,-0.2910328209400177,0,2560x64
left,bases/block_44_o.npz,655360,Machine-readable analysis field; definition follows the literal field name and source table grain.,float32,163840,0.4481419622898102,-0.30992719531059265,0,2560x64
singular_values,bases/block_44_o.npz,256,Machine-readable analysis field; definition follows the literal field name and source table grain.,float32,64,11.81044864654541,4.2320098876953125,0,64
right,bases/block_44_o.npz,655360,Machine-readable analysis field; definition follows the literal field name and source table grain.,float32,163840,0.2141638845205307,-0.20875129103660583,0,2560x64
left,bases/block_44_q.npz,655360,Machine-readable analysis field; definition follows the literal field name and source table grain.,float32,163840,0.15155617892742157,-0.15422263741493225,0,2560x64
singular_values,bases/block_44_q.npz,256,Machine-readable analysis field; definition follows the literal field name and source table grain.,float32,64,17.149063110351562,4.433567047119141,0,64
right,bases/block_44_q.npz,655360,Machine-readable analysis field; definition follows the literal field name and source table grain.,float32,163840,0.14911729097366333,-0.3387202024459839,0,2560x64
left,bases/block_44_v.npz,655360,Machine-readable analysis field; definition follows the literal field name and source table grain.,float32,163840,0.1644095927476883,-0.15546853840351105,0,2560x64
singular_values,bases/block_44_v.npz,256,Machine-readable analysis field; definition follows the literal field name and source table grain.,float32,64,14.235101699829102,4.243945598602295,0,64
right,bases/block_44_v.npz,655360,Machine-readable analysis field; definition follows the literal field name and source table grain.,float32,163840,0.12925896048545837,-0.12099646776914597,0,2560x64
left,bases/block_44_value.npz,1769472,Machine-readable analysis field; definition follows the literal field name and source table grain.,float32,442368,0.08345633745193481,-0.07866761833429337,0,6912x64
singular_values,bases/block_44_value.npz,256,Machine-readable analysis field; definition follows the literal field name and source table grain.,float32,64,32.28549575805664,5.461146354675293,0,64
right,bases/block_44_value.npz,655360,Machine-readable analysis field; definition follows the literal field name and source table grain.,float32,163840,0.11340045183897018,-0.10648656636476517,0,2560x64
left,bases/block_45_down.npz,655360,Machine-readable analysis field; definition follows the literal field name and source table grain.,float32,163840,0.2752333879470825,-0.4054267704486847,0,2560x64
singular_values,bases/block_45_down.npz,256,Machine-readable analysis field; definition follows the literal field name and source table grain.,float32,64,21.051149368286133,5.873297214508057,0,64
right,bases/block_45_down.npz,1769472,Machine-readable analysis field; definition follows the literal field name and source table grain.,float32,442368,0.06455500423908234,-0.07099183648824692,0,6912x64
left,bases/block_45_gate.npz,1769472,Machine-readable analysis field; definition follows the literal field name and source table grain.,float32,442368,0.06105315685272217,-0.06718913465738297,0,6912x64
singular_values,bases/block_45_gate.npz,256,Machine-readable analysis field; definition follows the literal field name and source table grain.,float32,64,70.34300231933594,4.929412364959717,0,64
right,bases/block_45_gate.npz,655360,Machine-readable analysis field; definition follows the literal field name and source table grain.,float32,163840,0.11986816674470901,-0.20140835642814636,0,2560x64
left,bases/block_45_k.npz,655360,Machine-readable analysis field; definition follows the literal field name and source table grain.,float32,163840,0.1577504426240921,-0.15795642137527466,0,2560x64
singular_values,bases/block_45_k.npz,256,Machine-readable analysis field; definition follows the literal field name and source table grain.,float32,64,21.742027282714844,4.147380828857422,0,64
right,bases/block_45_k.npz,655360,Machine-readable analysis field; definition follows the literal field name and source table grain.,float32,163840,0.19522033631801605,-0.26341739296913147,0,2560x64
left,bases/block_45_o.npz,655360,Machine-readable analysis field; definition follows the literal field name and source table grain.,float32,163840,0.6210833787918091,-0.18567395210266113,0,2560x64
singular_values,bases/block_45_o.npz,256,Machine-readable analysis field; definition follows the literal field name and source table grain.,float32,64,9.891936302185059,4.275995254516602,0,64
right,bases/block_45_o.npz,655360,Machine-readable analysis field; definition follows the literal field name and source table grain.,float32,163840,0.17369051277637482,-0.1766214221715927,0,2560x64
left,bases/block_45_q.npz,655360,Machine-readable analysis field; definition follows the literal field name and source table grain.,float32,163840,0.13566869497299194,-0.16270537674427032,0,2560x64
singular_values,bases/block_45_q.npz,256,Machine-readable analysis field; definition follows the literal field name and source table grain.,float32,64,17.634578704833984,4.483438968658447,0,64
right,bases/block_45_q.npz,655360,Machine-readable analysis field; definition follows the literal field name and source table grain.,float32,163840,0.17787036299705505,-0.2150346040725708,0,2560x64
left,bases/block_45_v.npz,655360,Machine-readable analysis field; definition follows the literal field name and source table grain.,float32,163840,0.20673730969429016,-0.15344275534152985,0,2560x64
singular_values,bases/block_45_v.npz,256,Machine-readable analysis field; definition follows the literal field name and source table grain.,float32,64,15.19921875,4.225339412689209,0,64
right,bases/block_45_v.npz,655360,Machine-readable analysis field; definition follows the literal field name and source table grain.,float32,163840,0.12226878106594086,-0.1492367535829544,0,2560x64
left,bases/block_45_value.npz,1769472,Machine-readable analysis field; definition follows the literal field name and source table grain.,float32,442368,0.06944280862808228,-0.07087213546037674,0,6912x64
singular_values,bases/block_45_value.npz,256,Machine-readable analysis field; definition follows the literal field name and source table grain.,float32,64,28.740598678588867,5.546098709106445,0,64
right,bases/block_45_value.npz,655360,Machine-readable analysis field; definition follows the literal field name and source table grain.,float32,163840,0.12610654532909393,-0.10963161289691925,0,2560x64
left,bases/block_46_down.npz,655360,Machine-readable analysis field; definition follows the literal field name and source table grain.,float32,163840,0.3830578029155731,-0.6379452347755432,0,2560x64
singular_values,bases/block_46_down.npz,256,Machine-readable analysis field; definition follows the literal field name and source table grain.,float32,64,19.960914611816406,5.942435264587402,0,64
right,bases/block_46_down.npz,1769472,Machine-readable analysis field; definition follows the literal field name and source table grain.,float32,442368,0.08384992927312851,-0.08144296705722809,0,6912x64
left,bases/block_46_gate.npz,1769472,Machine-readable analysis field; definition follows the literal field name and source table grain.,float32,442368,0.07552432268857956,-0.07054411619901657,0,6912x64
singular_values,bases/block_46_gate.npz,256,Machine-readable analysis field; definition follows the literal field name and source table grain.,float32,64,54.085514068603516,5.457774639129639,0,64
right,bases/block_46_gate.npz,655360,Machine-readable analysis field; definition follows the literal field name and source table grain.,float32,163840,0.15418927371501923,-0.14531104266643524,0,2560x64
left,bases/block_46_k.npz,655360,Machine-readable analysis field; definition follows the literal field name and source table grain.,float32,163840,0.17141850292682648,-0.18034209311008453,0,2560x64
singular_values,bases/block_46_k.npz,256,Machine-readable analysis field; definition follows the literal field name and source table grain.,float32,64,18.426076889038086,4.224556922912598,0,64
right,bases/block_46_k.npz,655360,Machine-readable analysis field; definition follows the literal field name and source table grain.,float32,163840,0.23172882199287415,-0.15066267549991608,0,2560x64
left,bases/block_46_o.npz,655360,Machine-readable analysis field; definition follows the literal field name and source table grain.,float32,163840,0.3112272024154663,-0.5612795948982239,0,2560x64
singular_values,bases/block_46_o.npz,256,Machine-readable analysis field; definition follows the literal field name and source table grain.,float32,64,14.00503158569336,4.142185688018799,0,64
right,bases/block_46_o.npz,655360,Machine-readable analysis field; definition follows the literal field name and source table grain.,float32,163840,0.21692988276481628,-0.18471583724021912,0,2560x64
left,bases/block_46_q.npz,655360,Machine-readable analysis field; definition follows the literal field name and source table grain.,float32,163840,0.14153951406478882,-0.11920636892318726,0,2560x64
singular_values,bases/block_46_q.npz,256,Machine-readable analysis field; definition follows the literal field name and source table grain.,float32,64,16.60482406616211,4.456034183502197,0,64
right,bases/block_46_q.npz,655360,Machine-readable analysis field; definition follows the literal field name and source table grain.,float32,163840,0.21459755301475525,-0.30825892090797424,0,2560x64
left,bases/block_46_v.npz,655360,Machine-readable analysis field; definition follows the literal field name and source table grain.,float32,163840,0.18152017891407013,-0.17995890974998474,0,2560x64
singular_values,bases/block_46_v.npz,256,Machine-readable analysis field; definition follows the literal field name and source table grain.,float32,64,14.967981338500977,4.167438983917236,0,64
right,bases/block_46_v.npz,655360,Machine-readable analysis field; definition follows the literal field name and source table grain.,float32,163840,0.10607107728719711,-0.11948882043361664,0,2560x64
left,bases/block_46_value.npz,1769472,Machine-readable analysis field; definition follows the literal field name and source table grain.,float32,442368,0.08880232274532318,-0.07417013496160507,0,6912x64
singular_values,bases/block_46_value.npz,256,Machine-readable analysis field; definition follows the literal field name and source table grain.,float32,64,17.076385498046875,5.76771879196167,0,64
right,bases/block_46_value.npz,655360,Machine-readable analysis field; definition follows the literal field name and source table grain.,float32,163840,0.17039361596107483,-0.1419861614704132,0,2560x64
left,bases/block_47_down.npz,655360,Machine-readable analysis field; definition follows the literal field name and source table grain.,float32,163840,0.19754549860954285,-0.9228342771530151,0,2560x64
singular_values,bases/block_47_down.npz,256,Machine-readable analysis field; definition follows the literal field name and source table grain.,float32,64,22.78976821899414,5.956567287445068,0,64
right,bases/block_47_down.npz,1769472,Machine-readable analysis field; definition follows the literal field name and source table grain.,float32,442368,0.15547031164169312,-0.13987842202186584,0,6912x64
left,bases/block_47_gate.npz,1769472,Machine-readable analysis field; definition follows the literal field name and source table grain.,float32,442368,0.12475423514842987,-0.13126957416534424,0,6912x64
singular_values,bases/block_47_gate.npz,256,Machine-readable analysis field; definition follows the literal field name and source table grain.,float32,64,37.65309524536133,5.992970943450928,0,64
right,bases/block_47_gate.npz,655360,Machine-readable analysis field; definition follows the literal field name and source table grain.,float32,163840,0.18434828519821167,-0.2057594507932663,0,2560x64
left,bases/block_47_k.npz,655360,Machine-readable analysis field; definition follows the literal field name and source table grain.,float32,163840,0.16458578407764435,-0.16079430282115936,0,2560x64
singular_values,bases/block_47_k.npz,256,Machine-readable analysis field; definition follows the literal field name and source table grain.,float32,64,16.41486358642578,4.2619829177856445,0,64
right,bases/block_47_k.npz,655360,Machine-readable analysis field; definition follows the literal field name and source table grain.,float32,163840,0.23354557156562805,-0.15401041507720947,0,2560x64
left,bases/block_47_o.npz,655360,Machine-readable analysis field; definition follows the literal field name and source table grain.,float32,163840,0.4896370768547058,-0.46522775292396545,0,2560x64
singular_values,bases/block_47_o.npz,256,Machine-readable analysis field; definition follows the literal field name and source table grain.,float32,64,11.75456428527832,4.565830707550049,0,64
right,bases/block_47_o.npz,655360,Machine-readable analysis field; definition follows the literal field name and source table grain.,float32,163840,0.1889299899339676,-0.19052883982658386,0,2560x64
left,bases/block_47_q.npz,655360,Machine-readable analysis field; definition follows the literal field name and source table grain.,float32,163840,0.16909728944301605,-0.16935616731643677,0,2560x64
singular_values,bases/block_47_q.npz,256,Machine-readable analysis field; definition follows the literal field name and source table grain.,float32,64,18.683555603027344,4.4497857093811035,0,64
right,bases/block_47_q.npz,655360,Machine-readable analysis field; definition follows the literal field name and source table grain.,float32,163840,0.12454210221767426,-0.19139383733272552,0,2560x64
left,bases/block_47_v.npz,655360,Machine-readable analysis field; definition follows the literal field name and source table grain.,float32,163840,0.20711995661258698,-0.15160499513149261,0,2560x64
singular_values,bases/block_47_v.npz,256,Machine-readable analysis field; definition follows the literal field name and source table grain.,float32,64,13.894431114196777,4.272748947143555,0,64
right,bases/block_47_v.npz,655360,Machine-readable analysis field; definition follows the literal field name and source table grain.,float32,163840,0.12116678059101105,-0.13933876156806946,0,2560x64
left,bases/block_47_value.npz,1769472,Machine-readable analysis field; definition follows the literal field name and source table grain.,float32,442368,0.11763850599527359,-0.14132727682590485,0,6912x64
singular_values,bases/block_47_value.npz,256,Machine-readable analysis field; definition follows the literal field name and source table grain.,float32,64,22.86977195739746,5.812173843383789,0,64
right,bases/block_47_value.npz,655360,Machine-readable analysis field; definition follows the literal field name and source table grain.,float32,163840,0.2260008007287979,-0.1176304817199707,0,2560x64
left,bases/block_48_down.npz,655360,Machine-readable analysis field; definition follows the literal field name and source table grain.,float32,163840,0.551988422870636,-0.22737453877925873,0,2560x64
singular_values,bases/block_48_down.npz,256,Machine-readable analysis field; definition follows the literal field name and source table grain.,float32,64,17.802892684936523,6.7226033210754395,0,64
right,bases/block_48_down.npz,1769472,Machine-readable analysis field; definition follows the literal field name and source table grain.,float32,442368,0.09470406919717789,-0.08879631012678146,0,6912x64
left,bases/block_48_gate.npz,1769472,Machine-readable analysis field; definition follows the literal field name and source table grain.,float32,442368,0.09356618672609329,-0.10830772668123245,0,6912x64
singular_values,bases/block_48_gate.npz,256,Machine-readable analysis field; definition follows the literal field name and source table grain.,float32,64,28.877666473388672,6.686254024505615,0,64
right,bases/block_48_gate.npz,655360,Machine-readable analysis field; definition follows the literal field name and source table grain.,float32,163840,0.121939517557621,-0.14072270691394806,0,2560x64
left,bases/block_48_k.npz,655360,Machine-readable analysis field; definition follows the literal field name and source table grain.,float32,163840,0.1727033108472824,-0.1508881002664566,0,2560x64
singular_values,bases/block_48_k.npz,256,Machine-readable analysis field; definition follows the literal field name and source table grain.,float32,64,19.879276275634766,4.339811325073242,0,64
right,bases/block_48_k.npz,655360,Machine-readable analysis field; definition follows the literal field name and source table grain.,float32,163840,0.18769225478172302,-0.16113591194152832,0,2560x64
left,bases/block_48_o.npz,655360,Machine-readable analysis field; definition follows the literal field name and source table grain.,float32,163840,0.2140241116285324,-0.36830413341522217,0,2560x64
singular_values,bases/block_48_o.npz,256,Machine-readable analysis field; definition follows the literal field name and source table grain.,float32,64,10.193781852722168,4.560766220092773,0,64
right,bases/block_48_o.npz,655360,Machine-readable analysis field; definition follows the literal field name and source table grain.,float32,163840,0.18288366496562958,-0.1753247082233429,0,2560x64
left,bases/block_48_q.npz,655360,Machine-readable analysis field; definition follows the literal field name and source table grain.,float32,163840,0.20471172034740448,-0.19103755056858063,0,2560x64
singular_values,bases/block_48_q.npz,256,Machine-readable analysis field; definition follows the literal field name and source table grain.,float32,64,24.026424407958984,4.577673435211182,0,64
right,bases/block_48_q.npz,655360,Machine-readable analysis field; definition follows the literal field name and source table grain.,float32,163840,0.17564144730567932,-0.22839844226837158,0,2560x64
left,bases/block_48_v.npz,655360,Machine-readable analysis field; definition follows the literal field name and source table grain.,float32,163840,0.17860226333141327,-0.19917602837085724,0,2560x64
singular_values,bases/block_48_v.npz,256,Machine-readable analysis field; definition follows the literal field name and source table grain.,float32,64,10.893753051757812,4.0944318771362305,0,64
right,bases/block_48_v.npz,655360,Machine-readable analysis field; definition follows the literal field name and source table grain.,float32,163840,0.11239991337060928,-0.12743684649467468,0,2560x64
left,bases/block_48_value.npz,1769472,Machine-readable analysis field; definition follows the literal field name and source table grain.,float32,442368,0.12146111577749252,-0.1630619615316391,0,6912x64
singular_values,bases/block_48_value.npz,256,Machine-readable analysis field; definition follows the literal field name and source table grain.,float32,64,19.312026977539062,6.922634124755859,0,64
right,bases/block_48_value.npz,655360,Machine-readable analysis field; definition follows the literal field name and source table grain.,float32,163840,0.12827982008457184,-0.12554119527339935,0,2560x64
left,bases/block_49_down.npz,655360,Machine-readable analysis field; definition follows the literal field name and source table grain.,float32,163840,0.4374820291996002,-0.22145508229732513,0,2560x64
singular_values,bases/block_49_down.npz,256,Machine-readable analysis field; definition follows the literal field name and source table grain.,float32,64,18.516435623168945,6.719161033630371,0,64
right,bases/block_49_down.npz,1769472,Machine-readable analysis field; definition follows the literal field name and source table grain.,float32,442368,0.11058603227138519,-0.09463293105363846,0,6912x64
left,bases/block_49_gate.npz,1769472,Machine-readable analysis field; definition follows the literal field name and source table grain.,float32,442368,0.10247774422168732,-0.10465723276138306,0,6912x64
singular_values,bases/block_49_gate.npz,256,Machine-readable analysis field; definition follows the literal field name and source table grain.,float32,64,26.435327529907227,6.639345169067383,0,64
right,bases/block_49_gate.npz,655360,Machine-readable analysis field; definition follows the literal field name and source table grain.,float32,163840,0.1093996912240982,-0.09945619851350784,0,2560x64
left,bases/block_49_k.npz,655360,Machine-readable analysis field; definition follows the literal field name and source table grain.,float32,163840,0.21517573297023773,-0.19505155086517334,0,2560x64
singular_values,bases/block_49_k.npz,256,Machine-readable analysis field; definition follows the literal field name and source table grain.,float32,64,20.901447296142578,4.453817844390869,0,64
right,bases/block_49_k.npz,655360,Machine-readable analysis field; definition follows the literal field name and source table grain.,float32,163840,0.18484731018543243,-0.20462960004806519,0,2560x64
left,bases/block_49_o.npz,655360,Machine-readable analysis field; definition follows the literal field name and source table grain.,float32,163840,0.662736713886261,-0.10263439267873764,0,2560x64
singular_values,bases/block_49_o.npz,256,Machine-readable analysis field; definition follows the literal field name and source table grain.,float32,64,10.564287185668945,4.643455505371094,0,64
right,bases/block_49_o.npz,655360,Machine-readable analysis field; definition follows the literal field name and source table grain.,float32,163840,0.17641714215278625,-0.1774943321943283,0,2560x64
left,bases/block_49_q.npz,655360,Machine-readable analysis field; definition follows the literal field name and source table grain.,float32,163840,0.22652851045131683,-0.2231142222881317,0,2560x64
singular_values,bases/block_49_q.npz,256,Machine-readable analysis field; definition follows the literal field name and source table grain.,float32,64,22.64972496032715,4.627705097198486,0,64
right,bases/block_49_q.npz,655360,Machine-readable analysis field; definition follows the literal field name and source table grain.,float32,163840,0.20340633392333984,-0.13734188675880432,0,2560x64
left,bases/block_49_v.npz,655360,Machine-readable analysis field; definition follows the literal field name and source table grain.,float32,163840,0.22912396490573883,-0.18168394267559052,0,2560x64
singular_values,bases/block_49_v.npz,256,Machine-readable analysis field; definition follows the literal field name and source table grain.,float32,64,10.287385940551758,4.05042839050293,0,64
right,bases/block_49_v.npz,655360,Machine-readable analysis field; definition follows the literal field name and source table grain.,float32,163840,0.13333775103092194,-0.08417234569787979,0,2560x64
left,bases/block_49_value.npz,1769472,Machine-readable analysis field; definition follows the literal field name and source table grain.,float32,442368,0.10217278450727463,-0.11383849382400513,0,6912x64
singular_values,bases/block_49_value.npz,256,Machine-readable analysis field; definition follows the literal field name and source table grain.,float32,64,21.868276596069336,7.130039215087891,0,64
right,bases/block_49_value.npz,655360,Machine-readable analysis field; definition follows the literal field name and source table grain.,float32,163840,0.09147049486637115,-0.11674648523330688,0,2560x64
left,bases/block_50_down.npz,655360,Machine-readable analysis field; definition follows the literal field name and source table grain.,float32,163840,0.649850070476532,-0.27850204706192017,0,2560x64
singular_values,bases/block_50_down.npz,256,Machine-readable analysis field; definition follows the literal field name and source table grain.,float32,64,17.806884765625,5.899829864501953,0,64
right,bases/block_50_down.npz,1769472,Machine-readable analysis field; definition follows the literal field name and source table grain.,float32,442368,0.08728021383285522,-0.10709332674741745,0,6912x64
left,bases/block_50_gate.npz,1769472,Machine-readable analysis field; definition follows the literal field name and source table grain.,float32,442368,0.09142105281352997,-0.10702275484800339,0,6912x64
singular_values,bases/block_50_gate.npz,256,Machine-readable analysis field; definition follows the literal field name and source table grain.,float32,64,26.514076232910156,7.093225955963135,0,64
right,bases/block_50_gate.npz,655360,Machine-readable analysis field; definition follows the literal field name and source table grain.,float32,163840,0.11291532218456268,-0.0987418070435524,0,2560x64
left,bases/block_50_k.npz,655360,Machine-readable analysis field; definition follows the literal field name and source table grain.,float32,163840,0.1932256519794464,-0.19195233285427094,0,2560x64
singular_values,bases/block_50_k.npz,256,Machine-readable analysis field; definition follows the literal field name and source table grain.,float32,64,22.943567276000977,4.548312664031982,0,64
right,bases/block_50_k.npz,655360,Machine-readable analysis field; definition follows the literal field name and source table grain.,float32,163840,0.1570000797510147,-0.16095955669879913,0,2560x64
left,bases/block_50_o.npz,655360,Machine-readable analysis field; definition follows the literal field name and source table grain.,float32,163840,0.7288756370544434,-0.31734058260917664,0,2560x64
singular_values,bases/block_50_o.npz,256,Machine-readable analysis field; definition follows the literal field name and source table grain.,float32,64,9.41506290435791,4.152089595794678,0,64
right,bases/block_50_o.npz,655360,Machine-readable analysis field; definition follows the literal field name and source table grain.,float32,163840,0.1844605803489685,-0.213944211602211,0,2560x64
left,bases/block_50_q.npz,655360,Machine-readable analysis field; definition follows the literal field name and source table grain.,float32,163840,0.29804956912994385,-0.1956557184457779,0,2560x64
singular_values,bases/block_50_q.npz,256,Machine-readable analysis field; definition follows the literal field name and source table grain.,float32,64,25.944541931152344,4.651732444763184,0,64
right,bases/block_50_q.npz,655360,Machine-readable analysis field; definition follows the literal field name and source table grain.,float32,163840,0.13772477209568024,-0.13739268481731415,0,2560x64
left,bases/block_50_v.npz,655360,Machine-readable analysis field; definition follows the literal field name and source table grain.,float32,163840,0.20618866384029388,-0.15547801554203033,0,2560x64
singular_values,bases/block_50_v.npz,256,Machine-readable analysis field; definition follows the literal field name and source table grain.,float32,64,8.886534690856934,4.096944808959961,0,64
right,bases/block_50_v.npz,655360,Machine-readable analysis field; definition follows the literal field name and source table grain.,float32,163840,0.10873033106327057,-0.13324032723903656,0,2560x64
left,bases/block_50_value.npz,1769472,Machine-readable analysis field; definition follows the literal field name and source table grain.,float32,442368,0.09894341975450516,-0.09168928861618042,0,6912x64
singular_values,bases/block_50_value.npz,256,Machine-readable analysis field; definition follows the literal field name and source table grain.,float32,64,18.229480743408203,7.639383792877197,0,64
right,bases/block_50_value.npz,655360,Machine-readable analysis field; definition follows the literal field name and source table grain.,float32,163840,0.11541681736707687,-0.10445943474769592,0,2560x64
left,bases/block_51_down.npz,655360,Machine-readable analysis field; definition follows the literal field name and source table grain.,float32,163840,0.16122739017009735,-0.6395211815834045,0,2560x64
singular_values,bases/block_51_down.npz,256,Machine-readable analysis field; definition follows the literal field name and source table grain.,float32,64,14.999720573425293,5.241288661956787,0,64
right,bases/block_51_down.npz,1769472,Machine-readable analysis field; definition follows the literal field name and source table grain.,float32,442368,0.11257363110780716,-0.13183018565177917,0,6912x64
left,bases/block_51_gate.npz,1769472,Machine-readable analysis field; definition follows the literal field name and source table grain.,float32,442368,0.08645468950271606,-0.08504698425531387,0,6912x64
singular_values,bases/block_51_gate.npz,256,Machine-readable analysis field; definition follows the literal field name and source table grain.,float32,64,24.400306701660156,7.234685897827148,0,64
right,bases/block_51_gate.npz,655360,Machine-readable analysis field; definition follows the literal field name and source table grain.,float32,163840,0.1249079629778862,-0.10646349936723709,0,2560x64
left,bases/block_51_k.npz,655360,Machine-readable analysis field; definition follows the literal field name and source table grain.,float32,163840,0.26058804988861084,-0.23473192751407623,0,2560x64
singular_values,bases/block_51_k.npz,256,Machine-readable analysis field; definition follows the literal field name and source table grain.,float32,64,22.79823875427246,4.446659564971924,0,64
right,bases/block_51_k.npz,655360,Machine-readable analysis field; definition follows the literal field name and source table grain.,float32,163840,0.18004001677036285,-0.1455993503332138,0,2560x64
left,bases/block_51_o.npz,655360,Machine-readable analysis field; definition follows the literal field name and source table grain.,float32,163840,0.7407633662223816,-0.14775697886943817,0,2560x64
singular_values,bases/block_51_o.npz,256,Machine-readable analysis field; definition follows the literal field name and source table grain.,float32,64,9.655378341674805,4.014054775238037,0,64
right,bases/block_51_o.npz,655360,Machine-readable analysis field; definition follows the literal field name and source table grain.,float32,163840,0.23207959532737732,-0.2303524613380432,0,2560x64
left,bases/block_51_q.npz,655360,Machine-readable analysis field; definition follows the literal field name and source table grain.,float32,163840,0.3758630156517029,-0.20628724992275238,0,2560x64
singular_values,bases/block_51_q.npz,256,Machine-readable analysis field; definition follows the literal field name and source table grain.,float32,64,22.80651092529297,4.574591636657715,0,64
right,bases/block_51_q.npz,655360,Machine-readable analysis field; definition follows the literal field name and source table grain.,float32,163840,0.12715907394886017,-0.1784147173166275,0,2560x64
left,bases/block_51_v.npz,655360,Machine-readable analysis field; definition follows the literal field name and source table grain.,float32,163840,0.1608014851808548,-0.13809193670749664,0,2560x64
singular_values,bases/block_51_v.npz,256,Machine-readable analysis field; definition follows the literal field name and source table grain.,float32,64,9.49317741394043,4.528621196746826,0,64
right,bases/block_51_v.npz,655360,Machine-readable analysis field; definition follows the literal field name and source table grain.,float32,163840,0.10734638571739197,-0.13155497610569,0,2560x64
left,bases/block_51_value.npz,1769472,Machine-readable analysis field; definition follows the literal field name and source table grain.,float32,442368,0.10481364279985428,-0.12459888309240341,0,6912x64
singular_values,bases/block_51_value.npz,256,Machine-readable analysis field; definition follows the literal field name and source table grain.,float32,64,14.570006370544434,7.584403991699219,0,64
right,bases/block_51_value.npz,655360,Machine-readable analysis field; definition follows the literal field name and source table grain.,float32,163840,0.10131172090768814,-0.09328018128871918,0,2560x64
left,bases/block_52_down.npz,655360,Machine-readable analysis field; definition follows the literal field name and source table grain.,float32,163840,0.7762320041656494,-0.12558329105377197,0,2560x64
singular_values,bases/block_52_down.npz,256,Machine-readable analysis field; definition follows the literal field name and source table grain.,float32,64,11.032867431640625,5.078239440917969,0,64
right,bases/block_52_down.npz,1769472,Machine-readable analysis field; definition follows the literal field name and source table grain.,float32,442368,0.18447209894657135,-0.17248576879501343,0,6912x64
left,bases/block_52_gate.npz,1769472,Machine-readable analysis field; definition follows the literal field name and source table grain.,float32,442368,0.07340048253536224,-0.07351052761077881,0,6912x64
singular_values,bases/block_52_gate.npz,256,Machine-readable analysis field; definition follows the literal field name and source table grain.,float32,64,25.147706985473633,7.174254417419434,0,64
right,bases/block_52_gate.npz,655360,Machine-readable analysis field; definition follows the literal field name and source table grain.,float32,163840,0.11878472566604614,-0.10831668227910995,0,2560x64
left,bases/block_52_k.npz,655360,Machine-readable analysis field; definition follows the literal field name and source table grain.,float32,163840,0.2415459305047989,-0.2819828689098358,0,2560x64
singular_values,bases/block_52_k.npz,256,Machine-readable analysis field; definition follows the literal field name and source table grain.,float32,64,19.399559020996094,4.29460334777832,0,64
right,bases/block_52_k.npz,655360,Machine-readable analysis field; definition follows the literal field name and source table grain.,float32,163840,0.15556512773036957,-0.1652195155620575,0,2560x64
left,bases/block_52_o.npz,655360,Machine-readable analysis field; definition follows the literal field name and source table grain.,float32,163840,0.701896071434021,-0.2360219806432724,0,2560x64
singular_values,bases/block_52_o.npz,256,Machine-readable analysis field; definition follows the literal field name and source table grain.,float32,64,9.354827880859375,3.9974780082702637,0,64
right,bases/block_52_o.npz,655360,Machine-readable analysis field; definition follows the literal field name and source table grain.,float32,163840,0.19206608831882477,-0.17368239164352417,0,2560x64
left,bases/block_52_q.npz,655360,Machine-readable analysis field; definition follows the literal field name and source table grain.,float32,163840,0.3156589865684509,-0.26314255595207214,0,2560x64
singular_values,bases/block_52_q.npz,256,Machine-readable analysis field; definition follows the literal field name and source table grain.,float32,64,23.03624153137207,4.347797393798828,0,64
right,bases/block_52_q.npz,655360,Machine-readable analysis field; definition follows the literal field name and source table grain.,float32,163840,0.14322133362293243,-0.145932137966156,0,2560x64
left,bases/block_52_v.npz,655360,Machine-readable analysis field; definition follows the literal field name and source table grain.,float32,163840,0.17599119246006012,-0.13927143812179565,0,2560x64
singular_values,bases/block_52_v.npz,256,Machine-readable analysis field; definition follows the literal field name and source table grain.,float32,64,9.149081230163574,4.580589771270752,0,64
right,bases/block_52_v.npz,655360,Machine-readable analysis field; definition follows the literal field name and source table grain.,float32,163840,0.19873620569705963,-0.1636972427368164,0,2560x64
left,bases/block_52_value.npz,1769472,Machine-readable analysis field; definition follows the literal field name and source table grain.,float32,442368,0.16240103542804718,-0.11112520098686218,0,6912x64
singular_values,bases/block_52_value.npz,256,Machine-readable analysis field; definition follows the literal field name and source table grain.,float32,64,13.443772315979004,7.513957500457764,0,64
right,bases/block_52_value.npz,655360,Machine-readable analysis field; definition follows the literal field name and source table grain.,float32,163840,0.09703339636325836,-0.10526888072490692,0,2560x64
left,bases/block_53_down.npz,655360,Machine-readable analysis field; definition follows the literal field name and source table grain.,float32,163840,0.5682502388954163,-0.09781412780284882,0,2560x64
singular_values,bases/block_53_down.npz,256,Machine-readable analysis field; definition follows the literal field name and source table grain.,float32,64,8.111200332641602,5.135127544403076,0,64
right,bases/block_53_down.npz,1769472,Machine-readable analysis field; definition follows the literal field name and source table grain.,float32,442368,0.139492005109787,-0.15156672894954681,0,6912x64
left,bases/block_53_gate.npz,1769472,Machine-readable analysis field; definition follows the literal field name and source table grain.,float32,442368,0.07093284279108047,-0.08464573323726654,0,6912x64
singular_values,bases/block_53_gate.npz,256,Machine-readable analysis field; definition follows the literal field name and source table grain.,float32,64,27.318416595458984,7.0139946937561035,0,64
right,bases/block_53_gate.npz,655360,Machine-readable analysis field; definition follows the literal field name and source table grain.,float32,163840,0.12032945454120636,-0.09341887384653091,0,2560x64
left,bases/block_53_k.npz,655360,Machine-readable analysis field; definition follows the literal field name and source table grain.,float32,163840,0.3604409694671631,-0.3183978497982025,0,2560x64
singular_values,bases/block_53_k.npz,256,Machine-readable analysis field; definition follows the literal field name and source table grain.,float32,64,18.451751708984375,4.119585990905762,0,64
right,bases/block_53_k.npz,655360,Machine-readable analysis field; definition follows the literal field name and source table grain.,float32,163840,0.19780561327934265,-0.16863200068473816,0,2560x64
left,bases/block_53_o.npz,655360,Machine-readable analysis field; definition follows the literal field name and source table grain.,float32,163840,0.6764451861381531,-0.36715900897979736,0,2560x64
singular_values,bases/block_53_o.npz,256,Machine-readable analysis field; definition follows the literal field name and source table grain.,float32,64,8.731465339660645,3.9382855892181396,0,64
right,bases/block_53_o.npz,655360,Machine-readable analysis field; definition follows the literal field name and source table grain.,float32,163840,0.19141821563243866,-0.20811167359352112,0,2560x64
left,bases/block_53_q.npz,655360,Machine-readable analysis field; definition follows the literal field name and source table grain.,float32,163840,0.16469420492649078,-0.22030210494995117,0,2560x64
singular_values,bases/block_53_q.npz,256,Machine-readable analysis field; definition follows the literal field name and source table grain.,float32,64,22.061988830566406,4.18233060836792,0,64
right,bases/block_53_q.npz,655360,Machine-readable analysis field; definition follows the literal field name and source table grain.,float32,163840,0.13169768452644348,-0.12728169560432434,0,2560x64
left,bases/block_53_v.npz,655360,Machine-readable analysis field; definition follows the literal field name and source table grain.,float32,163840,0.146237313747406,-0.14320683479309082,0,2560x64
singular_values,bases/block_53_v.npz,256,Machine-readable analysis field; definition follows the literal field name and source table grain.,float32,64,9.324017524719238,4.74337100982666,0,64
right,bases/block_53_v.npz,655360,Machine-readable analysis field; definition follows the literal field name and source table grain.,float32,163840,0.16170527040958405,-0.1104903295636177,0,2560x64
left,bases/block_53_value.npz,1769472,Machine-readable analysis field; definition follows the literal field name and source table grain.,float32,442368,0.08666284382343292,-0.08076321333646774,0,6912x64
singular_values,bases/block_53_value.npz,256,Machine-readable analysis field; definition follows the literal field name and source table grain.,float32,64,14.252270698547363,7.039333343505859,0,64
right,bases/block_53_value.npz,655360,Machine-readable analysis field; definition follows the literal field name and source table grain.,float32,163840,0.08757279813289642,-0.1126088947057724,0,2560x64
left,bases/block_54_down.npz,655360,Machine-readable analysis field; definition follows the literal field name and source table grain.,float32,163840,0.22919927537441254,-0.4517766237258911,0,2560x64
singular_values,bases/block_54_down.npz,256,Machine-readable analysis field; definition follows the literal field name and source table grain.,float32,64,7.593629360198975,5.180209159851074,0,64
right,bases/block_54_down.npz,1769472,Machine-readable analysis field; definition follows the literal field name and source table grain.,float32,442368,0.12781265377998352,-0.15492136776447296,0,6912x64
left,bases/block_54_gate.npz,1769472,Machine-readable analysis field; definition follows the literal field name and source table grain.,float32,442368,0.057278987020254135,-0.06373366713523865,0,6912x64
singular_values,bases/block_54_gate.npz,256,Machine-readable analysis field; definition follows the literal field name and source table grain.,float32,64,28.483491897583008,6.787065029144287,0,64
right,bases/block_54_gate.npz,655360,Machine-readable analysis field; definition follows the literal field name and source table grain.,float32,163840,0.12571048736572266,-0.08668817579746246,0,2560x64
left,bases/block_54_k.npz,655360,Machine-readable analysis field; definition follows the literal field name and source table grain.,float32,163840,0.22312209010124207,-0.15334223210811615,0,2560x64
singular_values,bases/block_54_k.npz,256,Machine-readable analysis field; definition follows the literal field name and source table grain.,float32,64,16.834009170532227,3.949956178665161,0,64
right,bases/block_54_k.npz,655360,Machine-readable analysis field; definition follows the literal field name and source table grain.,float32,163840,0.22104816138744354,-0.2173147201538086,0,2560x64
left,bases/block_54_o.npz,655360,Machine-readable analysis field; definition follows the literal field name and source table grain.,float32,163840,0.6902125477790833,-0.4993188679218292,0,2560x64
singular_values,bases/block_54_o.npz,256,Machine-readable analysis field; definition follows the literal field name and source table grain.,float32,64,6.900064468383789,3.7516794204711914,0,64
right,bases/block_54_o.npz,655360,Machine-readable analysis field; definition follows the literal field name and source table grain.,float32,163840,0.1706341654062271,-0.15228812396526337,0,2560x64
left,bases/block_54_q.npz,655360,Machine-readable analysis field; definition follows the literal field name and source table grain.,float32,163840,0.20181192457675934,-0.19053782522678375,0,2560x64
singular_values,bases/block_54_q.npz,256,Machine-readable analysis field; definition follows the literal field name and source table grain.,float32,64,20.744876861572266,4.0495452880859375,0,64
right,bases/block_54_q.npz,655360,Machine-readable analysis field; definition follows the literal field name and source table grain.,float32,163840,0.15592624247074127,-0.1360471397638321,0,2560x64
left,bases/block_54_v.npz,655360,Machine-readable analysis field; definition follows the literal field name and source table grain.,float32,163840,0.16091388463974,-0.16246281564235687,0,2560x64
singular_values,bases/block_54_v.npz,256,Machine-readable analysis field; definition follows the literal field name and source table grain.,float32,64,8.395244598388672,4.448645114898682,0,64
right,bases/block_54_v.npz,655360,Machine-readable analysis field; definition follows the literal field name and source table grain.,float32,163840,0.16441814601421356,-0.1900857537984848,0,2560x64
left,bases/block_54_value.npz,1769472,Machine-readable analysis field; definition follows the literal field name and source table grain.,float32,442368,0.10156209766864777,-0.09288617223501205,0,6912x64
singular_values,bases/block_54_value.npz,256,Machine-readable analysis field; definition follows the literal field name and source table grain.,float32,64,12.852474212646484,6.689578056335449,0,64
right,bases/block_54_value.npz,655360,Machine-readable analysis field; definition follows the literal field name and source table grain.,float32,163840,0.10357508063316345,-0.08570586889982224,0,2560x64
left,bases/block_55_down.npz,655360,Machine-readable analysis field; definition follows the literal field name and source table grain.,float32,163840,0.22234484553337097,-0.23949788510799408,0,2560x64
singular_values,bases/block_55_down.npz,256,Machine-readable analysis field; definition follows the literal field name and source table grain.,float32,64,8.662817001342773,5.243896961212158,0,64
right,bases/block_55_down.npz,1769472,Machine-readable analysis field; definition follows the literal field name and source table grain.,float32,442368,0.15840555727481842,-0.09331278502941132,0,6912x64
left,bases/block_55_gate.npz,1769472,Machine-readable analysis field; definition follows the literal field name and source table grain.,float32,442368,0.0554719939827919,-0.06658509373664856,0,6912x64
singular_values,bases/block_55_gate.npz,256,Machine-readable analysis field; definition follows the literal field name and source table grain.,float32,64,28.263002395629883,6.433923721313477,0,64
right,bases/block_55_gate.npz,655360,Machine-readable analysis field; definition follows the literal field name and source table grain.,float32,163840,0.13223890960216522,-0.0962367132306099,0,2560x64
left,bases/block_55_k.npz,655360,Machine-readable analysis field; definition follows the literal field name and source table grain.,float32,163840,0.24417585134506226,-0.2563371956348419,0,2560x64
singular_values,bases/block_55_k.npz,256,Machine-readable analysis field; definition follows the literal field name and source table grain.,float32,64,14.46101188659668,3.89617919921875,0,64
right,bases/block_55_k.npz,655360,Machine-readable analysis field; definition follows the literal field name and source table grain.,float32,163840,0.22937580943107605,-0.25198718905448914,0,2560x64
left,bases/block_55_o.npz,655360,Machine-readable analysis field; definition follows the literal field name and source table grain.,float32,163840,0.6434658169746399,-0.13860580325126648,0,2560x64
singular_values,bases/block_55_o.npz,256,Machine-readable analysis field; definition follows the literal field name and source table grain.,float32,64,8.17803955078125,3.759521961212158,0,64
right,bases/block_55_o.npz,655360,Machine-readable analysis field; definition follows the literal field name and source table grain.,float32,163840,0.18892140686511993,-0.16864341497421265,0,2560x64
left,bases/block_55_q.npz,655360,Machine-readable analysis field; definition follows the literal field name and source table grain.,float32,163840,0.2532864809036255,-0.2543119788169861,0,2560x64
singular_values,bases/block_55_q.npz,256,Machine-readable analysis field; definition follows the literal field name and source table grain.,float32,64,16.601167678833008,4.00834321975708,0,64
right,bases/block_55_q.npz,655360,Machine-readable analysis field; definition follows the literal field name and source table grain.,float32,163840,0.12479566782712936,-0.16740848124027252,0,2560x64
left,bases/block_55_v.npz,655360,Machine-readable analysis field; definition follows the literal field name and source table grain.,float32,163840,0.13860273361206055,-0.13937842845916748,0,2560x64
singular_values,bases/block_55_v.npz,256,Machine-readable analysis field; definition follows the literal field name and source table grain.,float32,64,8.6774263381958,4.393143653869629,0,64
right,bases/block_55_v.npz,655360,Machine-readable analysis field; definition follows the literal field name and source table grain.,float32,163840,0.14885123074054718,-0.1612602323293686,0,2560x64
left,bases/block_55_value.npz,1769472,Machine-readable analysis field; definition follows the literal field name and source table grain.,float32,442368,0.07913821190595627,-0.08713468909263611,0,6912x64
singular_values,bases/block_55_value.npz,256,Machine-readable analysis field; definition follows the literal field name and source table grain.,float32,64,11.4203462600708,6.185080528259277,0,64
right,bases/block_55_value.npz,655360,Machine-readable analysis field; definition follows the literal field name and source table grain.,float32,163840,0.08086980879306793,-0.08749644458293915,0,2560x64
left,bases/block_56_down.npz,655360,Machine-readable analysis field; definition follows the literal field name and source table grain.,float32,163840,0.09826444089412689,-0.10034400969743729,0,2560x64
singular_values,bases/block_56_down.npz,256,Machine-readable analysis field; definition follows the literal field name and source table grain.,float32,64,11.102241516113281,5.2995381355285645,0,64
right,bases/block_56_down.npz,1769472,Machine-readable analysis field; definition follows the literal field name and source table grain.,float32,442368,0.10412392020225525,-0.08483663201332092,0,6912x64
left,bases/block_56_gate.npz,1769472,Machine-readable analysis field; definition follows the literal field name and source table grain.,float32,442368,0.05596427619457245,-0.05347820371389389,0,6912x64
singular_values,bases/block_56_gate.npz,256,Machine-readable analysis field; definition follows the literal field name and source table grain.,float32,64,27.666385650634766,6.407907009124756,0,64
right,bases/block_56_gate.npz,655360,Machine-readable analysis field; definition follows the literal field name and source table grain.,float32,163840,0.14106062054634094,-0.09561900049448013,0,2560x64
left,bases/block_56_k.npz,655360,Machine-readable analysis field; definition follows the literal field name and source table grain.,float32,163840,0.2476150542497635,-0.4350927174091339,0,2560x64
singular_values,bases/block_56_k.npz,256,Machine-readable analysis field; definition follows the literal field name and source table grain.,float32,64,12.245575904846191,3.8524768352508545,0,64
right,bases/block_56_k.npz,655360,Machine-readable analysis field; definition follows the literal field name and source table grain.,float32,163840,0.18374815583229065,-0.254657119512558,0,2560x64
left,bases/block_56_o.npz,655360,Machine-readable analysis field; definition follows the literal field name and source table grain.,float32,163840,0.3434683680534363,-0.5628368258476257,0,2560x64
singular_values,bases/block_56_o.npz,256,Machine-readable analysis field; definition follows the literal field name and source table grain.,float32,64,9.233604431152344,3.8182339668273926,0,64
right,bases/block_56_o.npz,655360,Machine-readable analysis field; definition follows the literal field name and source table grain.,float32,163840,0.21050061285495758,-0.20193804800510406,0,2560x64
left,bases/block_56_q.npz,655360,Machine-readable analysis field; definition follows the literal field name and source table grain.,float32,163840,0.23263920843601227,-0.23632793128490448,0,2560x64
singular_values,bases/block_56_q.npz,256,Machine-readable analysis field; definition follows the literal field name and source table grain.,float32,64,17.174251556396484,3.893523693084717,0,64
right,bases/block_56_q.npz,655360,Machine-readable analysis field; definition follows the literal field name and source table grain.,float32,163840,0.1658782660961151,-0.1711014211177826,0,2560x64
left,bases/block_56_v.npz,655360,Machine-readable analysis field; definition follows the literal field name and source table grain.,float32,163840,0.1639084815979004,-0.17145928740501404,0,2560x64
singular_values,bases/block_56_v.npz,256,Machine-readable analysis field; definition follows the literal field name and source table grain.,float32,64,9.278555870056152,4.236086368560791,0,64
right,bases/block_56_v.npz,655360,Machine-readable analysis field; definition follows the literal field name and source table grain.,float32,163840,0.2008308321237564,-0.286883145570755,0,2560x64
left,bases/block_56_value.npz,1769472,Machine-readable analysis field; definition follows the literal field name and source table grain.,float32,442368,0.08601976186037064,-0.10484597086906433,0,6912x64
singular_values,bases/block_56_value.npz,256,Machine-readable analysis field; definition follows the literal field name and source table grain.,float32,64,8.987534523010254,5.997675895690918,0,64
right,bases/block_56_value.npz,655360,Machine-readable analysis field; definition follows the literal field name and source table grain.,float32,163840,0.11325526237487793,-0.08154446631669998,0,2560x64
left,bases/block_57_down.npz,655360,Machine-readable analysis field; definition follows the literal field name and source table grain.,float32,163840,0.10345906019210815,-0.10152740776538849,0,2560x64
singular_values,bases/block_57_down.npz,256,Machine-readable analysis field; definition follows the literal field name and source table grain.,float32,64,11.943758964538574,5.342373371124268,0,64
right,bases/block_57_down.npz,1769472,Machine-readable analysis field; definition follows the literal field name and source table grain.,float32,442368,0.07737672328948975,-0.06795839965343475,0,6912x64
left,bases/block_57_gate.npz,1769472,Machine-readable analysis field; definition follows the literal field name and source table grain.,float32,442368,0.0575004443526268,-0.07545351982116699,0,6912x64
singular_values,bases/block_57_gate.npz,256,Machine-readable analysis field; definition follows the literal field name and source table grain.,float32,64,27.723491668701172,6.203920841217041,0,64
right,bases/block_57_gate.npz,655360,Machine-readable analysis field; definition follows the literal field name and source table grain.,float32,163840,0.14521165192127228,-0.14943163096904755,0,2560x64
left,bases/block_57_k.npz,655360,Machine-readable analysis field; definition follows the literal field name and source table grain.,float32,163840,0.34221234917640686,-0.30592671036720276,0,2560x64
singular_values,bases/block_57_k.npz,256,Machine-readable analysis field; definition follows the literal field name and source table grain.,float32,64,11.381142616271973,3.8133888244628906,0,64
right,bases/block_57_k.npz,655360,Machine-readable analysis field; definition follows the literal field name and source table grain.,float32,163840,0.20031461119651794,-0.26325148344039917,0,2560x64
left,bases/block_57_o.npz,655360,Machine-readable analysis field; definition follows the literal field name and source table grain.,float32,163840,0.37664592266082764,-0.44670864939689636,0,2560x64
singular_values,bases/block_57_o.npz,256,Machine-readable analysis field; definition follows the literal field name and source table grain.,float32,64,9.931512832641602,3.869607925415039,0,64
right,bases/block_57_o.npz,655360,Machine-readable analysis field; definition follows the literal field name and source table grain.,float32,163840,0.1956372857093811,-0.2110764980316162,0,2560x64
left,bases/block_57_q.npz,655360,Machine-readable analysis field; definition follows the literal field name and source table grain.,float32,163840,0.22723005712032318,-0.2244545966386795,0,2560x64
singular_values,bases/block_57_q.npz,256,Machine-readable analysis field; definition follows the literal field name and source table grain.,float32,64,15.90954875946045,3.8827149868011475,0,64
right,bases/block_57_q.npz,655360,Machine-readable analysis field; definition follows the literal field name and source table grain.,float32,163840,0.1719314604997635,-0.14961229264736176,0,2560x64
left,bases/block_57_v.npz,655360,Machine-readable analysis field; definition follows the literal field name and source table grain.,float32,163840,0.12667427957057953,-0.13751697540283203,0,2560x64
singular_values,bases/block_57_v.npz,256,Machine-readable analysis field; definition follows the literal field name and source table grain.,float32,64,9.187742233276367,4.169926643371582,0,64
right,bases/block_57_v.npz,655360,Machine-readable analysis field; definition follows the literal field name and source table grain.,float32,163840,0.22942620515823364,-0.14663569629192352,0,2560x64
left,bases/block_57_value.npz,1769472,Machine-readable analysis field; definition follows the literal field name and source table grain.,float32,442368,0.08770980685949326,-0.07099656015634537,0,6912x64
singular_values,bases/block_57_value.npz,256,Machine-readable analysis field; definition follows the literal field name and source table grain.,float32,64,9.175104141235352,5.812565326690674,0,64
right,bases/block_57_value.npz,655360,Machine-readable analysis field; definition follows the literal field name and source table grain.,float32,163840,0.08250842243432999,-0.0875597819685936,0,2560x64
left,bases/block_58_down.npz,655360,Machine-readable analysis field; definition follows the literal field name and source table grain.,float32,163840,0.1588047444820404,-0.14827217161655426,0,2560x64
singular_values,bases/block_58_down.npz,256,Machine-readable analysis field; definition follows the literal field name and source table grain.,float32,64,13.600820541381836,5.378820896148682,0,64
right,bases/block_58_down.npz,1769472,Machine-readable analysis field; definition follows the literal field name and source table grain.,float32,442368,0.09565082937479019,-0.09008641541004181,0,6912x64
left,bases/block_58_gate.npz,1769472,Machine-readable analysis field; definition follows the literal field name and source table grain.,float32,442368,0.08458608388900757,-0.06380610913038254,0,6912x64
singular_values,bases/block_58_gate.npz,256,Machine-readable analysis field; definition follows the literal field name and source table grain.,float32,64,26.834470748901367,6.1781535148620605,0,64
right,bases/block_58_gate.npz,655360,Machine-readable analysis field; definition follows the literal field name and source table grain.,float32,163840,0.14127270877361298,-0.10747238248586655,0,2560x64
left,bases/block_58_k.npz,655360,Machine-readable analysis field; definition follows the literal field name and source table grain.,float32,163840,0.3660661578178406,-0.3826681077480316,0,2560x64
singular_values,bases/block_58_k.npz,256,Machine-readable analysis field; definition follows the literal field name and source table grain.,float32,64,12.723921775817871,3.875467300415039,0,64
right,bases/block_58_k.npz,655360,Machine-readable analysis field; definition follows the literal field name and source table grain.,float32,163840,0.23239244520664215,-0.21886694431304932,0,2560x64
left,bases/block_58_o.npz,655360,Machine-readable analysis field; definition follows the literal field name and source table grain.,float32,163840,0.2150656282901764,-0.5656029582023621,0,2560x64
singular_values,bases/block_58_o.npz,256,Machine-readable analysis field; definition follows the literal field name and source table grain.,float32,64,8.878777503967285,3.873713970184326,0,64
right,bases/block_58_o.npz,655360,Machine-readable analysis field; definition follows the literal field name and source table grain.,float32,163840,0.1632574498653412,-0.19016748666763306,0,2560x64
left,bases/block_58_q.npz,655360,Machine-readable analysis field; definition follows the literal field name and source table grain.,float32,163840,0.2444981187582016,-0.24337711930274963,0,2560x64
singular_values,bases/block_58_q.npz,256,Machine-readable analysis field; definition follows the literal field name and source table grain.,float32,64,18.413843154907227,3.911919593811035,0,64
right,bases/block_58_q.npz,655360,Machine-readable analysis field; definition follows the literal field name and source table grain.,float32,163840,0.14057663083076477,-0.18108516931533813,0,2560x64
left,bases/block_58_v.npz,655360,Machine-readable analysis field; definition follows the literal field name and source table grain.,float32,163840,0.16133925318717957,-0.15961427986621857,0,2560x64
singular_values,bases/block_58_v.npz,256,Machine-readable analysis field; definition follows the literal field name and source table grain.,float32,64,9.77368450164795,4.162246227264404,0,64
right,bases/block_58_v.npz,655360,Machine-readable analysis field; definition follows the literal field name and source table grain.,float32,163840,0.24505765736103058,-0.20582199096679688,0,2560x64
left,bases/block_58_value.npz,1769472,Machine-readable analysis field; definition follows the literal field name and source table grain.,float32,442368,0.08937978744506836,-0.09516703337430954,0,6912x64
singular_values,bases/block_58_value.npz,256,Machine-readable analysis field; definition follows the literal field name and source table grain.,float32,64,8.272459983825684,5.688819408416748,0,64
right,bases/block_58_value.npz,655360,Machine-readable analysis field; definition follows the literal field name and source table grain.,float32,163840,0.08537536859512329,-0.09699678421020508,0,2560x64
left,bases/block_59_down.npz,655360,Machine-readable analysis field; definition follows the literal field name and source table grain.,float32,163840,0.3155335783958435,-0.3243093490600586,0,2560x64
singular_values,bases/block_59_down.npz,256,Machine-readable analysis field; definition follows the literal field name and source table grain.,float32,64,14.447000503540039,5.42754602432251,0,64
right,bases/block_59_down.npz,1769472,Machine-readable analysis field; definition follows the literal field name and source table grain.,float32,442368,0.16837970912456512,-0.12493038177490234,0,6912x64
left,bases/block_59_gate.npz,1769472,Machine-readable analysis field; definition follows the literal field name and source table grain.,float32,442368,0.058259639889001846,-0.06260131299495697,0,6912x64
singular_values,bases/block_59_gate.npz,256,Machine-readable analysis field; definition follows the literal field name and source table grain.,float32,64,25.23983383178711,6.173237323760986,0,64
right,bases/block_59_gate.npz,655360,Machine-readable analysis field; definition follows the literal field name and source table grain.,float32,163840,0.1352757066488266,-0.08836954087018967,0,2560x64
left,bases/block_59_k.npz,655360,Machine-readable analysis field; definition follows the literal field name and source table grain.,float32,163840,0.34979483485221863,-0.2969217300415039,0,2560x64
singular_values,bases/block_59_k.npz,256,Machine-readable analysis field; definition follows the literal field name and source table grain.,float32,64,15.226655006408691,3.869656801223755,0,64
right,bases/block_59_k.npz,655360,Machine-readable analysis field; definition follows the literal field name and source table grain.,float32,163840,0.21363908052444458,-0.2397066354751587,0,2560x64
left,bases/block_59_o.npz,655360,Machine-readable analysis field; definition follows the literal field name and source table grain.,float32,163840,0.4700920283794403,-0.6456311941146851,0,2560x64
singular_values,bases/block_59_o.npz,256,Machine-readable analysis field; definition follows the literal field name and source table grain.,float32,64,11.658467292785645,4.10849666595459,0,64
right,bases/block_59_o.npz,655360,Machine-readable analysis field; definition follows the literal field name and source table grain.,float32,163840,0.20017343759536743,-0.19101642072200775,0,2560x64
left,bases/block_59_q.npz,655360,Machine-readable analysis field; definition follows the literal field name and source table grain.,float32,163840,0.4665897488594055,-0.4962320327758789,0,2560x64
singular_values,bases/block_59_q.npz,256,Machine-readable analysis field; definition follows the literal field name and source table grain.,float32,64,18.415918350219727,3.8971757888793945,0,64
right,bases/block_59_q.npz,655360,Machine-readable analysis field; definition follows the literal field name and source table grain.,float32,163840,0.16269776225090027,-0.13174933195114136,0,2560x64
left,bases/block_59_v.npz,655360,Machine-readable analysis field; definition follows the literal field name and source table grain.,float32,163840,0.16423484683036804,-0.14959436655044556,0,2560x64
singular_values,bases/block_59_v.npz,256,Machine-readable analysis field; definition follows the literal field name and source table grain.,float32,64,11.13642406463623,4.294760227203369,0,64
right,bases/block_59_v.npz,655360,Machine-readable analysis field; definition follows the literal field name and source table grain.,float32,163840,0.21486131846904755,-0.25734907388687134,0,2560x64
left,bases/block_59_value.npz,1769472,Machine-readable analysis field; definition follows the literal field name and source table grain.,float32,442368,0.18758624792099,-0.15604268014431,0,6912x64
singular_values,bases/block_59_value.npz,256,Machine-readable analysis field; definition follows the literal field name and source table grain.,float32,64,9.836852073669434,5.637024879455566,0,64
right,bases/block_59_value.npz,655360,Machine-readable analysis field; definition follows the literal field name and source table grain.,float32,163840,0.09599146991968155,-0.10540995746850967,0,2560x64
left,bases/block_60_down.npz,655360,Machine-readable analysis field; definition follows the literal field name and source table grain.,float32,163840,0.1731267124414444,-0.7760705351829529,0,2560x64
singular_values,bases/block_60_down.npz,256,Machine-readable analysis field; definition follows the literal field name and source table grain.,float32,64,10.869209289550781,5.483436107635498,0,64
right,bases/block_60_down.npz,1769472,Machine-readable analysis field; definition follows the literal field name and source table grain.,float32,442368,0.3051343858242035,-0.209524005651474,0,6912x64
left,bases/block_60_gate.npz,1769472,Machine-readable analysis field; definition follows the literal field name and source table grain.,float32,442368,0.0652746707201004,-0.07239057868719101,0,6912x64
singular_values,bases/block_60_gate.npz,256,Machine-readable analysis field; definition follows the literal field name and source table grain.,float32,64,24.56593132019043,6.2538838386535645,0,64
right,bases/block_60_gate.npz,655360,Machine-readable analysis field; definition follows the literal field name and source table grain.,float32,163840,0.1244102492928505,-0.08857925236225128,0,2560x64
left,bases/block_60_k.npz,655360,Machine-readable analysis field; definition follows the literal field name and source table grain.,float32,163840,0.31471696496009827,-0.2754932940006256,0,2560x64
singular_values,bases/block_60_k.npz,256,Machine-readable analysis field; definition follows the literal field name and source table grain.,float32,64,20.040468215942383,3.9091780185699463,0,64
right,bases/block_60_k.npz,655360,Machine-readable analysis field; definition follows the literal field name and source table grain.,float32,163840,0.253785103559494,-0.20365247130393982,0,2560x64
left,bases/block_60_o.npz,655360,Machine-readable analysis field; definition follows the literal field name and source table grain.,float32,163840,0.5056338906288147,-0.5309073328971863,0,2560x64
singular_values,bases/block_60_o.npz,256,Machine-readable analysis field; definition follows the literal field name and source table grain.,float32,64,13.93111515045166,4.203402042388916,0,64
right,bases/block_60_o.npz,655360,Machine-readable analysis field; definition follows the literal field name and source table grain.,float32,163840,0.1764647662639618,-0.15628106892108917,0,2560x64
left,bases/block_60_q.npz,655360,Machine-readable analysis field; definition follows the literal field name and source table grain.,float32,163840,0.5735936164855957,-0.3273114264011383,0,2560x64
singular_values,bases/block_60_q.npz,256,Machine-readable analysis field; definition follows the literal field name and source table grain.,float32,64,18.433372497558594,3.8799962997436523,0,64
right,bases/block_60_q.npz,655360,Machine-readable analysis field; definition follows the literal field name and source table grain.,float32,163840,0.10175975412130356,-0.13560909032821655,0,2560x64
left,bases/block_60_v.npz,655360,Machine-readable analysis field; definition follows the literal field name and source table grain.,float32,163840,0.16644473373889923,-0.1680186688899994,0,2560x64
singular_values,bases/block_60_v.npz,256,Machine-readable analysis field; definition follows the literal field name and source table grain.,float32,64,13.153828620910645,4.422136306762695,0,64
right,bases/block_60_v.npz,655360,Machine-readable analysis field; definition follows the literal field name and source table grain.,float32,163840,0.2620663642883301,-0.09600958973169327,0,2560x64
left,bases/block_60_value.npz,1769472,Machine-readable analysis field; definition follows the literal field name and source table grain.,float32,442368,0.19845493137836456,-0.1426159143447876,0,6912x64
singular_values,bases/block_60_value.npz,256,Machine-readable analysis field; definition follows the literal field name and source table grain.,float32,64,11.231911659240723,5.658638000488281,0,64
right,bases/block_60_value.npz,655360,Machine-readable analysis field; definition follows the literal field name and source table grain.,float32,163840,0.11587594449520111,-0.11358421295881271,0,2560x64
left,bases/block_61_down.npz,655360,Machine-readable analysis field; definition follows the literal field name and source table grain.,float32,163840,0.28792136907577515,-0.7318278551101685,0,2560x64
singular_values,bases/block_61_down.npz,256,Machine-readable analysis field; definition follows the literal field name and source table grain.,float32,64,8.884902954101562,5.565923690795898,0,64
right,bases/block_61_down.npz,1769472,Machine-readable analysis field; definition follows the literal field name and source table grain.,float32,442368,0.12294536828994751,-0.14462614059448242,0,6912x64
left,bases/block_61_gate.npz,1769472,Machine-readable analysis field; definition follows the literal field name and source table grain.,float32,442368,0.09691872447729111,-0.09121045470237732,0,6912x64
singular_values,bases/block_61_gate.npz,256,Machine-readable analysis field; definition follows the literal field name and source table grain.,float32,64,24.554683685302734,6.074151515960693,0,64
right,bases/block_61_gate.npz,655360,Machine-readable analysis field; definition follows the literal field name and source table grain.,float32,163840,0.14032728970050812,-0.14129213988780975,0,2560x64
left,bases/block_61_k.npz,655360,Machine-readable analysis field; definition follows the literal field name and source table grain.,float32,163840,0.34762242436408997,-0.2932276725769043,0,2560x64
singular_values,bases/block_61_k.npz,256,Machine-readable analysis field; definition follows the literal field name and source table grain.,float32,64,18.739444732666016,3.865447759628296,0,64
right,bases/block_61_k.npz,655360,Machine-readable analysis field; definition follows the literal field name and source table grain.,float32,163840,0.21441324055194855,-0.22700734436511993,0,2560x64
left,bases/block_61_o.npz,655360,Machine-readable analysis field; definition follows the literal field name and source table grain.,float32,163840,0.712235152721405,-0.18620941042900085,0,2560x64
singular_values,bases/block_61_o.npz,256,Machine-readable analysis field; definition follows the literal field name and source table grain.,float32,64,9.215463638305664,4.062813758850098,0,64
right,bases/block_61_o.npz,655360,Machine-readable analysis field; definition follows the literal field name and source table grain.,float32,163840,0.24198345839977264,-0.24946075677871704,0,2560x64
left,bases/block_61_q.npz,655360,Machine-readable analysis field; definition follows the literal field name and source table grain.,float32,163840,0.23708269000053406,-0.5178050398826599,0,2560x64
singular_values,bases/block_61_q.npz,256,Machine-readable analysis field; definition follows the literal field name and source table grain.,float32,64,19.57086753845215,3.8483011722564697,0,64
right,bases/block_61_q.npz,655360,Machine-readable analysis field; definition follows the literal field name and source table grain.,float32,163840,0.17512840032577515,-0.1341274231672287,0,2560x64
left,bases/block_61_v.npz,655360,Machine-readable analysis field; definition follows the literal field name and source table grain.,float32,163840,0.172788605093956,-0.17610031366348267,0,2560x64
singular_values,bases/block_61_v.npz,256,Machine-readable analysis field; definition follows the literal field name and source table grain.,float32,64,12.00538158416748,4.304067134857178,0,64
right,bases/block_61_v.npz,655360,Machine-readable analysis field; definition follows the literal field name and source table grain.,float32,163840,0.15813787281513214,-0.09600876271724701,0,2560x64
left,bases/block_61_value.npz,1769472,Machine-readable analysis field; definition follows the literal field name and source table grain.,float32,442368,0.15599755942821503,-0.14818371832370758,0,6912x64
singular_values,bases/block_61_value.npz,256,Machine-readable analysis field; definition follows the literal field name and source table grain.,float32,64,12.745226860046387,5.5957231521606445,0,64
right,bases/block_61_value.npz,655360,Machine-readable analysis field; definition follows the literal field name and source table grain.,float32,163840,0.0978722870349884,-0.110380157828331,0,2560x64
left,bases/block_62_down.npz,655360,Machine-readable analysis field; definition follows the literal field name and source table grain.,float32,163840,0.6571945548057556,-0.09601380676031113,0,2560x64
singular_values,bases/block_62_down.npz,256,Machine-readable analysis field; definition follows the literal field name and source table grain.,float32,64,7.325600624084473,5.597889423370361,0,64
right,bases/block_62_down.npz,1769472,Machine-readable analysis field; definition follows the literal field name and source table grain.,float32,442368,0.18855468928813934,-0.0817747563123703,0,6912x64
left,bases/block_62_gate.npz,1769472,Machine-readable analysis field; definition follows the literal field name and source table grain.,float32,442368,0.058636147528886795,-0.07459604740142822,0,6912x64
singular_values,bases/block_62_gate.npz,256,Machine-readable analysis field; definition follows the literal field name and source table grain.,float32,64,25.06988525390625,6.005298614501953,0,64
right,bases/block_62_gate.npz,655360,Machine-readable analysis field; definition follows the literal field name and source table grain.,float32,163840,0.1437501162290573,-0.08902545273303986,0,2560x64
left,bases/block_62_k.npz,655360,Machine-readable analysis field; definition follows the literal field name and source table grain.,float32,163840,0.18036580085754395,-0.2932327091693878,0,2560x64
singular_values,bases/block_62_k.npz,256,Machine-readable analysis field; definition follows the literal field name and source table grain.,float32,64,15.489693641662598,3.8165948390960693,0,64
right,bases/block_62_k.npz,655360,Machine-readable analysis field; definition follows the literal field name and source table grain.,float32,163840,0.2341531664133072,-0.21649323403835297,0,2560x64
left,bases/block_62_o.npz,655360,Machine-readable analysis field; definition follows the literal field name and source table grain.,float32,163840,0.10349001735448837,-0.8448868989944458,0,2560x64
singular_values,bases/block_62_o.npz,256,Machine-readable analysis field; definition follows the literal field name and source table grain.,float32,64,7.495563507080078,3.9586832523345947,0,64
right,bases/block_62_o.npz,655360,Machine-readable analysis field; definition follows the literal field name and source table grain.,float32,163840,0.21259497106075287,-0.16216425597667694,0,2560x64
left,bases/block_62_q.npz,655360,Machine-readable analysis field; definition follows the literal field name and source table grain.,float32,163840,0.24422606825828552,-0.2439774125814438,0,2560x64
singular_values,bases/block_62_q.npz,256,Machine-readable analysis field; definition follows the literal field name and source table grain.,float32,64,18.455429077148438,3.818659543991089,0,64
right,bases/block_62_q.npz,655360,Machine-readable analysis field; definition follows the literal field name and source table grain.,float32,163840,0.15969330072402954,-0.19686508178710938,0,2560x64
left,bases/block_62_v.npz,655360,Machine-readable analysis field; definition follows the literal field name and source table grain.,float32,163840,0.14600729942321777,-0.15801973640918732,0,2560x64
singular_values,bases/block_62_v.npz,256,Machine-readable analysis field; definition follows the literal field name and source table grain.,float32,64,11.969017028808594,4.216312408447266,0,64
right,bases/block_62_v.npz,655360,Machine-readable analysis field; definition follows the literal field name and source table grain.,float32,163840,0.17976345121860504,-0.14009247720241547,0,2560x64
left,bases/block_62_value.npz,1769472,Machine-readable analysis field; definition follows the literal field name and source table grain.,float32,442368,0.1342610865831375,-0.09399470686912537,0,6912x64
singular_values,bases/block_62_value.npz,256,Machine-readable analysis field; definition follows the literal field name and source table grain.,float32,64,11.25773811340332,5.584475040435791,0,64
right,bases/block_62_value.npz,655360,Machine-readable analysis field; definition follows the literal field name and source table grain.,float32,163840,0.10452950745820999,-0.10209864377975464,0,2560x64
left,bases/block_63_down.npz,655360,Machine-readable analysis field; definition follows the literal field name and source table grain.,float32,163840,0.09143674373626709,-0.7364273071289062,0,2560x64
singular_values,bases/block_63_down.npz,256,Machine-readable analysis field; definition follows the literal field name and source table grain.,float32,64,7.507874011993408,5.671215057373047,0,64
right,bases/block_63_down.npz,1769472,Machine-readable analysis field; definition follows the literal field name and source table grain.,float32,442368,0.1933390498161316,-0.2587624788284302,0,6912x64
left,bases/block_63_gate.npz,1769472,Machine-readable analysis field; definition follows the literal field name and source table grain.,float32,442368,0.07420510798692703,-0.06725431233644485,0,6912x64
singular_values,bases/block_63_gate.npz,256,Machine-readable analysis field; definition follows the literal field name and source table grain.,float32,64,24.655393600463867,5.9453911781311035,0,64
right,bases/block_63_gate.npz,655360,Machine-readable analysis field; definition follows the literal field name and source table grain.,float32,163840,0.14922256767749786,-0.09856532514095306,0,2560x64
left,bases/block_63_k.npz,655360,Machine-readable analysis field; definition follows the literal field name and source table grain.,float32,163840,0.20381604135036469,-0.20487290620803833,0,2560x64
singular_values,bases/block_63_k.npz,256,Machine-readable analysis field; definition follows the literal field name and source table grain.,float32,64,14.937313079833984,3.800030469894409,0,64
right,bases/block_63_k.npz,655360,Machine-readable analysis field; definition follows the literal field name and source table grain.,float32,163840,0.27781379222869873,-0.2391897588968277,0,2560x64
left,bases/block_63_o.npz,655360,Machine-readable analysis field; definition follows the literal field name and source table grain.,float32,163840,0.9162251353263855,-0.1604936420917511,0,2560x64
singular_values,bases/block_63_o.npz,256,Machine-readable analysis field; definition follows the literal field name and source table grain.,float32,64,7.6197075843811035,3.9484241008758545,0,64
right,bases/block_63_o.npz,655360,Machine-readable analysis field; definition follows the literal field name and source table grain.,float32,163840,0.16958068311214447,-0.18216025829315186,0,2560x64
left,bases/block_63_q.npz,655360,Machine-readable analysis field; definition follows the literal field name and source table grain.,float32,163840,0.2830651104450226,-0.2743316888809204,0,2560x64
singular_values,bases/block_63_q.npz,256,Machine-readable analysis field; definition follows the literal field name and source table grain.,float32,64,17.178817749023438,3.8696601390838623,0,64
right,bases/block_63_q.npz,655360,Machine-readable analysis field; definition follows the literal field name and source table grain.,float32,163840,0.18988539278507233,-0.10897400975227356,0,2560x64
left,bases/block_63_v.npz,655360,Machine-readable analysis field; definition follows the literal field name and source table grain.,float32,163840,0.13450144231319427,-0.13924700021743774,0,2560x64
singular_values,bases/block_63_v.npz,256,Machine-readable analysis field; definition follows the literal field name and source table grain.,float32,64,9.945913314819336,4.1890692710876465,0,64
right,bases/block_63_v.npz,655360,Machine-readable analysis field; definition follows the literal field name and source table grain.,float32,163840,0.19941064715385437,-0.12560291588306427,0,2560x64
left,bases/block_63_value.npz,1769472,Machine-readable analysis field; definition follows the literal field name and source table grain.,float32,442368,0.07937345653772354,-0.0691804364323616,0,6912x64
singular_values,bases/block_63_value.npz,256,Machine-readable analysis field; definition follows the literal field name and source table grain.,float32,64,10.058295249938965,5.615352630615234,0,64
right,bases/block_63_value.npz,655360,Machine-readable analysis field; definition follows the literal field name and source table grain.,float32,163840,0.08366052061319351,-0.09023437649011612,0,2560x64
left,bases/block_64_down.npz,655360,Machine-readable analysis field; definition follows the literal field name and source table grain.,float32,163840,0.09811094403266907,-0.08314775675535202,0,2560x64
singular_values,bases/block_64_down.npz,256,Machine-readable analysis field; definition follows the literal field name and source table grain.,float32,64,7.660861015319824,5.973438262939453,0,64
right,bases/block_64_down.npz,1769472,Machine-readable analysis field; definition follows the literal field name and source table grain.,float32,442368,0.09781704097986221,-0.0961821898818016,0,6912x64
left,bases/block_64_gate.npz,1769472,Machine-readable analysis field; definition follows the literal field name and source table grain.,float32,442368,0.05244813859462738,-0.054564714431762695,0,6912x64
singular_values,bases/block_64_gate.npz,256,Machine-readable analysis field; definition follows the literal field name and source table grain.,float32,64,25.1116943359375,5.877744674682617,0,64
right,bases/block_64_gate.npz,655360,Machine-readable analysis field; definition follows the literal field name and source table grain.,float32,163840,0.1467369943857193,-0.15663062036037445,0,2560x64
left,bases/block_64_k.npz,655360,Machine-readable analysis field; definition follows the literal field name and source table grain.,float32,163840,0.3044881224632263,-0.30143165588378906,0,2560x64
singular_values,bases/block_64_k.npz,256,Machine-readable analysis field; definition follows the literal field name and source table grain.,float32,64,13.283479690551758,3.8419106006622314,0,64
right,bases/block_64_k.npz,655360,Machine-readable analysis field; definition follows the literal field name and source table grain.,float32,163840,0.28628188371658325,-0.20919689536094666,0,2560x64
left,bases/block_64_o.npz,655360,Machine-readable analysis field; definition follows the literal field name and source table grain.,float32,163840,0.15466246008872986,-0.2558603882789612,0,2560x64
singular_values,bases/block_64_o.npz,256,Machine-readable analysis field; definition follows the literal field name and source table grain.,float32,64,7.399391174316406,4.083411693572998,0,64
right,bases/block_64_o.npz,655360,Machine-readable analysis field; definition follows the literal field name and source table grain.,float32,163840,0.15988504886627197,-0.126408651471138,0,2560x64
left,bases/block_64_q.npz,655360,Machine-readable analysis field; definition follows the literal field name and source table grain.,float32,163840,0.30414295196533203,-0.3051200807094574,0,2560x64
singular_values,bases/block_64_q.npz,256,Machine-readable analysis field; definition follows the literal field name and source table grain.,float32,64,18.60333251953125,3.880434989929199,0,64
right,bases/block_64_q.npz,655360,Machine-readable analysis field; definition follows the literal field name and source table grain.,float32,163840,0.1407431960105896,-0.21321284770965576,0,2560x64
left,bases/block_64_v.npz,655360,Machine-readable analysis field; definition follows the literal field name and source table grain.,float32,163840,0.14422380924224854,-0.14638851583003998,0,2560x64
singular_values,bases/block_64_v.npz,256,Machine-readable analysis field; definition follows the literal field name and source table grain.,float32,64,9.80078411102295,4.197207927703857,0,64
right,bases/block_64_v.npz,655360,Machine-readable analysis field; definition follows the literal field name and source table grain.,float32,163840,0.2454390674829483,-0.17282424867153168,0,2560x64
left,bases/block_64_value.npz,1769472,Machine-readable analysis field; definition follows the literal field name and source table grain.,float32,442368,0.08185715228319168,-0.06886851787567139,0,6912x64
singular_values,bases/block_64_value.npz,256,Machine-readable analysis field; definition follows the literal field name and source table grain.,float32,64,9.687655448913574,5.4797539710998535,0,64
right,bases/block_64_value.npz,655360,Machine-readable analysis field; definition follows the literal field name and source table grain.,float32,163840,0.08195798099040985,-0.09388504922389984,0,2560x64
left,bases/block_65_down.npz,655360,Machine-readable analysis field; definition follows the literal field name and source table grain.,float32,163840,0.0830865278840065,-0.08705916255712509,0,2560x64
singular_values,bases/block_65_down.npz,256,Machine-readable analysis field; definition follows the literal field name and source table grain.,float32,64,8.045010566711426,6.161695957183838,0,64
right,bases/block_65_down.npz,1769472,Machine-readable analysis field; definition follows the literal field name and source table grain.,float32,442368,0.052408166229724884,-0.05347398668527603,0,6912x64
left,bases/block_65_gate.npz,1769472,Machine-readable analysis field; definition follows the literal field name and source table grain.,float32,442368,0.05909005180001259,-0.055263701826334,0,6912x64
singular_values,bases/block_65_gate.npz,256,Machine-readable analysis field; definition follows the literal field name and source table grain.,float32,64,24.92721939086914,5.926446914672852,0,64
right,bases/block_65_gate.npz,655360,Machine-readable analysis field; definition follows the literal field name and source table grain.,float32,163840,0.14378847181797028,-0.14587604999542236,0,2560x64
left,bases/block_65_k.npz,655360,Machine-readable analysis field; definition follows the literal field name and source table grain.,float32,163840,0.228084996342659,-0.25912484526634216,0,2560x64
singular_values,bases/block_65_k.npz,256,Machine-readable analysis field; definition follows the literal field name and source table grain.,float32,64,13.869026184082031,3.7867257595062256,0,64
right,bases/block_65_k.npz,655360,Machine-readable analysis field; definition follows the literal field name and source table grain.,float32,163840,0.25142261385917664,-0.2787565290927887,0,2560x64
left,bases/block_65_o.npz,655360,Machine-readable analysis field; definition follows the literal field name and source table grain.,float32,163840,0.3871307969093323,-0.286142498254776,0,2560x64
singular_values,bases/block_65_o.npz,256,Machine-readable analysis field; definition follows the literal field name and source table grain.,float32,64,7.268799304962158,4.021792411804199,0,64
right,bases/block_65_o.npz,655360,Machine-readable analysis field; definition follows the literal field name and source table grain.,float32,163840,0.13389050960540771,-0.13354870676994324,0,2560x64
left,bases/block_65_q.npz,655360,Machine-readable analysis field; definition follows the literal field name and source table grain.,float32,163840,0.34976130723953247,-0.34835585951805115,0,2560x64
singular_values,bases/block_65_q.npz,256,Machine-readable analysis field; definition follows the literal field name and source table grain.,float32,64,16.277202606201172,3.8593084812164307,0,64
right,bases/block_65_q.npz,655360,Machine-readable analysis field; definition follows the literal field name and source table grain.,float32,163840,0.20995588600635529,-0.11906829476356506,0,2560x64
left,bases/block_65_v.npz,655360,Machine-readable analysis field; definition follows the literal field name and source table grain.,float32,163840,0.12401863932609558,-0.15945453941822052,0,2560x64
singular_values,bases/block_65_v.npz,256,Machine-readable analysis field; definition follows the literal field name and source table grain.,float32,64,9.790703773498535,4.103891849517822,0,64
right,bases/block_65_v.npz,655360,Machine-readable analysis field; definition follows the literal field name and source table grain.,float32,163840,0.16591137647628784,-0.2416512817144394,0,2560x64
left,bases/block_65_value.npz,1769472,Machine-readable analysis field; definition follows the literal field name and source table grain.,float32,442368,0.0711640939116478,-0.05753122270107269,0,6912x64
singular_values,bases/block_65_value.npz,256,Machine-readable analysis field; definition follows the literal field name and source table grain.,float32,64,9.148313522338867,5.45070219039917,0,64
right,bases/block_65_value.npz,655360,Machine-readable analysis field; definition follows the literal field name and source table grain.,float32,163840,0.08483768254518509,-0.09672163426876068,0,2560x64
left,bases/block_66_down.npz,655360,Machine-readable analysis field; definition follows the literal field name and source table grain.,float32,163840,0.09588849544525146,-0.08258767426013947,0,2560x64
singular_values,bases/block_66_down.npz,256,Machine-readable analysis field; definition follows the literal field name and source table grain.,float32,64,8.491792678833008,6.292778015136719,0,64
right,bases/block_66_down.npz,1769472,Machine-readable analysis field; definition follows the literal field name and source table grain.,float32,442368,0.05998227372765541,-0.05341688171029091,0,6912x64
left,bases/block_66_gate.npz,1769472,Machine-readable analysis field; definition follows the literal field name and source table grain.,float32,442368,0.055088479071855545,-0.06140606477856636,0,6912x64
singular_values,bases/block_66_gate.npz,256,Machine-readable analysis field; definition follows the literal field name and source table grain.,float32,64,24.5517635345459,5.855507850646973,0,64
right,bases/block_66_gate.npz,655360,Machine-readable analysis field; definition follows the literal field name and source table grain.,float32,163840,0.14822272956371307,-0.1380552053451538,0,2560x64
left,bases/block_66_k.npz,655360,Machine-readable analysis field; definition follows the literal field name and source table grain.,float32,163840,0.36348676681518555,-0.33726170659065247,0,2560x64
singular_values,bases/block_66_k.npz,256,Machine-readable analysis field; definition follows the literal field name and source table grain.,float32,64,13.596832275390625,3.793315887451172,0,64
right,bases/block_66_k.npz,655360,Machine-readable analysis field; definition follows the literal field name and source table grain.,float32,163840,0.31321853399276733,-0.21476484835147858,0,2560x64
left,bases/block_66_o.npz,655360,Machine-readable analysis field; definition follows the literal field name and source table grain.,float32,163840,0.2100437730550766,-0.2376776933670044,0,2560x64
singular_values,bases/block_66_o.npz,256,Machine-readable analysis field; definition follows the literal field name and source table grain.,float32,64,7.978116989135742,4.281903266906738,0,64
right,bases/block_66_o.npz,655360,Machine-readable analysis field; definition follows the literal field name and source table grain.,float32,163840,0.1437522917985916,-0.1323072463274002,0,2560x64
left,bases/block_66_q.npz,655360,Machine-readable analysis field; definition follows the literal field name and source table grain.,float32,163840,0.33198100328445435,-0.3442915081977844,0,2560x64
singular_values,bases/block_66_q.npz,256,Machine-readable analysis field; definition follows the literal field name and source table grain.,float32,64,16.752073287963867,3.8371148109436035,0,64
right,bases/block_66_q.npz,655360,Machine-readable analysis field; definition follows the literal field name and source table grain.,float32,163840,0.21899157762527466,-0.13812865316867828,0,2560x64
left,bases/block_66_v.npz,655360,Machine-readable analysis field; definition follows the literal field name and source table grain.,float32,163840,0.17331892251968384,-0.1826481819152832,0,2560x64
singular_values,bases/block_66_v.npz,256,Machine-readable analysis field; definition follows the literal field name and source table grain.,float32,64,10.897945404052734,4.1673479080200195,0,64
right,bases/block_66_v.npz,655360,Machine-readable analysis field; definition follows the literal field name and source table grain.,float32,163840,0.2799547016620636,-0.17751042544841766,0,2560x64
left,bases/block_66_value.npz,1769472,Machine-readable analysis field; definition follows the literal field name and source table grain.,float32,442368,0.12998458743095398,-0.06240632385015488,0,6912x64
singular_values,bases/block_66_value.npz,256,Machine-readable analysis field; definition follows the literal field name and source table grain.,float32,64,8.571205139160156,5.404052734375,0,64
right,bases/block_66_value.npz,655360,Machine-readable analysis field; definition follows the literal field name and source table grain.,float32,163840,0.08353113383054733,-0.09197524935007095,0,2560x64
left,bases/block_67_down.npz,655360,Machine-readable analysis field; definition follows the literal field name and source table grain.,float32,163840,0.1045183464884758,-0.08739477396011353,0,2560x64
singular_values,bases/block_67_down.npz,256,Machine-readable analysis field; definition follows the literal field name and source table grain.,float32,64,8.836365699768066,6.450997829437256,0,64
right,bases/block_67_down.npz,1769472,Machine-readable analysis field; definition follows the literal field name and source table grain.,float32,442368,0.081218421459198,-0.0925423875451088,0,6912x64
left,bases/block_67_gate.npz,1769472,Machine-readable analysis field; definition follows the literal field name and source table grain.,float32,442368,0.05466451495885849,-0.054545797407627106,0,6912x64
singular_values,bases/block_67_gate.npz,256,Machine-readable analysis field; definition follows the literal field name and source table grain.,float32,64,23.651487350463867,5.789778709411621,0,64
right,bases/block_67_gate.npz,655360,Machine-readable analysis field; definition follows the literal field name and source table grain.,float32,163840,0.1527390331029892,-0.11300139874219894,0,2560x64
left,bases/block_67_k.npz,655360,Machine-readable analysis field; definition follows the literal field name and source table grain.,float32,163840,0.3177875280380249,-0.6136062741279602,0,2560x64
singular_values,bases/block_67_k.npz,256,Machine-readable analysis field; definition follows the literal field name and source table grain.,float32,64,13.918601036071777,3.7939891815185547,0,64
right,bases/block_67_k.npz,655360,Machine-readable analysis field; definition follows the literal field name and source table grain.,float32,163840,0.3043672442436218,-0.2368273288011551,0,2560x64
left,bases/block_67_o.npz,655360,Machine-readable analysis field; definition follows the literal field name and source table grain.,float32,163840,0.36333051323890686,-0.2362978607416153,0,2560x64
singular_values,bases/block_67_o.npz,256,Machine-readable analysis field; definition follows the literal field name and source table grain.,float32,64,7.068669319152832,4.1877570152282715,0,64
right,bases/block_67_o.npz,655360,Machine-readable analysis field; definition follows the literal field name and source table grain.,float32,163840,0.1521954983472824,-0.1772042065858841,0,2560x64
left,bases/block_67_q.npz,655360,Machine-readable analysis field; definition follows the literal field name and source table grain.,float32,163840,0.15369272232055664,-0.4868870973587036,0,2560x64
singular_values,bases/block_67_q.npz,256,Machine-readable analysis field; definition follows the literal field name and source table grain.,float32,64,15.15705394744873,3.8347232341766357,0,64
right,bases/block_67_q.npz,655360,Machine-readable analysis field; definition follows the literal field name and source table grain.,float32,163840,0.13596253097057343,-0.22064507007598877,0,2560x64
left,bases/block_67_v.npz,655360,Machine-readable analysis field; definition follows the literal field name and source table grain.,float32,163840,0.16531702876091003,-0.13846272230148315,0,2560x64
singular_values,bases/block_67_v.npz,256,Machine-readable analysis field; definition follows the literal field name and source table grain.,float32,64,9.798530578613281,4.076442718505859,0,64
right,bases/block_67_v.npz,655360,Machine-readable analysis field; definition follows the literal field name and source table grain.,float32,163840,0.1822269707918167,-0.21386927366256714,0,2560x64
left,bases/block_67_value.npz,1769472,Machine-readable analysis field; definition follows the literal field name and source table grain.,float32,442368,0.16084188222885132,-0.1289968639612198,0,6912x64
singular_values,bases/block_67_value.npz,256,Machine-readable analysis field; definition follows the literal field name and source table grain.,float32,64,8.689811706542969,5.374208927154541,0,64
right,bases/block_67_value.npz,655360,Machine-readable analysis field; definition follows the literal field name and source table grain.,float32,163840,0.10258135199546814,-0.09504388272762299,0,2560x64
left,bases/block_68_down.npz,655360,Machine-readable analysis field; definition follows the literal field name and source table grain.,float32,163840,0.08946528285741806,-0.09655208140611649,0,2560x64
singular_values,bases/block_68_down.npz,256,Machine-readable analysis field; definition follows the literal field name and source table grain.,float32,64,9.30276870727539,6.514517784118652,0,64
right,bases/block_68_down.npz,1769472,Machine-readable analysis field; definition follows the literal field name and source table grain.,float32,442368,0.0972159132361412,-0.10925004631280899,0,6912x64
left,bases/block_68_gate.npz,1769472,Machine-readable analysis field; definition follows the literal field name and source table grain.,float32,442368,0.05669879913330078,-0.0613558366894722,0,6912x64
singular_values,bases/block_68_gate.npz,256,Machine-readable analysis field; definition follows the literal field name and source table grain.,float32,64,23.413860321044922,5.754875183105469,0,64
right,bases/block_68_gate.npz,655360,Machine-readable analysis field; definition follows the literal field name and source table grain.,float32,163840,0.14879019558429718,-0.111124187707901,0,2560x64
left,bases/block_68_k.npz,655360,Machine-readable analysis field; definition follows the literal field name and source table grain.,float32,163840,0.4321131110191345,-0.4722307026386261,0,2560x64
singular_values,bases/block_68_k.npz,256,Machine-readable analysis field; definition follows the literal field name and source table grain.,float32,64,14.044289588928223,3.8489160537719727,0,64
right,bases/block_68_k.npz,655360,Machine-readable analysis field; definition follows the literal field name and source table grain.,float32,163840,0.21098358929157257,-0.24238909780979156,0,2560x64
left,bases/block_68_o.npz,655360,Machine-readable analysis field; definition follows the literal field name and source table grain.,float32,163840,0.2651968002319336,-0.32324734330177307,0,2560x64
singular_values,bases/block_68_o.npz,256,Machine-readable analysis field; definition follows the literal field name and source table grain.,float32,64,7.182763576507568,4.434442520141602,0,64
right,bases/block_68_o.npz,655360,Machine-readable analysis field; definition follows the literal field name and source table grain.,float32,163840,0.14491170644760132,-0.14089658856391907,0,2560x64
left,bases/block_68_q.npz,655360,Machine-readable analysis field; definition follows the literal field name and source table grain.,float32,163840,0.3155178725719452,-0.3191632032394409,0,2560x64
singular_values,bases/block_68_q.npz,256,Machine-readable analysis field; definition follows the literal field name and source table grain.,float32,64,18.05782127380371,3.889775037765503,0,64
right,bases/block_68_q.npz,655360,Machine-readable analysis field; definition follows the literal field name and source table grain.,float32,163840,0.20788908004760742,-0.15448935329914093,0,2560x64
left,bases/block_68_v.npz,655360,Machine-readable analysis field; definition follows the literal field name and source table grain.,float32,163840,0.16136811673641205,-0.1672205924987793,0,2560x64
singular_values,bases/block_68_v.npz,256,Machine-readable analysis field; definition follows the literal field name and source table grain.,float32,64,9.852677345275879,4.117066860198975,0,64
right,bases/block_68_v.npz,655360,Machine-readable analysis field; definition follows the literal field name and source table grain.,float32,163840,0.2435842603445053,-0.19092214107513428,0,2560x64
left,bases/block_68_value.npz,1769472,Machine-readable analysis field; definition follows the literal field name and source table grain.,float32,442368,0.15105865895748138,-0.15615132451057434,0,6912x64
singular_values,bases/block_68_value.npz,256,Machine-readable analysis field; definition follows the literal field name and source table grain.,float32,64,8.572369575500488,5.351424217224121,0,64
right,bases/block_68_value.npz,655360,Machine-readable analysis field; definition follows the literal field name and source table grain.,float32,163840,0.0965040847659111,-0.08661200851202011,0,2560x64
left,bases/block_69_down.npz,655360,Machine-readable analysis field; definition follows the literal field name and source table grain.,float32,163840,0.10506170243024826,-0.08510448783636093,0,2560x64
singular_values,bases/block_69_down.npz,256,Machine-readable analysis field; definition follows the literal field name and source table grain.,float32,64,9.403349876403809,6.4503865242004395,0,64
right,bases/block_69_down.npz,1769472,Machine-readable analysis field; definition follows the literal field name and source table grain.,float32,442368,0.11643074452877045,-0.12148648500442505,0,6912x64
left,bases/block_69_gate.npz,1769472,Machine-readable analysis field; definition follows the literal field name and source table grain.,float32,442368,0.05515613034367561,-0.06929854303598404,0,6912x64
singular_values,bases/block_69_gate.npz,256,Machine-readable analysis field; definition follows the literal field name and source table grain.,float32,64,22.95362091064453,5.707158088684082,0,64
right,bases/block_69_gate.npz,655360,Machine-readable analysis field; definition follows the literal field name and source table grain.,float32,163840,0.15080302953720093,-0.10190048813819885,0,2560x64
left,bases/block_69_k.npz,655360,Machine-readable analysis field; definition follows the literal field name and source table grain.,float32,163840,0.6261845827102661,-0.45875853300094604,0,2560x64
singular_values,bases/block_69_k.npz,256,Machine-readable analysis field; definition follows the literal field name and source table grain.,float32,64,14.67138671875,3.7714738845825195,0,64
right,bases/block_69_k.npz,655360,Machine-readable analysis field; definition follows the literal field name and source table grain.,float32,163840,0.2558493912220001,-0.26012587547302246,0,2560x64
left,bases/block_69_o.npz,655360,Machine-readable analysis field; definition follows the literal field name and source table grain.,float32,163840,0.30083605647087097,-0.3134685754776001,0,2560x64
singular_values,bases/block_69_o.npz,256,Machine-readable analysis field; definition follows the literal field name and source table grain.,float32,64,8.389033317565918,4.293985366821289,0,64
right,bases/block_69_o.npz,655360,Machine-readable analysis field; definition follows the literal field name and source table grain.,float32,163840,0.14137490093708038,-0.1609746664762497,0,2560x64
left,bases/block_69_q.npz,655360,Machine-readable analysis field; definition follows the literal field name and source table grain.,float32,163840,0.3193236291408539,-0.3177739381790161,0,2560x64
singular_values,bases/block_69_q.npz,256,Machine-readable analysis field; definition follows the literal field name and source table grain.,float32,64,16.261199951171875,3.8052926063537598,0,64
right,bases/block_69_q.npz,655360,Machine-readable analysis field; definition follows the literal field name and source table grain.,float32,163840,0.12813249230384827,-0.2021208107471466,0,2560x64
left,bases/block_69_v.npz,655360,Machine-readable analysis field; definition follows the literal field name and source table grain.,float32,163840,0.16998031735420227,-0.1640077382326126,0,2560x64
singular_values,bases/block_69_v.npz,256,Machine-readable analysis field; definition follows the literal field name and source table grain.,float32,64,8.965658187866211,4.065383434295654,0,64
right,bases/block_69_v.npz,655360,Machine-readable analysis field; definition follows the literal field name and source table grain.,float32,163840,0.2775322198867798,-0.14920635521411896,0,2560x64
left,bases/block_69_value.npz,1769472,Machine-readable analysis field; definition follows the literal field name and source table grain.,float32,442368,0.16313403844833374,-0.16992990672588348,0,6912x64
singular_values,bases/block_69_value.npz,256,Machine-readable analysis field; definition follows the literal field name and source table grain.,float32,64,8.057640075683594,5.3212890625,0,64
right,bases/block_69_value.npz,655360,Machine-readable analysis field; definition follows the literal field name and source table grain.,float32,163840,0.08677487075328827,-0.10857260972261429,0,2560x64
left,bases/block_70_down.npz,655360,Machine-readable analysis field; definition follows the literal field name and source table grain.,float32,163840,0.14410966634750366,-0.14467653632164001,0,2560x64
singular_values,bases/block_70_down.npz,256,Machine-readable analysis field; definition follows the literal field name and source table grain.,float32,64,8.911907196044922,6.322744369506836,0,64
right,bases/block_70_down.npz,1769472,Machine-readable analysis field; definition follows the literal field name and source table grain.,float32,442368,0.11609718948602676,-0.14995844662189484,0,6912x64
left,bases/block_70_gate.npz,1769472,Machine-readable analysis field; definition follows the literal field name and source table grain.,float32,442368,0.06279193609952927,-0.056802134960889816,0,6912x64
singular_values,bases/block_70_gate.npz,256,Machine-readable analysis field; definition follows the literal field name and source table grain.,float32,64,22.771991729736328,5.633247375488281,0,64
right,bases/block_70_gate.npz,655360,Machine-readable analysis field; definition follows the literal field name and source table grain.,float32,163840,0.14323998987674713,-0.12283317744731903,0,2560x64
left,bases/block_70_k.npz,655360,Machine-readable analysis field; definition follows the literal field name and source table grain.,float32,163840,0.5285485982894897,-0.498823344707489,0,2560x64
singular_values,bases/block_70_k.npz,256,Machine-readable analysis field; definition follows the literal field name and source table grain.,float32,64,13.739717483520508,3.8404693603515625,0,64
right,bases/block_70_k.npz,655360,Machine-readable analysis field; definition follows the literal field name and source table grain.,float32,163840,0.2301912158727646,-0.23468907177448273,0,2560x64
left,bases/block_70_o.npz,655360,Machine-readable analysis field; definition follows the literal field name and source table grain.,float32,163840,0.7882812023162842,-0.15157435834407806,0,2560x64
singular_values,bases/block_70_o.npz,256,Machine-readable analysis field; definition follows the literal field name and source table grain.,float32,64,15.88833999633789,4.308237075805664,0,64
right,bases/block_70_o.npz,655360,Machine-readable analysis field; definition follows the literal field name and source table grain.,float32,163840,0.18153253197669983,-0.1851748526096344,0,2560x64
left,bases/block_70_q.npz,655360,Machine-readable analysis field; definition follows the literal field name and source table grain.,float32,163840,0.703004002571106,-0.34178993105888367,0,2560x64
singular_values,bases/block_70_q.npz,256,Machine-readable analysis field; definition follows the literal field name and source table grain.,float32,64,15.987457275390625,3.9143171310424805,0,64
right,bases/block_70_q.npz,655360,Machine-readable analysis field; definition follows the literal field name and source table grain.,float32,163840,0.20093630254268646,-0.15534275770187378,0,2560x64
left,bases/block_70_v.npz,655360,Machine-readable analysis field; definition follows the literal field name and source table grain.,float32,163840,0.1829172819852829,-0.1725723147392273,0,2560x64
singular_values,bases/block_70_v.npz,256,Machine-readable analysis field; definition follows the literal field name and source table grain.,float32,64,15.09797191619873,4.145885944366455,0,64
right,bases/block_70_v.npz,655360,Machine-readable analysis field; definition follows the literal field name and source table grain.,float32,163840,0.3372415602207184,-0.1323220282793045,0,2560x64
left,bases/block_70_value.npz,1769472,Machine-readable analysis field; definition follows the literal field name and source table grain.,float32,442368,0.13361960649490356,-0.16850164532661438,0,6912x64
singular_values,bases/block_70_value.npz,256,Machine-readable analysis field; definition follows the literal field name and source table grain.,float32,64,8.417821884155273,5.301828384399414,0,64
right,bases/block_70_value.npz,655360,Machine-readable analysis field; definition follows the literal field name and source table grain.,float32,163840,0.13826534152030945,-0.08768762648105621,0,2560x64
left,bases/block_71_down.npz,655360,Machine-readable analysis field; definition follows the literal field name and source table grain.,float32,163840,0.14245402812957764,-0.3454747498035431,0,2560x64
singular_values,bases/block_71_down.npz,256,Machine-readable analysis field; definition follows the literal field name and source table grain.,float32,64,9.785011291503906,6.433809280395508,0,64
right,bases/block_71_down.npz,1769472,Machine-readable analysis field; definition follows the literal field name and source table grain.,float32,442368,0.11322684586048126,-0.1342342346906662,0,6912x64
left,bases/block_71_gate.npz,1769472,Machine-readable analysis field; definition follows the literal field name and source table grain.,float32,442368,0.061358775943517685,-0.07626700401306152,0,6912x64
singular_values,bases/block_71_gate.npz,256,Machine-readable analysis field; definition follows the literal field name and source table grain.,float32,64,23.395109176635742,5.529846668243408,0,64
right,bases/block_71_gate.npz,655360,Machine-readable analysis field; definition follows the literal field name and source table grain.,float32,163840,0.13925890624523163,-0.1066155955195427,0,2560x64
left,bases/block_71_k.npz,655360,Machine-readable analysis field; definition follows the literal field name and source table grain.,float32,163840,0.5458925366401672,-0.340391606092453,0,2560x64
singular_values,bases/block_71_k.npz,256,Machine-readable analysis field; definition follows the literal field name and source table grain.,float32,64,16.39349365234375,3.794753074645996,0,64
right,bases/block_71_k.npz,655360,Machine-readable analysis field; definition follows the literal field name and source table grain.,float32,163840,0.2831515371799469,-0.2702900767326355,0,2560x64
left,bases/block_71_o.npz,655360,Machine-readable analysis field; definition follows the literal field name and source table grain.,float32,163840,0.7961775064468384,-0.19646833837032318,0,2560x64
singular_values,bases/block_71_o.npz,256,Machine-readable analysis field; definition follows the literal field name and source table grain.,float32,64,10.853166580200195,4.222174644470215,0,64
right,bases/block_71_o.npz,655360,Machine-readable analysis field; definition follows the literal field name and source table grain.,float32,163840,0.1749882698059082,-0.16607671976089478,0,2560x64
left,bases/block_71_q.npz,655360,Machine-readable analysis field; definition follows the literal field name and source table grain.,float32,163840,0.29353830218315125,-0.2923264801502228,0,2560x64
singular_values,bases/block_71_q.npz,256,Machine-readable analysis field; definition follows the literal field name and source table grain.,float32,64,16.731130599975586,3.805046558380127,0,64
right,bases/block_71_q.npz,655360,Machine-readable analysis field; definition follows the literal field name and source table grain.,float32,163840,0.15468919277191162,-0.2021254450082779,0,2560x64
left,bases/block_71_v.npz,655360,Machine-readable analysis field; definition follows the literal field name and source table grain.,float32,163840,0.2585078775882721,-0.2600574493408203,0,2560x64
singular_values,bases/block_71_v.npz,256,Machine-readable analysis field; definition follows the literal field name and source table grain.,float32,64,11.67629623413086,4.276294231414795,0,64
right,bases/block_71_v.npz,655360,Machine-readable analysis field; definition follows the literal field name and source table grain.,float32,163840,0.21234436333179474,-0.11047229170799255,0,2560x64
left,bases/block_71_value.npz,1769472,Machine-readable analysis field; definition follows the literal field name and source table grain.,float32,442368,0.2186073660850525,-0.1507328897714615,0,6912x64
singular_values,bases/block_71_value.npz,256,Machine-readable analysis field; definition follows the literal field name and source table grain.,float32,64,10.416533470153809,5.287222862243652,0,64
right,bases/block_71_value.npz,655360,Machine-readable analysis field; definition follows the literal field name and source table grain.,float32,163840,0.10218284279108047,-0.1045207753777504,0,2560x64
left,bases/block_72_down.npz,655360,Machine-readable analysis field; definition follows the literal field name and source table grain.,float32,163840,0.31763800978660583,-0.5393716096878052,0,2560x64
singular_values,bases/block_72_down.npz,256,Machine-readable analysis field; definition follows the literal field name and source table grain.,float32,64,10.130187034606934,6.574939727783203,0,64
right,bases/block_72_down.npz,1769472,Machine-readable analysis field; definition follows the literal field name and source table grain.,float32,442368,0.13497856259346008,-0.1121598407626152,0,6912x64
left,bases/block_72_gate.npz,1769472,Machine-readable analysis field; definition follows the literal field name and source table grain.,float32,442368,0.10937342792749405,-0.10155494511127472,0,6912x64
singular_values,bases/block_72_gate.npz,256,Machine-readable analysis field; definition follows the literal field name and source table grain.,float32,64,23.107067108154297,5.402833938598633,0,64
right,bases/block_72_gate.npz,655360,Machine-readable analysis field; definition follows the literal field name and source table grain.,float32,163840,0.1246945858001709,-0.11047174781560898,0,2560x64
left,bases/block_72_k.npz,655360,Machine-readable analysis field; definition follows the literal field name and source table grain.,float32,163840,0.3715939521789551,-0.4514467418193817,0,2560x64
singular_values,bases/block_72_k.npz,256,Machine-readable analysis field; definition follows the literal field name and source table grain.,float32,64,15.115894317626953,3.831057071685791,0,64
right,bases/block_72_k.npz,655360,Machine-readable analysis field; definition follows the literal field name and source table grain.,float32,163840,0.23982523381710052,-0.2176113724708557,0,2560x64
left,bases/block_72_o.npz,655360,Machine-readable analysis field; definition follows the literal field name and source table grain.,float32,163840,0.3057853877544403,-0.9352482557296753,0,2560x64
singular_values,bases/block_72_o.npz,256,Machine-readable analysis field; definition follows the literal field name and source table grain.,float32,64,11.336556434631348,4.329503059387207,0,64
right,bases/block_72_o.npz,655360,Machine-readable analysis field; definition follows the literal field name and source table grain.,float32,163840,0.22276392579078674,-0.20613409578800201,0,2560x64
left,bases/block_72_q.npz,655360,Machine-readable analysis field; definition follows the literal field name and source table grain.,float32,163840,0.2933953106403351,-0.32112017273902893,0,2560x64
singular_values,bases/block_72_q.npz,256,Machine-readable analysis field; definition follows the literal field name and source table grain.,float32,64,16.5967960357666,3.8289613723754883,0,64
right,bases/block_72_q.npz,655360,Machine-readable analysis field; definition follows the literal field name and source table grain.,float32,163840,0.19232049584388733,-0.143191859126091,0,2560x64
left,bases/block_72_v.npz,655360,Machine-readable analysis field; definition follows the literal field name and source table grain.,float32,163840,0.15602360665798187,-0.16569042205810547,0,2560x64
singular_values,bases/block_72_v.npz,256,Machine-readable analysis field; definition follows the literal field name and source table grain.,float32,64,11.991012573242188,4.34682035446167,0,64
right,bases/block_72_v.npz,655360,Machine-readable analysis field; definition follows the literal field name and source table grain.,float32,163840,0.13398098945617676,-0.2349012792110443,0,2560x64
left,bases/block_72_value.npz,1769472,Machine-readable analysis field; definition follows the literal field name and source table grain.,float32,442368,0.17216098308563232,-0.22570361196994781,0,6912x64
singular_values,bases/block_72_value.npz,256,Machine-readable analysis field; definition follows the literal field name and source table grain.,float32,64,10.779553413391113,5.235095977783203,0,64
right,bases/block_72_value.npz,655360,Machine-readable analysis field; definition follows the literal field name and source table grain.,float32,163840,0.10811922699213028,-0.13110674917697906,0,2560x64
left,bases/block_73_down.npz,655360,Machine-readable analysis field; definition follows the literal field name and source table grain.,float32,163840,0.12130127847194672,-0.4177788496017456,0,2560x64
singular_values,bases/block_73_down.npz,256,Machine-readable analysis field; definition follows the literal field name and source table grain.,float32,64,9.778960227966309,6.457676887512207,0,64
right,bases/block_73_down.npz,1769472,Machine-readable analysis field; definition follows the literal field name and source table grain.,float32,442368,0.0976991131901741,-0.08346528559923172,0,6912x64
left,bases/block_73_gate.npz,1769472,Machine-readable analysis field; definition follows the literal field name and source table grain.,float32,442368,0.08421356976032257,-0.09596361219882965,0,6912x64
singular_values,bases/block_73_gate.npz,256,Machine-readable analysis field; definition follows the literal field name and source table grain.,float32,64,23.66021156311035,5.362434387207031,0,64
right,bases/block_73_gate.npz,655360,Machine-readable analysis field; definition follows the literal field name and source table grain.,float32,163840,0.1180359348654747,-0.12623022496700287,0,2560x64
left,bases/block_73_k.npz,655360,Machine-readable analysis field; definition follows the literal field name and source table grain.,float32,163840,0.4365427792072296,-0.5284589529037476,0,2560x64
singular_values,bases/block_73_k.npz,256,Machine-readable analysis field; definition follows the literal field name and source table grain.,float32,64,15.604873657226562,3.8220412731170654,0,64
right,bases/block_73_k.npz,655360,Machine-readable analysis field; definition follows the literal field name and source table grain.,float32,163840,0.32086730003356934,-0.3080964982509613,0,2560x64
left,bases/block_73_o.npz,655360,Machine-readable analysis field; definition follows the literal field name and source table grain.,float32,163840,0.25232842564582825,-0.9546254873275757,0,2560x64
singular_values,bases/block_73_o.npz,256,Machine-readable analysis field; definition follows the literal field name and source table grain.,float32,64,11.902532577514648,4.2419538497924805,0,64
right,bases/block_73_o.npz,655360,Machine-readable analysis field; definition follows the literal field name and source table grain.,float32,163840,0.12855476140975952,-0.1418287605047226,0,2560x64
left,bases/block_73_q.npz,655360,Machine-readable analysis field; definition follows the literal field name and source table grain.,float32,163840,0.29688403010368347,-0.30993592739105225,0,2560x64
singular_values,bases/block_73_q.npz,256,Machine-readable analysis field; definition follows the literal field name and source table grain.,float32,64,17.56302833557129,3.793581962585449,0,64
right,bases/block_73_q.npz,655360,Machine-readable analysis field; definition follows the literal field name and source table grain.,float32,163840,0.17088429629802704,-0.12627838551998138,0,2560x64
left,bases/block_73_v.npz,655360,Machine-readable analysis field; definition follows the literal field name and source table grain.,float32,163840,0.1550397425889969,-0.17245011031627655,0,2560x64
singular_values,bases/block_73_v.npz,256,Machine-readable analysis field; definition follows the literal field name and source table grain.,float32,64,11.438179016113281,4.347303867340088,0,64
right,bases/block_73_v.npz,655360,Machine-readable analysis field; definition follows the literal field name and source table grain.,float32,163840,0.23522411286830902,-0.15770167112350464,0,2560x64
left,bases/block_73_value.npz,1769472,Machine-readable analysis field; definition follows the literal field name and source table grain.,float32,442368,0.15436434745788574,-0.1886315941810608,0,6912x64
singular_values,bases/block_73_value.npz,256,Machine-readable analysis field; definition follows the literal field name and source table grain.,float32,64,10.056028366088867,5.276732444763184,0,64
right,bases/block_73_value.npz,655360,Machine-readable analysis field; definition follows the literal field name and source table grain.,float32,163840,0.14066728949546814,-0.10371227562427521,0,2560x64
left,bases/block_74_down.npz,655360,Machine-readable analysis field; definition follows the literal field name and source table grain.,float32,163840,0.6416553258895874,-0.2400386780500412,0,2560x64
singular_values,bases/block_74_down.npz,256,Machine-readable analysis field; definition follows the literal field name and source table grain.,float32,64,10.77884578704834,6.185269832611084,0,64
right,bases/block_74_down.npz,1769472,Machine-readable analysis field; definition follows the literal field name and source table grain.,float32,442368,0.10692694783210754,-0.13722719252109528,0,6912x64
left,bases/block_74_gate.npz,1769472,Machine-readable analysis field; definition follows the literal field name and source table grain.,float32,442368,0.08795378357172012,-0.12152745574712753,0,6912x64
singular_values,bases/block_74_gate.npz,256,Machine-readable analysis field; definition follows the literal field name and source table grain.,float32,64,25.822301864624023,5.534832954406738,0,64
right,bases/block_74_gate.npz,655360,Machine-readable analysis field; definition follows the literal field name and source table grain.,float32,163840,0.13210906088352203,-0.11777974665164948,0,2560x64
left,bases/block_74_k.npz,655360,Machine-readable analysis field; definition follows the literal field name and source table grain.,float32,163840,0.4913022816181183,-0.40074974298477173,0,2560x64
singular_values,bases/block_74_k.npz,256,Machine-readable analysis field; definition follows the literal field name and source table grain.,float32,64,14.481776237487793,3.9345924854278564,0,64
right,bases/block_74_k.npz,655360,Machine-readable analysis field; definition follows the literal field name and source table grain.,float32,163840,0.27809423208236694,-0.26739203929901123,0,2560x64
left,bases/block_74_o.npz,655360,Machine-readable analysis field; definition follows the literal field name and source table grain.,float32,163840,0.22279904782772064,-0.9443504810333252,0,2560x64
singular_values,bases/block_74_o.npz,256,Machine-readable analysis field; definition follows the literal field name and source table grain.,float32,64,12.723499298095703,4.602484226226807,0,64
right,bases/block_74_o.npz,655360,Machine-readable analysis field; definition follows the literal field name and source table grain.,float32,163840,0.14481467008590698,-0.1398864984512329,0,2560x64
left,bases/block_74_q.npz,655360,Machine-readable analysis field; definition follows the literal field name and source table grain.,float32,163840,0.3742142915725708,-0.3822983503341675,0,2560x64
singular_values,bases/block_74_q.npz,256,Machine-readable analysis field; definition follows the literal field name and source table grain.,float32,64,17.199687957763672,3.981184482574463,0,64
right,bases/block_74_q.npz,655360,Machine-readable analysis field; definition follows the literal field name and source table grain.,float32,163840,0.16146153211593628,-0.17546556890010834,0,2560x64
left,bases/block_74_v.npz,655360,Machine-readable analysis field; definition follows the literal field name and source table grain.,float32,163840,0.11455058306455612,-0.18844331800937653,0,2560x64
singular_values,bases/block_74_v.npz,256,Machine-readable analysis field; definition follows the literal field name and source table grain.,float32,64,10.211840629577637,4.675405979156494,0,64
right,bases/block_74_v.npz,655360,Machine-readable analysis field; definition follows the literal field name and source table grain.,float32,163840,0.19617101550102234,-0.15884141623973846,0,2560x64
left,bases/block_74_value.npz,1769472,Machine-readable analysis field; definition follows the literal field name and source table grain.,float32,442368,0.17764294147491455,-0.1308305263519287,0,6912x64
singular_values,bases/block_74_value.npz,256,Machine-readable analysis field; definition follows the literal field name and source table grain.,float32,64,11.079676628112793,5.3353166580200195,0,64
right,bases/block_74_value.npz,655360,Machine-readable analysis field; definition follows the literal field name and source table grain.,float32,163840,0.13607755303382874,-0.12987862527370453,0,2560x64
left,bases/block_75_down.npz,655360,Machine-readable analysis field; definition follows the literal field name and source table grain.,float32,163840,0.5637626051902771,-0.39051151275634766,0,2560x64
singular_values,bases/block_75_down.npz,256,Machine-readable analysis field; definition follows the literal field name and source table grain.,float32,64,10.512645721435547,6.756967544555664,0,64
right,bases/block_75_down.npz,1769472,Machine-readable analysis field; definition follows the literal field name and source table grain.,float32,442368,0.10175636410713196,-0.08580848574638367,0,6912x64
left,bases/block_75_gate.npz,1769472,Machine-readable analysis field; definition follows the literal field name and source table grain.,float32,442368,0.09878835827112198,-0.13481535017490387,0,6912x64
singular_values,bases/block_75_gate.npz,256,Machine-readable analysis field; definition follows the literal field name and source table grain.,float32,64,24.92075538635254,5.487634181976318,0,64
right,bases/block_75_gate.npz,655360,Machine-readable analysis field; definition follows the literal field name and source table grain.,float32,163840,0.1199205219745636,-0.1626700460910797,0,2560x64
left,bases/block_75_k.npz,655360,Machine-readable analysis field; definition follows the literal field name and source table grain.,float32,163840,0.35778433084487915,-0.43336692452430725,0,2560x64
singular_values,bases/block_75_k.npz,256,Machine-readable analysis field; definition follows the literal field name and source table grain.,float32,64,16.08783721923828,4.2487030029296875,0,64
right,bases/block_75_k.npz,655360,Machine-readable analysis field; definition follows the literal field name and source table grain.,float32,163840,0.3068367540836334,-0.30786117911338806,0,2560x64
left,bases/block_75_o.npz,655360,Machine-readable analysis field; definition follows the literal field name and source table grain.,float32,163840,0.34175583720207214,-0.7032566070556641,0,2560x64
singular_values,bases/block_75_o.npz,256,Machine-readable analysis field; definition follows the literal field name and source table grain.,float32,64,10.531563758850098,4.834637641906738,0,64
right,bases/block_75_o.npz,655360,Machine-readable analysis field; definition follows the literal field name and source table grain.,float32,163840,0.21338650584220886,-0.20995596051216125,0,2560x64
left,bases/block_75_q.npz,655360,Machine-readable analysis field; definition follows the literal field name and source table grain.,float32,163840,0.48061031103134155,-0.29632529616355896,0,2560x64
singular_values,bases/block_75_q.npz,256,Machine-readable analysis field; definition follows the literal field name and source table grain.,float32,64,17.849292755126953,3.931687116622925,0,64
right,bases/block_75_q.npz,655360,Machine-readable analysis field; definition follows the literal field name and source table grain.,float32,163840,0.17920027673244476,-0.1665339469909668,0,2560x64
left,bases/block_75_v.npz,655360,Machine-readable analysis field; definition follows the literal field name and source table grain.,float32,163840,0.21359163522720337,-0.20612800121307373,0,2560x64
singular_values,bases/block_75_v.npz,256,Machine-readable analysis field; definition follows the literal field name and source table grain.,float32,64,17.467025756835938,5.312208652496338,0,64
right,bases/block_75_v.npz,655360,Machine-readable analysis field; definition follows the literal field name and source table grain.,float32,163840,0.22181198000907898,-0.21319147944450378,0,2560x64
left,bases/block_75_value.npz,1769472,Machine-readable analysis field; definition follows the literal field name and source table grain.,float32,442368,0.17301203310489655,-0.17105789482593536,0,6912x64
singular_values,bases/block_75_value.npz,256,Machine-readable analysis field; definition follows the literal field name and source table grain.,float32,64,13.035466194152832,5.422372817993164,0,64
right,bases/block_75_value.npz,655360,Machine-readable analysis field; definition follows the literal field name and source table grain.,float32,163840,0.13474082946777344,-0.14075416326522827,0,2560x64
left,bases/block_76_down.npz,655360,Machine-readable analysis field; definition follows the literal field name and source table grain.,float32,163840,0.3013584315776825,-0.5180851221084595,0,2560x64
singular_values,bases/block_76_down.npz,256,Machine-readable analysis field; definition follows the literal field name and source table grain.,float32,64,10.641260147094727,6.523830413818359,0,64
right,bases/block_76_down.npz,1769472,Machine-readable analysis field; definition follows the literal field name and source table grain.,float32,442368,0.12257985025644302,-0.13106775283813477,0,6912x64
left,bases/block_76_gate.npz,1769472,Machine-readable analysis field; definition follows the literal field name and source table grain.,float32,442368,0.09648021310567856,-0.08371727168560028,0,6912x64
singular_values,bases/block_76_gate.npz,256,Machine-readable analysis field; definition follows the literal field name and source table grain.,float32,64,25.64937973022461,6.099510669708252,0,64
right,bases/block_76_gate.npz,655360,Machine-readable analysis field; definition follows the literal field name and source table grain.,float32,163840,0.14781390130519867,-0.12995359301567078,0,2560x64
left,bases/block_76_k.npz,655360,Machine-readable analysis field; definition follows the literal field name and source table grain.,float32,163840,0.3871432840824127,-0.36394327878952026,0,2560x64
singular_values,bases/block_76_k.npz,256,Machine-readable analysis field; definition follows the literal field name and source table grain.,float32,64,15.185439109802246,4.015661716461182,0,64
right,bases/block_76_k.npz,655360,Machine-readable analysis field; definition follows the literal field name and source table grain.,float32,163840,0.32240018248558044,-0.3598327934741974,0,2560x64
left,bases/block_76_o.npz,655360,Machine-readable analysis field; definition follows the literal field name and source table grain.,float32,163840,0.45590102672576904,-0.6455535888671875,0,2560x64
singular_values,bases/block_76_o.npz,256,Machine-readable analysis field; definition follows the literal field name and source table grain.,float32,64,10.630788803100586,4.769886016845703,0,64
right,bases/block_76_o.npz,655360,Machine-readable analysis field; definition follows the literal field name and source table grain.,float32,163840,0.1526392251253128,-0.18472211062908173,0,2560x64
left,bases/block_76_q.npz,655360,Machine-readable analysis field; definition follows the literal field name and source table grain.,float32,163840,0.39906126260757446,-0.29588618874549866,0,2560x64
singular_values,bases/block_76_q.npz,256,Machine-readable analysis field; definition follows the literal field name and source table grain.,float32,64,19.506853103637695,3.9790403842926025,0,64
right,bases/block_76_q.npz,655360,Machine-readable analysis field; definition follows the literal field name and source table grain.,float32,163840,0.16732196509838104,-0.15920285880565643,0,2560x64
left,bases/block_76_v.npz,655360,Machine-readable analysis field; definition follows the literal field name and source table grain.,float32,163840,0.12443527579307556,-0.1235567033290863,0,2560x64
singular_values,bases/block_76_v.npz,256,Machine-readable analysis field; definition follows the literal field name and source table grain.,float32,64,12.723467826843262,5.330502510070801,0,64
right,bases/block_76_v.npz,655360,Machine-readable analysis field; definition follows the literal field name and source table grain.,float32,163840,0.23022767901420593,-0.170721173286438,0,2560x64
left,bases/block_76_value.npz,1769472,Machine-readable analysis field; definition follows the literal field name and source table grain.,float32,442368,0.142770916223526,-0.1516219675540924,0,6912x64
singular_values,bases/block_76_value.npz,256,Machine-readable analysis field; definition follows the literal field name and source table grain.,float32,64,13.220080375671387,5.4897685050964355,0,64
right,bases/block_76_value.npz,655360,Machine-readable analysis field; definition follows the literal field name and source table grain.,float32,163840,0.11335751414299011,-0.1526336520910263,0,2560x64
left,bases/block_77_down.npz,655360,Machine-readable analysis field; definition follows the literal field name and source table grain.,float32,163840,0.3273174464702606,-0.48362261056900024,0,2560x64
singular_values,bases/block_77_down.npz,256,Machine-readable analysis field; definition follows the literal field name and source table grain.,float32,64,13.026859283447266,6.254475116729736,0,64
right,bases/block_77_down.npz,1769472,Machine-readable analysis field; definition follows the literal field name and source table grain.,float32,442368,0.16304722428321838,-0.20512183010578156,0,6912x64
left,bases/block_77_gate.npz,1769472,Machine-readable analysis field; definition follows the literal field name and source table grain.,float32,442368,0.08233896642923355,-0.0763619914650917,0,6912x64
singular_values,bases/block_77_gate.npz,256,Machine-readable analysis field; definition follows the literal field name and source table grain.,float32,64,25.611692428588867,6.79691219329834,0,64
right,bases/block_77_gate.npz,655360,Machine-readable analysis field; definition follows the literal field name and source table grain.,float32,163840,0.12783296406269073,-0.13443192839622498,0,2560x64
left,bases/block_77_k.npz,655360,Machine-readable analysis field; definition follows the literal field name and source table grain.,float32,163840,0.574216902256012,-0.40091630816459656,0,2560x64
singular_values,bases/block_77_k.npz,256,Machine-readable analysis field; definition follows the literal field name and source table grain.,float32,64,20.142345428466797,4.191122531890869,0,64
right,bases/block_77_k.npz,655360,Machine-readable analysis field; definition follows the literal field name and source table grain.,float32,163840,0.2948589324951172,-0.3272920548915863,0,2560x64
left,bases/block_77_o.npz,655360,Machine-readable analysis field; definition follows the literal field name and source table grain.,float32,163840,0.5145753622055054,-0.768993079662323,0,2560x64
singular_values,bases/block_77_o.npz,256,Machine-readable analysis field; definition follows the literal field name and source table grain.,float32,64,12.45994758605957,4.796295642852783,0,64
right,bases/block_77_o.npz,655360,Machine-readable analysis field; definition follows the literal field name and source table grain.,float32,163840,0.15973150730133057,-0.16602995991706848,0,2560x64
left,bases/block_77_q.npz,655360,Machine-readable analysis field; definition follows the literal field name and source table grain.,float32,163840,0.41278505325317383,-0.677194356918335,0,2560x64
singular_values,bases/block_77_q.npz,256,Machine-readable analysis field; definition follows the literal field name and source table grain.,float32,64,18.152328491210938,3.9368093013763428,0,64
right,bases/block_77_q.npz,655360,Machine-readable analysis field; definition follows the literal field name and source table grain.,float32,163840,0.17473435401916504,-0.16393332183361053,0,2560x64
left,bases/block_77_v.npz,655360,Machine-readable analysis field; definition follows the literal field name and source table grain.,float32,163840,0.1683482974767685,-0.15337508916854858,0,2560x64
singular_values,bases/block_77_v.npz,256,Machine-readable analysis field; definition follows the literal field name and source table grain.,float32,64,17.87204933166504,5.772170543670654,0,64
right,bases/block_77_v.npz,655360,Machine-readable analysis field; definition follows the literal field name and source table grain.,float32,163840,0.3612263798713684,-0.2438388466835022,0,2560x64
left,bases/block_77_value.npz,1769472,Machine-readable analysis field; definition follows the literal field name and source table grain.,float32,442368,0.27604612708091736,-0.21379943192005157,0,6912x64
singular_values,bases/block_77_value.npz,256,Machine-readable analysis field; definition follows the literal field name and source table grain.,float32,64,13.921137809753418,6.1049394607543945,0,64
right,bases/block_77_value.npz,655360,Machine-readable analysis field; definition follows the literal field name and source table grain.,float32,163840,0.13744056224822998,-0.13045361638069153,0,2560x64
left,bases/block_78_down.npz,655360,Machine-readable analysis field; definition follows the literal field name and source table grain.,float32,163840,0.3756975829601288,-0.7302079796791077,0,2560x64
singular_values,bases/block_78_down.npz,256,Machine-readable analysis field; definition follows the literal field name and source table grain.,float32,64,19.11582374572754,7.228122234344482,0,64
right,bases/block_78_down.npz,1769472,Machine-readable analysis field; definition follows the literal field name and source table grain.,float32,442368,0.08770377188920975,-0.12155526876449585,0,6912x64
left,bases/block_78_gate.npz,1769472,Machine-readable analysis field; definition follows the literal field name and source table grain.,float32,442368,0.08675728738307953,-0.08939319849014282,0,6912x64
singular_values,bases/block_78_gate.npz,256,Machine-readable analysis field; definition follows the literal field name and source table grain.,float32,64,27.606800079345703,6.989866733551025,0,64
right,bases/block_78_gate.npz,655360,Machine-readable analysis field; definition follows the literal field name and source table grain.,float32,163840,0.14710278809070587,-0.16202613711357117,0,2560x64
left,bases/block_78_k.npz,655360,Machine-readable analysis field; definition follows the literal field name and source table grain.,float32,163840,0.35771653056144714,-0.33337193727493286,0,2560x64
singular_values,bases/block_78_k.npz,256,Machine-readable analysis field; definition follows the literal field name and source table grain.,float32,64,18.824697494506836,4.120700359344482,0,64
right,bases/block_78_k.npz,655360,Machine-readable analysis field; definition follows the literal field name and source table grain.,float32,163840,0.29476043581962585,-0.3158462941646576,0,2560x64
left,bases/block_78_o.npz,655360,Machine-readable analysis field; definition follows the literal field name and source table grain.,float32,163840,0.8548174500465393,-0.4248501658439636,0,2560x64
singular_values,bases/block_78_o.npz,256,Machine-readable analysis field; definition follows the literal field name and source table grain.,float32,64,17.151065826416016,5.545520305633545,0,64
right,bases/block_78_o.npz,655360,Machine-readable analysis field; definition follows the literal field name and source table grain.,float32,163840,0.13404375314712524,-0.13911400735378265,0,2560x64
left,bases/block_78_q.npz,655360,Machine-readable analysis field; definition follows the literal field name and source table grain.,float32,163840,0.2905474305152893,-0.698146402835846,0,2560x64
singular_values,bases/block_78_q.npz,256,Machine-readable analysis field; definition follows the literal field name and source table grain.,float32,64,21.955406188964844,4.261858940124512,0,64
right,bases/block_78_q.npz,655360,Machine-readable analysis field; definition follows the literal field name and source table grain.,float32,163840,0.16940458118915558,-0.15955351293087006,0,2560x64
left,bases/block_78_v.npz,655360,Machine-readable analysis field; definition follows the literal field name and source table grain.,float32,163840,0.15957766771316528,-0.1205565482378006,0,2560x64
singular_values,bases/block_78_v.npz,256,Machine-readable analysis field; definition follows the literal field name and source table grain.,float32,64,13.446578979492188,6.334563732147217,0,64
right,bases/block_78_v.npz,655360,Machine-readable analysis field; definition follows the literal field name and source table grain.,float32,163840,0.14992845058441162,-0.21578384935855865,0,2560x64
left,bases/block_78_value.npz,1769472,Machine-readable analysis field; definition follows the literal field name and source table grain.,float32,442368,0.12337823957204819,-0.13305023312568665,0,6912x64
singular_values,bases/block_78_value.npz,256,Machine-readable analysis field; definition follows the literal field name and source table grain.,float32,64,14.092629432678223,6.106134414672852,0,64
right,bases/block_78_value.npz,655360,Machine-readable analysis field; definition follows the literal field name and source table grain.,float32,163840,0.1598285436630249,-0.13291478157043457,0,2560x64
left,bases/block_79_down.npz,655360,Machine-readable analysis field; definition follows the literal field name and source table grain.,float32,163840,0.12619002163410187,-0.11338408291339874,0,2560x64
singular_values,bases/block_79_down.npz,256,Machine-readable analysis field; definition follows the literal field name and source table grain.,float32,64,15.58445930480957,7.722165107727051,0,64
right,bases/block_79_down.npz,1769472,Machine-readable analysis field; definition follows the literal field name and source table grain.,float32,442368,0.10136067867279053,-0.10730039328336716,0,6912x64
left,bases/block_79_gate.npz,1769472,Machine-readable analysis field; definition follows the literal field name and source table grain.,float32,442368,0.08574581146240234,-0.09387719631195068,0,6912x64
singular_values,bases/block_79_gate.npz,256,Machine-readable analysis field; definition follows the literal field name and source table grain.,float32,64,20.1314640045166,6.405026435852051,0,64
right,bases/block_79_gate.npz,655360,Machine-readable analysis field; definition follows the literal field name and source table grain.,float32,163840,0.18067729473114014,-0.18649005889892578,0,2560x64
left,bases/block_79_k.npz,655360,Machine-readable analysis field; definition follows the literal field name and source table grain.,float32,163840,0.5014540553092957,-0.3343336880207062,0,2560x64
singular_values,bases/block_79_k.npz,256,Machine-readable analysis field; definition follows the literal field name and source table grain.,float32,64,23.415691375732422,4.6827287673950195,0,64
right,bases/block_79_k.npz,655360,Machine-readable analysis field; definition follows the literal field name and source table grain.,float32,163840,0.27873629331588745,-0.28045132756233215,0,2560x64
left,bases/block_79_o.npz,655360,Machine-readable analysis field; definition follows the literal field name and source table grain.,float32,163840,0.16074173152446747,-0.4122636020183563,0,2560x64
singular_values,bases/block_79_o.npz,256,Machine-readable analysis field; definition follows the literal field name and source table grain.,float32,64,13.110239028930664,7.140414714813232,0,64
right,bases/block_79_o.npz,655360,Machine-readable analysis field; definition follows the literal field name and source table grain.,float32,163840,0.2101220339536667,-0.22436314821243286,0,2560x64
left,bases/block_79_q.npz,655360,Machine-readable analysis field; definition follows the literal field name and source table grain.,float32,163840,0.20797240734100342,-0.39889147877693176,0,2560x64
singular_values,bases/block_79_q.npz,256,Machine-readable analysis field; definition follows the literal field name and source table grain.,float32,64,24.697349548339844,4.516386985778809,0,64
right,bases/block_79_q.npz,655360,Machine-readable analysis field; definition follows the literal field name and source table grain.,float32,163840,0.15274423360824585,-0.18302561342716217,0,2560x64
left,bases/block_79_v.npz,655360,Machine-readable analysis field; definition follows the literal field name and source table grain.,float32,163840,0.14940404891967773,-0.18809084594249725,0,2560x64
singular_values,bases/block_79_v.npz,256,Machine-readable analysis field; definition follows the literal field name and source table grain.,float32,64,15.58448314666748,7.0575690269470215,0,64
right,bases/block_79_v.npz,655360,Machine-readable analysis field; definition follows the literal field name and source table grain.,float32,163840,0.15877309441566467,-0.15609483420848846,0,2560x64
left,bases/block_79_value.npz,1769472,Machine-readable analysis field; definition follows the literal field name and source table grain.,float32,442368,0.1636994481086731,-0.2493496537208557,0,6912x64
singular_values,bases/block_79_value.npz,256,Machine-readable analysis field; definition follows the literal field name and source table grain.,float32,64,13.129511833190918,6.293776988983154,0,64
right,bases/block_79_value.npz,655360,Machine-readable analysis field; definition follows the literal field name and source table grain.,float32,163840,0.138300359249115,-0.17751727998256683,0,2560x64
neuron,ffn_neurons/block_00.npz,27648,Machine-readable analysis field; definition follows the literal field name and source table grain.,int32,6912,6911.0,0.0,0,6912
gate_norm,ffn_neurons/block_00.npz,27648,Machine-readable analysis field; definition follows the literal field name and source table grain.,float32,6912,3.427457094192505,1.276847004890442,0,6912
value_norm,ffn_neurons/block_00.npz,27648,Machine-readable analysis field; definition follows the literal field name and source table grain.,float32,6912,2.848771810531616,0.19424991309642792,0,6912
down_norm,ffn_neurons/block_00.npz,27648,Machine-readable analysis field; definition follows the literal field name and source table grain.,float32,6912,2.571011543273926,0.3753474950790405,0,6912
gate_value_cosine,ffn_neurons/block_00.npz,27648,Machine-readable analysis field; definition follows the literal field name and source table grain.,float32,6912,0.8760143518447876,-0.8698372840881348,0,6912
gate_down_cosine,ffn_neurons/block_00.npz,27648,Machine-readable analysis field; definition follows the literal field name and source table grain.,float32,6912,0.39556896686553955,-0.5347106456756592,0,6912
value_down_cosine,ffn_neurons/block_00.npz,27648,Machine-readable analysis field; definition follows the literal field name and source table grain.,float32,6912,0.4428196847438812,-0.28461045026779175,0,6912
triple_strength,ffn_neurons/block_00.npz,27648,Machine-readable analysis field; definition follows the literal field name and source table grain.,float32,6912,21.886865615844727,0.10684431344270706,0,6912
neuron,ffn_neurons/block_01.npz,27648,Machine-readable analysis field; definition follows the literal field name and source table grain.,int32,6912,6911.0,0.0,0,6912
gate_norm,ffn_neurons/block_01.npz,27648,Machine-readable analysis field; definition follows the literal field name and source table grain.,float32,6912,2.9561984539031982,1.3385671377182007,0,6912
value_norm,ffn_neurons/block_01.npz,27648,Machine-readable analysis field; definition follows the literal field name and source table grain.,float32,6912,2.753580331802368,0.2551971673965454,0,6912
down_norm,ffn_neurons/block_01.npz,27648,Machine-readable analysis field; definition follows the literal field name and source table grain.,float32,6912,2.8174915313720703,0.39489227533340454,0,6912
gate_value_cosine,ffn_neurons/block_01.npz,27648,Machine-readable analysis field; definition follows the literal field name and source table grain.,float32,6912,0.9435396194458008,-0.931231677532196,0,6912
gate_down_cosine,ffn_neurons/block_01.npz,27648,Machine-readable analysis field; definition follows the literal field name and source table grain.,float32,6912,0.59270840883255,-0.5399527549743652,0,6912
value_down_cosine,ffn_neurons/block_01.npz,27648,Machine-readable analysis field; definition follows the literal field name and source table grain.,float32,6912,0.5112417936325073,-0.35378819704055786,0,6912
triple_strength,ffn_neurons/block_01.npz,27648,Machine-readable analysis field; definition follows the literal field name and source table grain.,float32,6912,21.85932731628418,0.14873385429382324,0,6912
neuron,ffn_neurons/block_02.npz,27648,Machine-readable analysis field; definition follows the literal field name and source table grain.,int32,6912,6911.0,0.0,0,6912
gate_norm,ffn_neurons/block_02.npz,27648,Machine-readable analysis field; definition follows the literal field name and source table grain.,float32,6912,2.6816704273223877,1.2000788450241089,0,6912
value_norm,ffn_neurons/block_02.npz,27648,Machine-readable analysis field; definition follows the literal field name and source table grain.,float32,6912,2.5674405097961426,0.28492259979248047,0,6912
down_norm,ffn_neurons/block_02.npz,27648,Machine-readable analysis field; definition follows the literal field name and source table grain.,float32,6912,2.790437698364258,0.43588492274284363,0,6912
gate_value_cosine,ffn_neurons/block_02.npz,27648,Machine-readable analysis field; definition follows the literal field name and source table grain.,float32,6912,0.9678191542625427,-0.9799139499664307,0,6912
gate_down_cosine,ffn_neurons/block_02.npz,27648,Machine-readable analysis field; definition follows the literal field name and source table grain.,float32,6912,0.5299043655395508,-0.5547364354133606,0,6912
value_down_cosine,ffn_neurons/block_02.npz,27648,Machine-readable analysis field; definition follows the literal field name and source table grain.,float32,6912,0.5377076268196106,-0.30593234300613403,0,6912
triple_strength,ffn_neurons/block_02.npz,27648,Machine-readable analysis field; definition follows the literal field name and source table grain.,float32,6912,17.564388275146484,0.18936793506145477,0,6912
neuron,ffn_neurons/block_03.npz,27648,Machine-readable analysis field; definition follows the literal field name and source table grain.,int32,6912,6911.0,0.0,0,6912
gate_norm,ffn_neurons/block_03.npz,27648,Machine-readable analysis field; definition follows the literal field name and source table grain.,float32,6912,2.4084885120391846,1.0162906646728516,0,6912
value_norm,ffn_neurons/block_03.npz,27648,Machine-readable analysis field; definition follows the literal field name and source table grain.,float32,6912,2.261202573776245,0.2516539692878723,0,6912
down_norm,ffn_neurons/block_03.npz,27648,Machine-readable analysis field; definition follows the literal field name and source table grain.,float32,6912,2.7214996814727783,0.44363951683044434,0,6912
gate_value_cosine,ffn_neurons/block_03.npz,27648,Machine-readable analysis field; definition follows the literal field name and source table grain.,float32,6912,0.9750545024871826,-0.9624360203742981,0,6912
gate_down_cosine,ffn_neurons/block_03.npz,27648,Machine-readable analysis field; definition follows the literal field name and source table grain.,float32,6912,0.38715338706970215,-0.43006834387779236,0,6912
value_down_cosine,ffn_neurons/block_03.npz,27648,Machine-readable analysis field; definition follows the literal field name and source table grain.,float32,6912,0.41770341992378235,-0.37132957577705383,0,6912
triple_strength,ffn_neurons/block_03.npz,27648,Machine-readable analysis field; definition follows the literal field name and source table grain.,float32,6912,12.579849243164062,0.1665431559085846,0,6912
neuron,ffn_neurons/block_04.npz,27648,Machine-readable analysis field; definition follows the literal field name and source table grain.,int32,6912,6911.0,0.0,0,6912
gate_norm,ffn_neurons/block_04.npz,27648,Machine-readable analysis field; definition follows the literal field name and source table grain.,float32,6912,3.1869089603424072,1.0964686870574951,0,6912
value_norm,ffn_neurons/block_04.npz,27648,Machine-readable analysis field; definition follows the literal field name and source table grain.,float32,6912,2.565206289291382,0.19460786879062653,0,6912
down_norm,ffn_neurons/block_04.npz,27648,Machine-readable analysis field; definition follows the literal field name and source table grain.,float32,6912,2.7170114517211914,0.31534379720687866,0,6912
gate_value_cosine,ffn_neurons/block_04.npz,27648,Machine-readable analysis field; definition follows the literal field name and source table grain.,float32,6912,0.9807684421539307,-0.9680576324462891,0,6912
gate_down_cosine,ffn_neurons/block_04.npz,27648,Machine-readable analysis field; definition follows the literal field name and source table grain.,float32,6912,0.4088647663593292,-0.48610901832580566,0,6912
value_down_cosine,ffn_neurons/block_04.npz,27648,Machine-readable analysis field; definition follows the literal field name and source table grain.,float32,6912,0.45645660161972046,-0.2407946139574051,0,6912
triple_strength,ffn_neurons/block_04.npz,27648,Machine-readable analysis field; definition follows the literal field name and source table grain.,float32,6912,16.420425415039062,0.06948913633823395,0,6912
neuron,ffn_neurons/block_05.npz,27648,Machine-readable analysis field; definition follows the literal field name and source table grain.,int32,6912,6911.0,0.0,0,6912
gate_norm,ffn_neurons/block_05.npz,27648,Machine-readable analysis field; definition follows the literal field name and source table grain.,float32,6912,2.477566719055176,0.787905216217041,0,6912
value_norm,ffn_neurons/block_05.npz,27648,Machine-readable analysis field; definition follows the literal field name and source table grain.,float32,6912,1.7897838354110718,0.11628838628530502,0,6912
down_norm,ffn_neurons/block_05.npz,27648,Machine-readable analysis field; definition follows the literal field name and source table grain.,float32,6912,2.4570884704589844,0.304476797580719,0,6912
gate_value_cosine,ffn_neurons/block_05.npz,27648,Machine-readable analysis field; definition follows the literal field name and source table grain.,float32,6912,0.8118085861206055,-0.8892608284950256,0,6912
gate_down_cosine,ffn_neurons/block_05.npz,27648,Machine-readable analysis field; definition follows the literal field name and source table grain.,float32,6912,0.5208619832992554,-0.5199691653251648,0,6912
value_down_cosine,ffn_neurons/block_05.npz,27648,Machine-readable analysis field; definition follows the literal field name and source table grain.,float32,6912,0.28310975432395935,-0.6367478966712952,0,6912
triple_strength,ffn_neurons/block_05.npz,27648,Machine-readable analysis field; definition follows the literal field name and source table grain.,float32,6912,8.98227310180664,0.03515506535768509,0,6912
neuron,ffn_neurons/block_06.npz,27648,Machine-readable analysis field; definition follows the literal field name and source table grain.,int32,6912,6911.0,0.0,0,6912
gate_norm,ffn_neurons/block_06.npz,27648,Machine-readable analysis field; definition follows the literal field name and source table grain.,float32,6912,2.4154324531555176,0.892754316329956,0,6912
value_norm,ffn_neurons/block_06.npz,27648,Machine-readable analysis field; definition follows the literal field name and source table grain.,float32,6912,1.8776862621307373,0.12745991349220276,0,6912
down_norm,ffn_neurons/block_06.npz,27648,Machine-readable analysis field; definition follows the literal field name and source table grain.,float32,6912,2.4659276008605957,0.3010605275630951,0,6912
gate_value_cosine,ffn_neurons/block_06.npz,27648,Machine-readable analysis field; definition follows the literal field name and source table grain.,float32,6912,0.7944018840789795,-0.8600842356681824,0,6912
gate_down_cosine,ffn_neurons/block_06.npz,27648,Machine-readable analysis field; definition follows the literal field name and source table grain.,float32,6912,0.543296217918396,-0.5508064031600952,0,6912
value_down_cosine,ffn_neurons/block_06.npz,27648,Machine-readable analysis field; definition follows the literal field name and source table grain.,float32,6912,0.307367742061615,-0.5984910726547241,0,6912
triple_strength,ffn_neurons/block_06.npz,27648,Machine-readable analysis field; definition follows the literal field name and source table grain.,float32,6912,9.347880363464355,0.04106578975915909,0,6912
neuron,ffn_neurons/block_07.npz,27648,Machine-readable analysis field; definition follows the literal field name and source table grain.,int32,6912,6911.0,0.0,0,6912
gate_norm,ffn_neurons/block_07.npz,27648,Machine-readable analysis field; definition follows the literal field name and source table grain.,float32,6912,3.476328134536743,0.9463333487510681,0,6912
value_norm,ffn_neurons/block_07.npz,27648,Machine-readable analysis field; definition follows the literal field name and source table grain.,float32,6912,2.663327932357788,0.16931071877479553,0,6912
down_norm,ffn_neurons/block_07.npz,27648,Machine-readable analysis field; definition follows the literal field name and source table grain.,float32,6912,2.7067291736602783,0.3085293173789978,0,6912
gate_value_cosine,ffn_neurons/block_07.npz,27648,Machine-readable analysis field; definition follows the literal field name and source table grain.,float32,6912,0.8803489804267883,-0.865028977394104,0,6912
gate_down_cosine,ffn_neurons/block_07.npz,27648,Machine-readable analysis field; definition follows the literal field name and source table grain.,float32,6912,0.5287226438522339,-0.6066858768463135,0,6912
value_down_cosine,ffn_neurons/block_07.npz,27648,Machine-readable analysis field; definition follows the literal field name and source table grain.,float32,6912,0.4362044334411621,-0.6074978709220886,0,6912
triple_strength,ffn_neurons/block_07.npz,27648,Machine-readable analysis field; definition follows the literal field name and source table grain.,float32,6912,18.34700584411621,0.05165105685591698,0,6912
neuron,ffn_neurons/block_08.npz,27648,Machine-readable analysis field; definition follows the literal field name and source table grain.,int32,6912,6911.0,0.0,0,6912
gate_norm,ffn_neurons/block_08.npz,27648,Machine-readable analysis field; definition follows the literal field name and source table grain.,float32,6912,2.4726898670196533,1.0007988214492798,0,6912
value_norm,ffn_neurons/block_08.npz,27648,Machine-readable analysis field; definition follows the literal field name and source table grain.,float32,6912,2.1574594974517822,0.14857721328735352,0,6912
down_norm,ffn_neurons/block_08.npz,27648,Machine-readable analysis field; definition follows the literal field name and source table grain.,float32,6912,2.5456483364105225,0.28211477398872375,0,6912
gate_value_cosine,ffn_neurons/block_08.npz,27648,Machine-readable analysis field; definition follows the literal field name and source table grain.,float32,6912,0.9248881936073303,-0.9043116569519043,0,6912
gate_down_cosine,ffn_neurons/block_08.npz,27648,Machine-readable analysis field; definition follows the literal field name and source table grain.,float32,6912,0.5376280546188354,-0.5403406023979187,0,6912
value_down_cosine,ffn_neurons/block_08.npz,27648,Machine-readable analysis field; definition follows the literal field name and source table grain.,float32,6912,0.31950643658638,-0.5528650283813477,0,6912
triple_strength,ffn_neurons/block_08.npz,27648,Machine-readable analysis field; definition follows the literal field name and source table grain.,float32,6912,10.996962547302246,0.04281233251094818,0,6912
neuron,ffn_neurons/block_09.npz,27648,Machine-readable analysis field; definition follows the literal field name and source table grain.,int32,6912,6911.0,0.0,0,6912
gate_norm,ffn_neurons/block_09.npz,27648,Machine-readable analysis field; definition follows the literal field name and source table grain.,float32,6912,3.654489040374756,0.9817021489143372,0,6912
value_norm,ffn_neurons/block_09.npz,27648,Machine-readable analysis field; definition follows the literal field name and source table grain.,float32,6912,2.8872101306915283,0.27297651767730713,0,6912
down_norm,ffn_neurons/block_09.npz,27648,Machine-readable analysis field; definition follows the literal field name and source table grain.,float32,6912,2.9815521240234375,0.47104087471961975,0,6912
gate_value_cosine,ffn_neurons/block_09.npz,27648,Machine-readable analysis field; definition follows the literal field name and source table grain.,float32,6912,0.9330317378044128,-0.8732755184173584,0,6912
gate_down_cosine,ffn_neurons/block_09.npz,27648,Machine-readable analysis field; definition follows the literal field name and source table grain.,float32,6912,0.556894063949585,-0.626958429813385,0,6912
value_down_cosine,ffn_neurons/block_09.npz,27648,Machine-readable analysis field; definition follows the literal field name and source table grain.,float32,6912,0.44947487115859985,-0.49620524048805237,0,6912
triple_strength,ffn_neurons/block_09.npz,27648,Machine-readable analysis field; definition follows the literal field name and source table grain.,float32,6912,23.4571590423584,0.13721364736557007,0,6912
neuron,ffn_neurons/block_10.npz,27648,Machine-readable analysis field; definition follows the literal field name and source table grain.,int32,6912,6911.0,0.0,0,6912
gate_norm,ffn_neurons/block_10.npz,27648,Machine-readable analysis field; definition follows the literal field name and source table grain.,float32,6912,3.1536896228790283,0.797079861164093,0,6912
value_norm,ffn_neurons/block_10.npz,27648,Machine-readable analysis field; definition follows the literal field name and source table grain.,float32,6912,2.1277709007263184,0.17797647416591644,0,6912
down_norm,ffn_neurons/block_10.npz,27648,Machine-readable analysis field; definition follows the literal field name and source table grain.,float32,6912,2.5424227714538574,0.31549400091171265,0,6912
gate_value_cosine,ffn_neurons/block_10.npz,27648,Machine-readable analysis field; definition follows the literal field name and source table grain.,float32,6912,0.8215160369873047,-0.7866905927658081,0,6912
gate_down_cosine,ffn_neurons/block_10.npz,27648,Machine-readable analysis field; definition follows the literal field name and source table grain.,float32,6912,0.476862370967865,-0.5802594423294067,0,6912
value_down_cosine,ffn_neurons/block_10.npz,27648,Machine-readable analysis field; definition follows the literal field name and source table grain.,float32,6912,0.379564493894577,-0.5485281944274902,0,6912
triple_strength,ffn_neurons/block_10.npz,27648,Machine-readable analysis field; definition follows the literal field name and source table grain.,float32,6912,13.912169456481934,0.045910585671663284,0,6912
neuron,ffn_neurons/block_11.npz,27648,Machine-readable analysis field; definition follows the literal field name and source table grain.,int32,6912,6911.0,0.0,0,6912
gate_norm,ffn_neurons/block_11.npz,27648,Machine-readable analysis field; definition follows the literal field name and source table grain.,float32,6912,3.2168567180633545,0.7115896940231323,0,6912
value_norm,ffn_neurons/block_11.npz,27648,Machine-readable analysis field; definition follows the literal field name and source table grain.,float32,6912,2.1918933391571045,0.17953698337078094,0,6912
down_norm,ffn_neurons/block_11.npz,27648,Machine-readable analysis field; definition follows the literal field name and source table grain.,float32,6912,2.4535202980041504,0.3054225742816925,0,6912
gate_value_cosine,ffn_neurons/block_11.npz,27648,Machine-readable analysis field; definition follows the literal field name and source table grain.,float32,6912,0.847596287727356,-0.8393973112106323,0,6912
gate_down_cosine,ffn_neurons/block_11.npz,27648,Machine-readable analysis field; definition follows the literal field name and source table grain.,float32,6912,0.4895458221435547,-0.474100798368454,0,6912
value_down_cosine,ffn_neurons/block_11.npz,27648,Machine-readable analysis field; definition follows the literal field name and source table grain.,float32,6912,0.39053383469581604,-0.6031983494758606,0,6912
triple_strength,ffn_neurons/block_11.npz,27648,Machine-readable analysis field; definition follows the literal field name and source table grain.,float32,6912,15.89970588684082,0.0415692999958992,0,6912
neuron,ffn_neurons/block_12.npz,27648,Machine-readable analysis field; definition follows the literal field name and source table grain.,int32,6912,6911.0,0.0,0,6912
gate_norm,ffn_neurons/block_12.npz,27648,Machine-readable analysis field; definition follows the literal field name and source table grain.,float32,6912,3.3515279293060303,0.7853919267654419,0,6912
value_norm,ffn_neurons/block_12.npz,27648,Machine-readable analysis field; definition follows the literal field name and source table grain.,float32,6912,2.901663064956665,0.41725456714630127,0,6912
down_norm,ffn_neurons/block_12.npz,27648,Machine-readable analysis field; definition follows the literal field name and source table grain.,float32,6912,2.7139482498168945,0.6057066321372986,0,6912
gate_value_cosine,ffn_neurons/block_12.npz,27648,Machine-readable analysis field; definition follows the literal field name and source table grain.,float32,6912,0.8593478798866272,-0.81846684217453,0,6912
gate_down_cosine,ffn_neurons/block_12.npz,27648,Machine-readable analysis field; definition follows the literal field name and source table grain.,float32,6912,0.49295857548713684,-0.5587454438209534,0,6912
value_down_cosine,ffn_neurons/block_12.npz,27648,Machine-readable analysis field; definition follows the literal field name and source table grain.,float32,6912,0.46226099133491516,-0.4278174042701721,0,6912
triple_strength,ffn_neurons/block_12.npz,27648,Machine-readable analysis field; definition follows the literal field name and source table grain.,float32,6912,22.725200653076172,0.21715186536312103,0,6912
neuron,ffn_neurons/block_13.npz,27648,Machine-readable analysis field; definition follows the literal field name and source table grain.,int32,6912,6911.0,0.0,0,6912
gate_norm,ffn_neurons/block_13.npz,27648,Machine-readable analysis field; definition follows the literal field name and source table grain.,float32,6912,3.3021411895751953,0.707744836807251,0,6912
value_norm,ffn_neurons/block_13.npz,27648,Machine-readable analysis field; definition follows the literal field name and source table grain.,float32,6912,3.323881149291992,0.3287995457649231,0,6912
down_norm,ffn_neurons/block_13.npz,27648,Machine-readable analysis field; definition follows the literal field name and source table grain.,float32,6912,2.8765218257904053,0.484921395778656,0,6912
gate_value_cosine,ffn_neurons/block_13.npz,27648,Machine-readable analysis field; definition follows the literal field name and source table grain.,float32,6912,0.8645129203796387,-0.8458647727966309,0,6912
gate_down_cosine,ffn_neurons/block_13.npz,27648,Machine-readable analysis field; definition follows the literal field name and source table grain.,float32,6912,0.44071051478385925,-0.3390243649482727,0,6912
value_down_cosine,ffn_neurons/block_13.npz,27648,Machine-readable analysis field; definition follows the literal field name and source table grain.,float32,6912,0.35243356227874756,-0.3778706192970276,0,6912
triple_strength,ffn_neurons/block_13.npz,27648,Machine-readable analysis field; definition follows the literal field name and source table grain.,float32,6912,25.957866668701172,0.12189675867557526,0,6912
neuron,ffn_neurons/block_14.npz,27648,Machine-readable analysis field; definition follows the literal field name and source table grain.,int32,6912,6911.0,0.0,0,6912
gate_norm,ffn_neurons/block_14.npz,27648,Machine-readable analysis field; definition follows the literal field name and source table grain.,float32,6912,3.653614044189453,0.6609897017478943,0,6912
value_norm,ffn_neurons/block_14.npz,27648,Machine-readable analysis field; definition follows the literal field name and source table grain.,float32,6912,3.674639940261841,0.3223574757575989,0,6912
down_norm,ffn_neurons/block_14.npz,27648,Machine-readable analysis field; definition follows the literal field name and source table grain.,float32,6912,2.7881314754486084,0.46105778217315674,0,6912
gate_value_cosine,ffn_neurons/block_14.npz,27648,Machine-readable analysis field; definition follows the literal field name and source table grain.,float32,6912,0.8973610401153564,-0.900073766708374,0,6912
gate_down_cosine,ffn_neurons/block_14.npz,27648,Machine-readable analysis field; definition follows the literal field name and source table grain.,float32,6912,0.3653596341609955,-0.4471379518508911,0,6912
value_down_cosine,ffn_neurons/block_14.npz,27648,Machine-readable analysis field; definition follows the literal field name and source table grain.,float32,6912,0.45627373456954956,-0.394426167011261,0,6912
triple_strength,ffn_neurons/block_14.npz,27648,Machine-readable analysis field; definition follows the literal field name and source table grain.,float32,6912,29.66701316833496,0.11029434949159622,0,6912
neuron,ffn_neurons/block_15.npz,27648,Machine-readable analysis field; definition follows the literal field name and source table grain.,int32,6912,6911.0,0.0,0,6912
gate_norm,ffn_neurons/block_15.npz,27648,Machine-readable analysis field; definition follows the literal field name and source table grain.,float32,6912,3.3887057304382324,0.7088435292243958,0,6912
value_norm,ffn_neurons/block_15.npz,27648,Machine-readable analysis field; definition follows the literal field name and source table grain.,float32,6912,3.712735176086426,0.27917227149009705,0,6912
down_norm,ffn_neurons/block_15.npz,27648,Machine-readable analysis field; definition follows the literal field name and source table grain.,float32,6912,2.670421838760376,0.35366663336753845,0,6912
gate_value_cosine,ffn_neurons/block_15.npz,27648,Machine-readable analysis field; definition follows the literal field name and source table grain.,float32,6912,0.8840634226799011,-0.9021563529968262,0,6912
gate_down_cosine,ffn_neurons/block_15.npz,27648,Machine-readable analysis field; definition follows the literal field name and source table grain.,float32,6912,0.4635421633720398,-0.3552587628364563,0,6912
value_down_cosine,ffn_neurons/block_15.npz,27648,Machine-readable analysis field; definition follows the literal field name and source table grain.,float32,6912,0.40343767404556274,-0.35315895080566406,0,6912
triple_strength,ffn_neurons/block_15.npz,27648,Machine-readable analysis field; definition follows the literal field name and source table grain.,float32,6912,29.45039176940918,0.07809124141931534,0,6912
neuron,ffn_neurons/block_16.npz,27648,Machine-readable analysis field; definition follows the literal field name and source table grain.,int32,6912,6911.0,0.0,0,6912
gate_norm,ffn_neurons/block_16.npz,27648,Machine-readable analysis field; definition follows the literal field name and source table grain.,float32,6912,3.3509304523468018,0.6687213778495789,0,6912
value_norm,ffn_neurons/block_16.npz,27648,Machine-readable analysis field; definition follows the literal field name and source table grain.,float32,6912,3.693897008895874,0.24391280114650726,0,6912
down_norm,ffn_neurons/block_16.npz,27648,Machine-readable analysis field; definition follows the literal field name and source table grain.,float32,6912,3.073901891708374,0.28448405861854553,0,6912
gate_value_cosine,ffn_neurons/block_16.npz,27648,Machine-readable analysis field; definition follows the literal field name and source table grain.,float32,6912,0.8611853122711182,-0.9293464422225952,0,6912
gate_down_cosine,ffn_neurons/block_16.npz,27648,Machine-readable analysis field; definition follows the literal field name and source table grain.,float32,6912,0.39991384744644165,-0.4178255498409271,0,6912
value_down_cosine,ffn_neurons/block_16.npz,27648,Machine-readable analysis field; definition follows the literal field name and source table grain.,float32,6912,0.401529461145401,-0.40293362736701965,0,6912
triple_strength,ffn_neurons/block_16.npz,27648,Machine-readable analysis field; definition follows the literal field name and source table grain.,float32,6912,29.010465621948242,0.054934605956077576,0,6912
neuron,ffn_neurons/block_17.npz,27648,Machine-readable analysis field; definition follows the literal field name and source table grain.,int32,6912,6911.0,0.0,0,6912
gate_norm,ffn_neurons/block_17.npz,27648,Machine-readable analysis field; definition follows the literal field name and source table grain.,float32,6912,2.9691162109375,0.8123464584350586,0,6912
value_norm,ffn_neurons/block_17.npz,27648,Machine-readable analysis field; definition follows the literal field name and source table grain.,float32,6912,2.8859663009643555,0.29283225536346436,0,6912
down_norm,ffn_neurons/block_17.npz,27648,Machine-readable analysis field; definition follows the literal field name and source table grain.,float32,6912,2.7311923503875732,0.33006131649017334,0,6912
gate_value_cosine,ffn_neurons/block_17.npz,27648,Machine-readable analysis field; definition follows the literal field name and source table grain.,float32,6912,0.8997254967689514,-0.8956080675125122,0,6912
gate_down_cosine,ffn_neurons/block_17.npz,27648,Machine-readable analysis field; definition follows the literal field name and source table grain.,float32,6912,0.44795265793800354,-0.43118974566459656,0,6912
value_down_cosine,ffn_neurons/block_17.npz,27648,Machine-readable analysis field; definition follows the literal field name and source table grain.,float32,6912,0.45792892575263977,-0.4535672664642334,0,6912
triple_strength,ffn_neurons/block_17.npz,27648,Machine-readable analysis field; definition follows the literal field name and source table grain.,float32,6912,19.331684112548828,0.08315711468458176,0,6912
neuron,ffn_neurons/block_18.npz,27648,Machine-readable analysis field; definition follows the literal field name and source table grain.,int32,6912,6911.0,0.0,0,6912
gate_norm,ffn_neurons/block_18.npz,27648,Machine-readable analysis field; definition follows the literal field name and source table grain.,float32,6912,2.9606521129608154,0.9071597456932068,0,6912
value_norm,ffn_neurons/block_18.npz,27648,Machine-readable analysis field; definition follows the literal field name and source table grain.,float32,6912,3.2556333541870117,0.30456963181495667,0,6912
down_norm,ffn_neurons/block_18.npz,27648,Machine-readable analysis field; definition follows the literal field name and source table grain.,float32,6912,2.9153974056243896,0.3164512813091278,0,6912
gate_value_cosine,ffn_neurons/block_18.npz,27648,Machine-readable analysis field; definition follows the literal field name and source table grain.,float32,6912,0.8676719665527344,-0.890982449054718,0,6912
gate_down_cosine,ffn_neurons/block_18.npz,27648,Machine-readable analysis field; definition follows the literal field name and source table grain.,float32,6912,0.42181485891342163,-0.5272762775421143,0,6912
value_down_cosine,ffn_neurons/block_18.npz,27648,Machine-readable analysis field; definition follows the literal field name and source table grain.,float32,6912,0.5270938277244568,-0.3813444972038269,0,6912
triple_strength,ffn_neurons/block_18.npz,27648,Machine-readable analysis field; definition follows the literal field name and source table grain.,float32,6912,20.65115737915039,0.09130314737558365,0,6912
neuron,ffn_neurons/block_19.npz,27648,Machine-readable analysis field; definition follows the literal field name and source table grain.,int32,6912,6911.0,0.0,0,6912
gate_norm,ffn_neurons/block_19.npz,27648,Machine-readable analysis field; definition follows the literal field name and source table grain.,float32,6912,3.0276131629943848,0.9179219007492065,0,6912
value_norm,ffn_neurons/block_19.npz,27648,Machine-readable analysis field; definition follows the literal field name and source table grain.,float32,6912,3.4022932052612305,0.32128188014030457,0,6912
down_norm,ffn_neurons/block_19.npz,27648,Machine-readable analysis field; definition follows the literal field name and source table grain.,float32,6912,2.6959965229034424,0.31048840284347534,0,6912
gate_value_cosine,ffn_neurons/block_19.npz,27648,Machine-readable analysis field; definition follows the literal field name and source table grain.,float32,6912,0.8603394031524658,-0.8662093281745911,0,6912
gate_down_cosine,ffn_neurons/block_19.npz,27648,Machine-readable analysis field; definition follows the literal field name and source table grain.,float32,6912,0.3802199363708496,-0.40677058696746826,0,6912
value_down_cosine,ffn_neurons/block_19.npz,27648,Machine-readable analysis field; definition follows the literal field name and source table grain.,float32,6912,0.4278208613395691,-0.260376513004303,0,6912
triple_strength,ffn_neurons/block_19.npz,27648,Machine-readable analysis field; definition follows the literal field name and source table grain.,float32,6912,20.736347198486328,0.09601724147796631,0,6912
neuron,ffn_neurons/block_20.npz,27648,Machine-readable analysis field; definition follows the literal field name and source table grain.,int32,6912,6911.0,0.0,0,6912
gate_norm,ffn_neurons/block_20.npz,27648,Machine-readable analysis field; definition follows the literal field name and source table grain.,float32,6912,2.8904640674591064,0.9839996099472046,0,6912
value_norm,ffn_neurons/block_20.npz,27648,Machine-readable analysis field; definition follows the literal field name and source table grain.,float32,6912,3.33888840675354,0.33405616879463196,0,6912
down_norm,ffn_neurons/block_20.npz,27648,Machine-readable analysis field; definition follows the literal field name and source table grain.,float32,6912,2.9796290397644043,0.3185482323169708,0,6912
gate_value_cosine,ffn_neurons/block_20.npz,27648,Machine-readable analysis field; definition follows the literal field name and source table grain.,float32,6912,0.8517559766769409,-0.8598474860191345,0,6912
gate_down_cosine,ffn_neurons/block_20.npz,27648,Machine-readable analysis field; definition follows the literal field name and source table grain.,float32,6912,0.3954944610595703,-0.5125308036804199,0,6912
value_down_cosine,ffn_neurons/block_20.npz,27648,Machine-readable analysis field; definition follows the literal field name and source table grain.,float32,6912,0.43356621265411377,-0.24989935755729675,0,6912
triple_strength,ffn_neurons/block_20.npz,27648,Machine-readable analysis field; definition follows the literal field name and source table grain.,float32,6912,21.020139694213867,0.11027853935956955,0,6912
neuron,ffn_neurons/block_21.npz,27648,Machine-readable analysis field; definition follows the literal field name and source table grain.,int32,6912,6911.0,0.0,0,6912
gate_norm,ffn_neurons/block_21.npz,27648,Machine-readable analysis field; definition follows the literal field name and source table grain.,float32,6912,3.161768913269043,0.9543783068656921,0,6912
value_norm,ffn_neurons/block_21.npz,27648,Machine-readable analysis field; definition follows the literal field name and source table grain.,float32,6912,3.229860544204712,0.31915998458862305,0,6912
down_norm,ffn_neurons/block_21.npz,27648,Machine-readable analysis field; definition follows the literal field name and source table grain.,float32,6912,2.6981852054595947,0.2982531189918518,0,6912
gate_value_cosine,ffn_neurons/block_21.npz,27648,Machine-readable analysis field; definition follows the literal field name and source table grain.,float32,6912,0.8541266918182373,-0.868189811706543,0,6912
gate_down_cosine,ffn_neurons/block_21.npz,27648,Machine-readable analysis field; definition follows the literal field name and source table grain.,float32,6912,0.4278550446033478,-0.5340553522109985,0,6912
value_down_cosine,ffn_neurons/block_21.npz,27648,Machine-readable analysis field; definition follows the literal field name and source table grain.,float32,6912,0.5079365968704224,-0.13743284344673157,0,6912
triple_strength,ffn_neurons/block_21.npz,27648,Machine-readable analysis field; definition follows the literal field name and source table grain.,float32,6912,24.12887954711914,0.09921158105134964,0,6912
neuron,ffn_neurons/block_22.npz,27648,Machine-readable analysis field; definition follows the literal field name and source table grain.,int32,6912,6911.0,0.0,0,6912
gate_norm,ffn_neurons/block_22.npz,27648,Machine-readable analysis field; definition follows the literal field name and source table grain.,float32,6912,2.9291281700134277,1.059775710105896,0,6912
value_norm,ffn_neurons/block_22.npz,27648,Machine-readable analysis field; definition follows the literal field name and source table grain.,float32,6912,3.1588926315307617,0.38203686475753784,0,6912
down_norm,ffn_neurons/block_22.npz,27648,Machine-readable analysis field; definition follows the literal field name and source table grain.,float32,6912,2.634215831756592,0.37041908502578735,0,6912
gate_value_cosine,ffn_neurons/block_22.npz,27648,Machine-readable analysis field; definition follows the literal field name and source table grain.,float32,6912,0.8386256694793701,-0.8441791534423828,0,6912
gate_down_cosine,ffn_neurons/block_22.npz,27648,Machine-readable analysis field; definition follows the literal field name and source table grain.,float32,6912,0.3989729881286621,-0.384989857673645,0,6912
value_down_cosine,ffn_neurons/block_22.npz,27648,Machine-readable analysis field; definition follows the literal field name and source table grain.,float32,6912,0.4026300311088562,-0.18032905459403992,0,6912
triple_strength,ffn_neurons/block_22.npz,27648,Machine-readable analysis field; definition follows the literal field name and source table grain.,float32,6912,19.26137924194336,0.15795215964317322,0,6912
neuron,ffn_neurons/block_23.npz,27648,Machine-readable analysis field; definition follows the literal field name and source table grain.,int32,6912,6911.0,0.0,0,6912
gate_norm,ffn_neurons/block_23.npz,27648,Machine-readable analysis field; definition follows the literal field name and source table grain.,float32,6912,2.853153944015503,1.0086687803268433,0,6912
value_norm,ffn_neurons/block_23.npz,27648,Machine-readable analysis field; definition follows the literal field name and source table grain.,float32,6912,3.108144521713257,0.36968231201171875,0,6912
down_norm,ffn_neurons/block_23.npz,27648,Machine-readable analysis field; definition follows the literal field name and source table grain.,float32,6912,2.6054298877716064,0.3434065580368042,0,6912
gate_value_cosine,ffn_neurons/block_23.npz,27648,Machine-readable analysis field; definition follows the literal field name and source table grain.,float32,6912,0.8323570489883423,-0.8678597807884216,0,6912
gate_down_cosine,ffn_neurons/block_23.npz,27648,Machine-readable analysis field; definition follows the literal field name and source table grain.,float32,6912,0.439039021730423,-0.34133318066596985,0,6912
value_down_cosine,ffn_neurons/block_23.npz,27648,Machine-readable analysis field; definition follows the literal field name and source table grain.,float32,6912,0.3678410053253174,-0.3047017455101013,0,6912
triple_strength,ffn_neurons/block_23.npz,27648,Machine-readable analysis field; definition follows the literal field name and source table grain.,float32,6912,19.039899826049805,0.13714946806430817,0,6912
neuron,ffn_neurons/block_24.npz,27648,Machine-readable analysis field; definition follows the literal field name and source table grain.,int32,6912,6911.0,0.0,0,6912
gate_norm,ffn_neurons/block_24.npz,27648,Machine-readable analysis field; definition follows the literal field name and source table grain.,float32,6912,2.7946786880493164,1.0379478931427002,0,6912
value_norm,ffn_neurons/block_24.npz,27648,Machine-readable analysis field; definition follows the literal field name and source table grain.,float32,6912,3.490048885345459,0.3689131736755371,0,6912
down_norm,ffn_neurons/block_24.npz,27648,Machine-readable analysis field; definition follows the literal field name and source table grain.,float32,6912,2.7278213500976562,0.3429982364177704,0,6912
gate_value_cosine,ffn_neurons/block_24.npz,27648,Machine-readable analysis field; definition follows the literal field name and source table grain.,float32,6912,0.8235325813293457,-0.8565866351127625,0,6912
gate_down_cosine,ffn_neurons/block_24.npz,27648,Machine-readable analysis field; definition follows the literal field name and source table grain.,float32,6912,0.4258272647857666,-0.4140211343765259,0,6912
value_down_cosine,ffn_neurons/block_24.npz,27648,Machine-readable analysis field; definition follows the literal field name and source table grain.,float32,6912,0.4141789674758911,-0.0776723176240921,0,6912
triple_strength,ffn_neurons/block_24.npz,27648,Machine-readable analysis field; definition follows the literal field name and source table grain.,float32,6912,21.08992576599121,0.13968795537948608,0,6912
neuron,ffn_neurons/block_25.npz,27648,Machine-readable analysis field; definition follows the literal field name and source table grain.,int32,6912,6911.0,0.0,0,6912
gate_norm,ffn_neurons/block_25.npz,27648,Machine-readable analysis field; definition follows the literal field name and source table grain.,float32,6912,3.0445072650909424,1.0256054401397705,0,6912
value_norm,ffn_neurons/block_25.npz,27648,Machine-readable analysis field; definition follows the literal field name and source table grain.,float32,6912,5.0288920402526855,0.3790053725242615,0,6912
down_norm,ffn_neurons/block_25.npz,27648,Machine-readable analysis field; definition follows the literal field name and source table grain.,float32,6912,2.64164137840271,0.35135164856910706,0,6912
gate_value_cosine,ffn_neurons/block_25.npz,27648,Machine-readable analysis field; definition follows the literal field name and source table grain.,float32,6912,0.8331805467605591,-0.8474698066711426,0,6912
gate_down_cosine,ffn_neurons/block_25.npz,27648,Machine-readable analysis field; definition follows the literal field name and source table grain.,float32,6912,0.3948860764503479,-0.3907562494277954,0,6912
value_down_cosine,ffn_neurons/block_25.npz,27648,Machine-readable analysis field; definition follows the literal field name and source table grain.,float32,6912,0.4188804626464844,-0.24196471273899078,0,6912
triple_strength,ffn_neurons/block_25.npz,27648,Machine-readable analysis field; definition follows the literal field name and source table grain.,float32,6912,34.90220260620117,0.14578691124916077,0,6912
neuron,ffn_neurons/block_26.npz,27648,Machine-readable analysis field; definition follows the literal field name and source table grain.,int32,6912,6911.0,0.0,0,6912
gate_norm,ffn_neurons/block_26.npz,27648,Machine-readable analysis field; definition follows the literal field name and source table grain.,float32,6912,2.677480936050415,1.0853413343429565,0,6912
value_norm,ffn_neurons/block_26.npz,27648,Machine-readable analysis field; definition follows the literal field name and source table grain.,float32,6912,2.9397425651550293,0.4207805395126343,0,6912
down_norm,ffn_neurons/block_26.npz,27648,Machine-readable analysis field; definition follows the literal field name and source table grain.,float32,6912,2.659228801727295,0.3783934414386749,0,6912
gate_value_cosine,ffn_neurons/block_26.npz,27648,Machine-readable analysis field; definition follows the literal field name and source table grain.,float32,6912,0.8164569735527039,-0.8099060654640198,0,6912
gate_down_cosine,ffn_neurons/block_26.npz,27648,Machine-readable analysis field; definition follows the literal field name and source table grain.,float32,6912,0.3442826271057129,-0.34886565804481506,0,6912
value_down_cosine,ffn_neurons/block_26.npz,27648,Machine-readable analysis field; definition follows the literal field name and source table grain.,float32,6912,0.3968527317047119,-0.18438568711280823,0,6912
triple_strength,ffn_neurons/block_26.npz,27648,Machine-readable analysis field; definition follows the literal field name and source table grain.,float32,6912,17.083812713623047,0.1786213517189026,0,6912
neuron,ffn_neurons/block_27.npz,27648,Machine-readable analysis field; definition follows the literal field name and source table grain.,int32,6912,6911.0,0.0,0,6912
gate_norm,ffn_neurons/block_27.npz,27648,Machine-readable analysis field; definition follows the literal field name and source table grain.,float32,6912,2.8170652389526367,1.064216136932373,0,6912
value_norm,ffn_neurons/block_27.npz,27648,Machine-readable analysis field; definition follows the literal field name and source table grain.,float32,6912,2.764864683151245,0.4313090145587921,0,6912
down_norm,ffn_neurons/block_27.npz,27648,Machine-readable analysis field; definition follows the literal field name and source table grain.,float32,6912,2.525928497314453,0.3976050019264221,0,6912
gate_value_cosine,ffn_neurons/block_27.npz,27648,Machine-readable analysis field; definition follows the literal field name and source table grain.,float32,6912,0.800480842590332,-0.8122257590293884,0,6912
gate_down_cosine,ffn_neurons/block_27.npz,27648,Machine-readable analysis field; definition follows the literal field name and source table grain.,float32,6912,0.327606201171875,-0.34611937403678894,0,6912
value_down_cosine,ffn_neurons/block_27.npz,27648,Machine-readable analysis field; definition follows the literal field name and source table grain.,float32,6912,0.3747009038925171,-0.4154924154281616,0,6912
triple_strength,ffn_neurons/block_27.npz,27648,Machine-readable analysis field; definition follows the literal field name and source table grain.,float32,6912,15.791147232055664,0.1953912228345871,0,6912
neuron,ffn_neurons/block_28.npz,27648,Machine-readable analysis field; definition follows the literal field name and source table grain.,int32,6912,6911.0,0.0,0,6912
gate_norm,ffn_neurons/block_28.npz,27648,Machine-readable analysis field; definition follows the literal field name and source table grain.,float32,6912,2.6257739067077637,0.928706169128418,0,6912
value_norm,ffn_neurons/block_28.npz,27648,Machine-readable analysis field; definition follows the literal field name and source table grain.,float32,6912,3.2589471340179443,0.37752804160118103,0,6912
down_norm,ffn_neurons/block_28.npz,27648,Machine-readable analysis field; definition follows the literal field name and source table grain.,float32,6912,2.556718349456787,0.30839428305625916,0,6912
gate_value_cosine,ffn_neurons/block_28.npz,27648,Machine-readable analysis field; definition follows the literal field name and source table grain.,float32,6912,0.831579864025116,-0.8458127975463867,0,6912
gate_down_cosine,ffn_neurons/block_28.npz,27648,Machine-readable analysis field; definition follows the literal field name and source table grain.,float32,6912,0.342914342880249,-0.35474950075149536,0,6912
value_down_cosine,ffn_neurons/block_28.npz,27648,Machine-readable analysis field; definition follows the literal field name and source table grain.,float32,6912,0.41735804080963135,-0.09565816819667816,0,6912
triple_strength,ffn_neurons/block_28.npz,27648,Machine-readable analysis field; definition follows the literal field name and source table grain.,float32,6912,18.007545471191406,0.11640340089797974,0,6912
neuron,ffn_neurons/block_29.npz,27648,Machine-readable analysis field; definition follows the literal field name and source table grain.,int32,6912,6911.0,0.0,0,6912
gate_norm,ffn_neurons/block_29.npz,27648,Machine-readable analysis field; definition follows the literal field name and source table grain.,float32,6912,2.6388466358184814,0.9888035655021667,0,6912
value_norm,ffn_neurons/block_29.npz,27648,Machine-readable analysis field; definition follows the literal field name and source table grain.,float32,6912,3.0208687782287598,0.4183618128299713,0,6912
down_norm,ffn_neurons/block_29.npz,27648,Machine-readable analysis field; definition follows the literal field name and source table grain.,float32,6912,2.5271077156066895,0.35165098309516907,0,6912
gate_value_cosine,ffn_neurons/block_29.npz,27648,Machine-readable analysis field; definition follows the literal field name and source table grain.,float32,6912,0.8279482126235962,-0.8269060254096985,0,6912
gate_down_cosine,ffn_neurons/block_29.npz,27648,Machine-readable analysis field; definition follows the literal field name and source table grain.,float32,6912,0.3467196226119995,-0.3577005863189697,0,6912
value_down_cosine,ffn_neurons/block_29.npz,27648,Machine-readable analysis field; definition follows the literal field name and source table grain.,float32,6912,0.3966558873653412,-0.14466270804405212,0,6912
triple_strength,ffn_neurons/block_29.npz,27648,Machine-readable analysis field; definition follows the literal field name and source table grain.,float32,6912,17.545738220214844,0.14864972233772278,0,6912
neuron,ffn_neurons/block_30.npz,27648,Machine-readable analysis field; definition follows the literal field name and source table grain.,int32,6912,6911.0,0.0,0,6912
gate_norm,ffn_neurons/block_30.npz,27648,Machine-readable analysis field; definition follows the literal field name and source table grain.,float32,6912,2.5665552616119385,0.9764811396598816,0,6912
value_norm,ffn_neurons/block_30.npz,27648,Machine-readable analysis field; definition follows the literal field name and source table grain.,float32,6912,3.434968948364258,0.4204697608947754,0,6912
down_norm,ffn_neurons/block_30.npz,27648,Machine-readable analysis field; definition follows the literal field name and source table grain.,float32,6912,2.512964963912964,0.35251322388648987,0,6912
gate_value_cosine,ffn_neurons/block_30.npz,27648,Machine-readable analysis field; definition follows the literal field name and source table grain.,float32,6912,0.8135473728179932,-0.8182559609413147,0,6912
gate_down_cosine,ffn_neurons/block_30.npz,27648,Machine-readable analysis field; definition follows the literal field name and source table grain.,float32,6912,0.3508000671863556,-0.3607604503631592,0,6912
value_down_cosine,ffn_neurons/block_30.npz,27648,Machine-readable analysis field; definition follows the literal field name and source table grain.,float32,6912,0.43472689390182495,-0.11624413728713989,0,6912
triple_strength,ffn_neurons/block_30.npz,27648,Machine-readable analysis field; definition follows the literal field name and source table grain.,float32,6912,20.320438385009766,0.15572534501552582,0,6912
neuron,ffn_neurons/block_31.npz,27648,Machine-readable analysis field; definition follows the literal field name and source table grain.,int32,6912,6911.0,0.0,0,6912
gate_norm,ffn_neurons/block_31.npz,27648,Machine-readable analysis field; definition follows the literal field name and source table grain.,float32,6912,2.537235975265503,0.9694142937660217,0,6912
value_norm,ffn_neurons/block_31.npz,27648,Machine-readable analysis field; definition follows the literal field name and source table grain.,float32,6912,2.9857780933380127,0.41287872195243835,0,6912
down_norm,ffn_neurons/block_31.npz,27648,Machine-readable analysis field; definition follows the literal field name and source table grain.,float32,6912,2.5836539268493652,0.3540967106819153,0,6912
gate_value_cosine,ffn_neurons/block_31.npz,27648,Machine-readable analysis field; definition follows the literal field name and source table grain.,float32,6912,0.8192254304885864,-0.8020139932632446,0,6912
gate_down_cosine,ffn_neurons/block_31.npz,27648,Machine-readable analysis field; definition follows the literal field name and source table grain.,float32,6912,0.37044429779052734,-0.3743051290512085,0,6912
value_down_cosine,ffn_neurons/block_31.npz,27648,Machine-readable analysis field; definition follows the literal field name and source table grain.,float32,6912,0.4122304916381836,-0.11017728596925735,0,6912
triple_strength,ffn_neurons/block_31.npz,27648,Machine-readable analysis field; definition follows the literal field name and source table grain.,float32,6912,15.905284881591797,0.1468810886144638,0,6912
neuron,ffn_neurons/block_32.npz,27648,Machine-readable analysis field; definition follows the literal field name and source table grain.,int32,6912,6911.0,0.0,0,6912
gate_norm,ffn_neurons/block_32.npz,27648,Machine-readable analysis field; definition follows the literal field name and source table grain.,float32,6912,2.5066921710968018,0.9739193916320801,0,6912
value_norm,ffn_neurons/block_32.npz,27648,Machine-readable analysis field; definition follows the literal field name and source table grain.,float32,6912,2.928560256958008,0.4133901298046112,0,6912
down_norm,ffn_neurons/block_32.npz,27648,Machine-readable analysis field; definition follows the literal field name and source table grain.,float32,6912,2.581967830657959,0.37268033623695374,0,6912
gate_value_cosine,ffn_neurons/block_32.npz,27648,Machine-readable analysis field; definition follows the literal field name and source table grain.,float32,6912,0.8534281253814697,-0.7989410758018494,0,6912
gate_down_cosine,ffn_neurons/block_32.npz,27648,Machine-readable analysis field; definition follows the literal field name and source table grain.,float32,6912,0.333879292011261,-0.33225494623184204,0,6912
value_down_cosine,ffn_neurons/block_32.npz,27648,Machine-readable analysis field; definition follows the literal field name and source table grain.,float32,6912,0.3937223553657532,-0.29197606444358826,0,6912
triple_strength,ffn_neurons/block_32.npz,27648,Machine-readable analysis field; definition follows the literal field name and source table grain.,float32,6912,16.180593490600586,0.15398287773132324,0,6912
neuron,ffn_neurons/block_33.npz,27648,Machine-readable analysis field; definition follows the literal field name and source table grain.,int32,6912,6911.0,0.0,0,6912
gate_norm,ffn_neurons/block_33.npz,27648,Machine-readable analysis field; definition follows the literal field name and source table grain.,float32,6912,2.472421884536743,0.9336888194084167,0,6912
value_norm,ffn_neurons/block_33.npz,27648,Machine-readable analysis field; definition follows the literal field name and source table grain.,float32,6912,2.964840888977051,0.4248301088809967,0,6912
down_norm,ffn_neurons/block_33.npz,27648,Machine-readable analysis field; definition follows the literal field name and source table grain.,float32,6912,2.4704980850219727,0.38422420620918274,0,6912
gate_value_cosine,ffn_neurons/block_33.npz,27648,Machine-readable analysis field; definition follows the literal field name and source table grain.,float32,6912,0.8183313012123108,-0.8637540340423584,0,6912
gate_down_cosine,ffn_neurons/block_33.npz,27648,Machine-readable analysis field; definition follows the literal field name and source table grain.,float32,6912,0.32587218284606934,-0.32346370816230774,0,6912
value_down_cosine,ffn_neurons/block_33.npz,27648,Machine-readable analysis field; definition follows the literal field name and source table grain.,float32,6912,0.3867480456829071,-0.2193414866924286,0,6912
triple_strength,ffn_neurons/block_33.npz,27648,Machine-readable analysis field; definition follows the literal field name and source table grain.,float32,6912,14.583873748779297,0.16393311321735382,0,6912
neuron,ffn_neurons/block_34.npz,27648,Machine-readable analysis field; definition follows the literal field name and source table grain.,int32,6912,6911.0,0.0,0,6912
gate_norm,ffn_neurons/block_34.npz,27648,Machine-readable analysis field; definition follows the literal field name and source table grain.,float32,6912,2.474158763885498,0.9315475821495056,0,6912
value_norm,ffn_neurons/block_34.npz,27648,Machine-readable analysis field; definition follows the literal field name and source table grain.,float32,6912,2.809455633163452,0.44989144802093506,0,6912
down_norm,ffn_neurons/block_34.npz,27648,Machine-readable analysis field; definition follows the literal field name and source table grain.,float32,6912,2.5937814712524414,0.42451566457748413,0,6912
gate_value_cosine,ffn_neurons/block_34.npz,27648,Machine-readable analysis field; definition follows the literal field name and source table grain.,float32,6912,0.8170846700668335,-0.856594443321228,0,6912
gate_down_cosine,ffn_neurons/block_34.npz,27648,Machine-readable analysis field; definition follows the literal field name and source table grain.,float32,6912,0.31964606046676636,-0.3261232078075409,0,6912
value_down_cosine,ffn_neurons/block_34.npz,27648,Machine-readable analysis field; definition follows the literal field name and source table grain.,float32,6912,0.42440932989120483,-0.20642215013504028,0,6912
triple_strength,ffn_neurons/block_34.npz,27648,Machine-readable analysis field; definition follows the literal field name and source table grain.,float32,6912,14.363513946533203,0.18175716698169708,0,6912
neuron,ffn_neurons/block_35.npz,27648,Machine-readable analysis field; definition follows the literal field name and source table grain.,int32,6912,6911.0,0.0,0,6912
gate_norm,ffn_neurons/block_35.npz,27648,Machine-readable analysis field; definition follows the literal field name and source table grain.,float32,6912,2.502105474472046,0.8780122995376587,0,6912
value_norm,ffn_neurons/block_35.npz,27648,Machine-readable analysis field; definition follows the literal field name and source table grain.,float32,6912,2.9066362380981445,0.4321487247943878,0,6912
down_norm,ffn_neurons/block_35.npz,27648,Machine-readable analysis field; definition follows the literal field name and source table grain.,float32,6912,2.492563247680664,0.373313844203949,0,6912
gate_value_cosine,ffn_neurons/block_35.npz,27648,Machine-readable analysis field; definition follows the literal field name and source table grain.,float32,6912,0.8636180758476257,-0.8547486066818237,0,6912
gate_down_cosine,ffn_neurons/block_35.npz,27648,Machine-readable analysis field; definition follows the literal field name and source table grain.,float32,6912,0.34255683422088623,-0.36657199263572693,0,6912
value_down_cosine,ffn_neurons/block_35.npz,27648,Machine-readable analysis field; definition follows the literal field name and source table grain.,float32,6912,0.3675971031188965,-0.1994420439004898,0,6912
triple_strength,ffn_neurons/block_35.npz,27648,Machine-readable analysis field; definition follows the literal field name and source table grain.,float32,6912,15.942480087280273,0.1539686769247055,0,6912
neuron,ffn_neurons/block_36.npz,27648,Machine-readable analysis field; definition follows the literal field name and source table grain.,int32,6912,6911.0,0.0,0,6912
gate_norm,ffn_neurons/block_36.npz,27648,Machine-readable analysis field; definition follows the literal field name and source table grain.,float32,6912,2.398916721343994,0.9148582816123962,0,6912
value_norm,ffn_neurons/block_36.npz,27648,Machine-readable analysis field; definition follows the literal field name and source table grain.,float32,6912,2.8354811668395996,0.4894464612007141,0,6912
down_norm,ffn_neurons/block_36.npz,27648,Machine-readable analysis field; definition follows the literal field name and source table grain.,float32,6912,2.6867074966430664,0.4799611270427704,0,6912
gate_value_cosine,ffn_neurons/block_36.npz,27648,Machine-readable analysis field; definition follows the literal field name and source table grain.,float32,6912,0.881934404373169,-0.8373374938964844,0,6912
gate_down_cosine,ffn_neurons/block_36.npz,27648,Machine-readable analysis field; definition follows the literal field name and source table grain.,float32,6912,0.32614412903785706,-0.2977163791656494,0,6912
value_down_cosine,ffn_neurons/block_36.npz,27648,Machine-readable analysis field; definition follows the literal field name and source table grain.,float32,6912,0.33909091353416443,-0.3567165732383728,0,6912
triple_strength,ffn_neurons/block_36.npz,27648,Machine-readable analysis field; definition follows the literal field name and source table grain.,float32,6912,14.603414535522461,0.22031067311763763,0,6912
neuron,ffn_neurons/block_37.npz,27648,Machine-readable analysis field; definition follows the literal field name and source table grain.,int32,6912,6911.0,0.0,0,6912
gate_norm,ffn_neurons/block_37.npz,27648,Machine-readable analysis field; definition follows the literal field name and source table grain.,float32,6912,2.4995410442352295,0.8438855409622192,0,6912
value_norm,ffn_neurons/block_37.npz,27648,Machine-readable analysis field; definition follows the literal field name and source table grain.,float32,6912,2.9450016021728516,0.450839638710022,0,6912
down_norm,ffn_neurons/block_37.npz,27648,Machine-readable analysis field; definition follows the literal field name and source table grain.,float32,6912,2.7688114643096924,0.38965919613838196,0,6912
gate_value_cosine,ffn_neurons/block_37.npz,27648,Machine-readable analysis field; definition follows the literal field name and source table grain.,float32,6912,0.8539373874664307,-0.8814110159873962,0,6912
gate_down_cosine,ffn_neurons/block_37.npz,27648,Machine-readable analysis field; definition follows the literal field name and source table grain.,float32,6912,0.27537137269973755,-0.300293892621994,0,6912
value_down_cosine,ffn_neurons/block_37.npz,27648,Machine-readable analysis field; definition follows the literal field name and source table grain.,float32,6912,0.36987391114234924,-0.14761653542518616,0,6912
triple_strength,ffn_neurons/block_37.npz,27648,Machine-readable analysis field; definition follows the literal field name and source table grain.,float32,6912,14.414703369140625,0.154266357421875,0,6912
neuron,ffn_neurons/block_38.npz,27648,Machine-readable analysis field; definition follows the literal field name and source table grain.,int32,6912,6911.0,0.0,0,6912
gate_norm,ffn_neurons/block_38.npz,27648,Machine-readable analysis field; definition follows the literal field name and source table grain.,float32,6912,2.2980291843414307,0.9285619258880615,0,6912
value_norm,ffn_neurons/block_38.npz,27648,Machine-readable analysis field; definition follows the literal field name and source table grain.,float32,6912,3.050792694091797,0.5997422933578491,0,6912
down_norm,ffn_neurons/block_38.npz,27648,Machine-readable analysis field; definition follows the literal field name and source table grain.,float32,6912,2.4494643211364746,0.6662064790725708,0,6912
gate_value_cosine,ffn_neurons/block_38.npz,27648,Machine-readable analysis field; definition follows the literal field name and source table grain.,float32,6912,0.8724019527435303,-0.9064635634422302,0,6912
gate_down_cosine,ffn_neurons/block_38.npz,27648,Machine-readable analysis field; definition follows the literal field name and source table grain.,float32,6912,0.26719218492507935,-0.2601346969604492,0,6912
value_down_cosine,ffn_neurons/block_38.npz,27648,Machine-readable analysis field; definition follows the literal field name and source table grain.,float32,6912,0.3335126042366028,-0.1438969075679779,0,6912
triple_strength,ffn_neurons/block_38.npz,27648,Machine-readable analysis field; definition follows the literal field name and source table grain.,float32,6912,14.823040962219238,0.371008962392807,0,6912
neuron,ffn_neurons/block_39.npz,27648,Machine-readable analysis field; definition follows the literal field name and source table grain.,int32,6912,6911.0,0.0,0,6912
gate_norm,ffn_neurons/block_39.npz,27648,Machine-readable analysis field; definition follows the literal field name and source table grain.,float32,6912,2.3000216484069824,0.9161980152130127,0,6912
value_norm,ffn_neurons/block_39.npz,27648,Machine-readable analysis field; definition follows the literal field name and source table grain.,float32,6912,2.956563949584961,0.6035831570625305,0,6912
down_norm,ffn_neurons/block_39.npz,27648,Machine-readable analysis field; definition follows the literal field name and source table grain.,float32,6912,2.502878427505493,0.6052329540252686,0,6912
gate_value_cosine,ffn_neurons/block_39.npz,27648,Machine-readable analysis field; definition follows the literal field name and source table grain.,float32,6912,0.8646261096000671,-0.8826221227645874,0,6912
gate_down_cosine,ffn_neurons/block_39.npz,27648,Machine-readable analysis field; definition follows the literal field name and source table grain.,float32,6912,0.26139992475509644,-0.2920910716056824,0,6912
value_down_cosine,ffn_neurons/block_39.npz,27648,Machine-readable analysis field; definition follows the literal field name and source table grain.,float32,6912,0.338507741689682,-0.1815786063671112,0,6912
triple_strength,ffn_neurons/block_39.npz,27648,Machine-readable analysis field; definition follows the literal field name and source table grain.,float32,6912,13.564766883850098,0.33469486236572266,0,6912
neuron,ffn_neurons/block_40.npz,27648,Machine-readable analysis field; definition follows the literal field name and source table grain.,int32,6912,6911.0,0.0,0,6912
gate_norm,ffn_neurons/block_40.npz,27648,Machine-readable analysis field; definition follows the literal field name and source table grain.,float32,6912,2.363006114959717,1.3584702014923096,0,6912
value_norm,ffn_neurons/block_40.npz,27648,Machine-readable analysis field; definition follows the literal field name and source table grain.,float32,6912,2.6535966396331787,0.9642406702041626,0,6912
down_norm,ffn_neurons/block_40.npz,27648,Machine-readable analysis field; definition follows the literal field name and source table grain.,float32,6912,2.4241387844085693,1.0749478340148926,0,6912
gate_value_cosine,ffn_neurons/block_40.npz,27648,Machine-readable analysis field; definition follows the literal field name and source table grain.,float32,6912,0.8820608854293823,-0.9069753885269165,0,6912
gate_down_cosine,ffn_neurons/block_40.npz,27648,Machine-readable analysis field; definition follows the literal field name and source table grain.,float32,6912,0.2556644678115845,-0.250518798828125,0,6912
value_down_cosine,ffn_neurons/block_40.npz,27648,Machine-readable analysis field; definition follows the literal field name and source table grain.,float32,6912,0.3622046709060669,-0.23189863562583923,0,6912
triple_strength,ffn_neurons/block_40.npz,27648,Machine-readable analysis field; definition follows the literal field name and source table grain.,float32,6912,14.168853759765625,1.4080657958984375,0,6912
neuron,ffn_neurons/block_41.npz,27648,Machine-readable analysis field; definition follows the literal field name and source table grain.,int32,6912,6911.0,0.0,0,6912
gate_norm,ffn_neurons/block_41.npz,27648,Machine-readable analysis field; definition follows the literal field name and source table grain.,float32,6912,2.241225481033325,1.1331818103790283,0,6912
value_norm,ffn_neurons/block_41.npz,27648,Machine-readable analysis field; definition follows the literal field name and source table grain.,float32,6912,2.588510751724243,0.9153800010681152,0,6912
down_norm,ffn_neurons/block_41.npz,27648,Machine-readable analysis field; definition follows the literal field name and source table grain.,float32,6912,2.382423162460327,0.9653060436248779,0,6912
gate_value_cosine,ffn_neurons/block_41.npz,27648,Machine-readable analysis field; definition follows the literal field name and source table grain.,float32,6912,0.8919095396995544,-0.8846207857131958,0,6912
gate_down_cosine,ffn_neurons/block_41.npz,27648,Machine-readable analysis field; definition follows the literal field name and source table grain.,float32,6912,0.3014446198940277,-0.23049184679985046,0,6912
value_down_cosine,ffn_neurons/block_41.npz,27648,Machine-readable analysis field; definition follows the literal field name and source table grain.,float32,6912,0.31260743737220764,-0.16251584887504578,0,6912
triple_strength,ffn_neurons/block_41.npz,27648,Machine-readable analysis field; definition follows the literal field name and source table grain.,float32,6912,12.413864135742188,1.001304268836975,0,6912
neuron,ffn_neurons/block_42.npz,27648,Machine-readable analysis field; definition follows the literal field name and source table grain.,int32,6912,6911.0,0.0,0,6912
gate_norm,ffn_neurons/block_42.npz,27648,Machine-readable analysis field; definition follows the literal field name and source table grain.,float32,6912,2.2340829372406006,1.0908234119415283,0,6912
value_norm,ffn_neurons/block_42.npz,27648,Machine-readable analysis field; definition follows the literal field name and source table grain.,float32,6912,2.792490243911743,0.8832451105117798,0,6912
down_norm,ffn_neurons/block_42.npz,27648,Machine-readable analysis field; definition follows the literal field name and source table grain.,float32,6912,2.4211690425872803,0.9228792786598206,0,6912
gate_value_cosine,ffn_neurons/block_42.npz,27648,Machine-readable analysis field; definition follows the literal field name and source table grain.,float32,6912,0.8567317724227905,-0.865140438079834,0,6912
gate_down_cosine,ffn_neurons/block_42.npz,27648,Machine-readable analysis field; definition follows the literal field name and source table grain.,float32,6912,0.2545199692249298,-0.23719365894794464,0,6912
value_down_cosine,ffn_neurons/block_42.npz,27648,Machine-readable analysis field; definition follows the literal field name and source table grain.,float32,6912,0.33147308230400085,-0.3503947854042053,0,6912
triple_strength,ffn_neurons/block_42.npz,27648,Machine-readable analysis field; definition follows the literal field name and source table grain.,float32,6912,12.411419868469238,0.8891613483428955,0,6912
neuron,ffn_neurons/block_43.npz,27648,Machine-readable analysis field; definition follows the literal field name and source table grain.,int32,6912,6911.0,0.0,0,6912
gate_norm,ffn_neurons/block_43.npz,27648,Machine-readable analysis field; definition follows the literal field name and source table grain.,float32,6912,2.264392375946045,1.4335073232650757,0,6912
value_norm,ffn_neurons/block_43.npz,27648,Machine-readable analysis field; definition follows the literal field name and source table grain.,float32,6912,2.607692241668701,1.1998554468154907,0,6912
down_norm,ffn_neurons/block_43.npz,27648,Machine-readable analysis field; definition follows the literal field name and source table grain.,float32,6912,2.4060847759246826,1.2709343433380127,0,6912
gate_value_cosine,ffn_neurons/block_43.npz,27648,Machine-readable analysis field; definition follows the literal field name and source table grain.,float32,6912,0.8562357425689697,-0.9270303249359131,0,6912
gate_down_cosine,ffn_neurons/block_43.npz,27648,Machine-readable analysis field; definition follows the literal field name and source table grain.,float32,6912,0.2190881073474884,-0.19950243830680847,0,6912
value_down_cosine,ffn_neurons/block_43.npz,27648,Machine-readable analysis field; definition follows the literal field name and source table grain.,float32,6912,0.3374696969985962,-0.36787277460098267,0,6912
triple_strength,ffn_neurons/block_43.npz,27648,Machine-readable analysis field; definition follows the literal field name and source table grain.,float32,6912,11.657026290893555,2.186009168624878,0,6912
neuron,ffn_neurons/block_44.npz,27648,Machine-readable analysis field; definition follows the literal field name and source table grain.,int32,6912,6911.0,0.0,0,6912
gate_norm,ffn_neurons/block_44.npz,27648,Machine-readable analysis field; definition follows the literal field name and source table grain.,float32,6912,2.311505079269409,1.3723090887069702,0,6912
value_norm,ffn_neurons/block_44.npz,27648,Machine-readable analysis field; definition follows the literal field name and source table grain.,float32,6912,2.940541982650757,0.9609363079071045,0,6912
down_norm,ffn_neurons/block_44.npz,27648,Machine-readable analysis field; definition follows the literal field name and source table grain.,float32,6912,2.5765810012817383,1.2076454162597656,0,6912
gate_value_cosine,ffn_neurons/block_44.npz,27648,Machine-readable analysis field; definition follows the literal field name and source table grain.,float32,6912,0.8679163455963135,-0.8814404606819153,0,6912
gate_down_cosine,ffn_neurons/block_44.npz,27648,Machine-readable analysis field; definition follows the literal field name and source table grain.,float32,6912,0.3062654137611389,-0.23476052284240723,0,6912
value_down_cosine,ffn_neurons/block_44.npz,27648,Machine-readable analysis field; definition follows the literal field name and source table grain.,float32,6912,0.3045482039451599,-0.3436921238899231,0,6912
triple_strength,ffn_neurons/block_44.npz,27648,Machine-readable analysis field; definition follows the literal field name and source table grain.,float32,6912,13.960188865661621,1.8755695819854736,0,6912
neuron,ffn_neurons/block_45.npz,27648,Machine-readable analysis field; definition follows the literal field name and source table grain.,int32,6912,6911.0,0.0,0,6912
gate_norm,ffn_neurons/block_45.npz,27648,Machine-readable analysis field; definition follows the literal field name and source table grain.,float32,6912,2.2590532302856445,1.1270273923873901,0,6912
value_norm,ffn_neurons/block_45.npz,27648,Machine-readable analysis field; definition follows the literal field name and source table grain.,float32,6912,3.0241470336914062,0.8007912039756775,0,6912
down_norm,ffn_neurons/block_45.npz,27648,Machine-readable analysis field; definition follows the literal field name and source table grain.,float32,6912,2.5972402095794678,0.9075667858123779,0,6912
gate_value_cosine,ffn_neurons/block_45.npz,27648,Machine-readable analysis field; definition follows the literal field name and source table grain.,float32,6912,0.8975703716278076,-0.8666453957557678,0,6912
gate_down_cosine,ffn_neurons/block_45.npz,27648,Machine-readable analysis field; definition follows the literal field name and source table grain.,float32,6912,0.2616085112094879,-0.3271940350532532,0,6912
value_down_cosine,ffn_neurons/block_45.npz,27648,Machine-readable analysis field; definition follows the literal field name and source table grain.,float32,6912,0.33781424164772034,-0.37767094373703003,0,6912
triple_strength,ffn_neurons/block_45.npz,27648,Machine-readable analysis field; definition follows the literal field name and source table grain.,float32,6912,13.733261108398438,0.8190913796424866,0,6912
neuron,ffn_neurons/block_46.npz,27648,Machine-readable analysis field; definition follows the literal field name and source table grain.,int32,6912,6911.0,0.0,0,6912
gate_norm,ffn_neurons/block_46.npz,27648,Machine-readable analysis field; definition follows the literal field name and source table grain.,float32,6912,2.440890312194824,0.5027233958244324,0,6912
value_norm,ffn_neurons/block_46.npz,27648,Machine-readable analysis field; definition follows the literal field name and source table grain.,float32,6912,3.1925477981567383,0.3204883933067322,0,6912
down_norm,ffn_neurons/block_46.npz,27648,Machine-readable analysis field; definition follows the literal field name and source table grain.,float32,6912,2.8059635162353516,0.3655858039855957,0,6912
gate_value_cosine,ffn_neurons/block_46.npz,27648,Machine-readable analysis field; definition follows the literal field name and source table grain.,float32,6912,0.849051833152771,-0.8368123173713684,0,6912
gate_down_cosine,ffn_neurons/block_46.npz,27648,Machine-readable analysis field; definition follows the literal field name and source table grain.,float32,6912,0.48695433139801025,-0.47105300426483154,0,6912
value_down_cosine,ffn_neurons/block_46.npz,27648,Machine-readable analysis field; definition follows the literal field name and source table grain.,float32,6912,0.6092022657394409,-0.7319926023483276,0,6912
triple_strength,ffn_neurons/block_46.npz,27648,Machine-readable analysis field; definition follows the literal field name and source table grain.,float32,6912,16.546289443969727,0.07070454955101013,0,6912
neuron,ffn_neurons/block_47.npz,27648,Machine-readable analysis field; definition follows the literal field name and source table grain.,int32,6912,6911.0,0.0,0,6912
gate_norm,ffn_neurons/block_47.npz,27648,Machine-readable analysis field; definition follows the literal field name and source table grain.,float32,6912,3.1229705810546875,0.5576837658882141,0,6912
value_norm,ffn_neurons/block_47.npz,27648,Machine-readable analysis field; definition follows the literal field name and source table grain.,float32,6912,3.6521964073181152,0.46677178144454956,0,6912
down_norm,ffn_neurons/block_47.npz,27648,Machine-readable analysis field; definition follows the literal field name and source table grain.,float32,6912,3.1413187980651855,0.5679792761802673,0,6912
gate_value_cosine,ffn_neurons/block_47.npz,27648,Machine-readable analysis field; definition follows the literal field name and source table grain.,float32,6912,0.8169704079627991,-0.7828468084335327,0,6912
gate_down_cosine,ffn_neurons/block_47.npz,27648,Machine-readable analysis field; definition follows the literal field name and source table grain.,float32,6912,0.818731427192688,-0.8226088285446167,0,6912
value_down_cosine,ffn_neurons/block_47.npz,27648,Machine-readable analysis field; definition follows the literal field name and source table grain.,float32,6912,0.8204368948936462,-0.8747971057891846,0,6912
triple_strength,ffn_neurons/block_47.npz,27648,Machine-readable analysis field; definition follows the literal field name and source table grain.,float32,6912,26.143230438232422,0.1631995588541031,0,6912
neuron,ffn_neurons/block_48.npz,27648,Machine-readable analysis field; definition follows the literal field name and source table grain.,int32,6912,6911.0,0.0,0,6912
gate_norm,ffn_neurons/block_48.npz,27648,Machine-readable analysis field; definition follows the literal field name and source table grain.,float32,6912,3.1824448108673096,0.49006110429763794,0,6912
value_norm,ffn_neurons/block_48.npz,27648,Machine-readable analysis field; definition follows the literal field name and source table grain.,float32,6912,4.288107872009277,0.47698962688446045,0,6912
down_norm,ffn_neurons/block_48.npz,27648,Machine-readable analysis field; definition follows the literal field name and source table grain.,float32,6912,3.8362693786621094,0.5241218209266663,0,6912
gate_value_cosine,ffn_neurons/block_48.npz,27648,Machine-readable analysis field; definition follows the literal field name and source table grain.,float32,6912,0.923133909702301,-0.8727223873138428,0,6912
gate_down_cosine,ffn_neurons/block_48.npz,27648,Machine-readable analysis field; definition follows the literal field name and source table grain.,float32,6912,0.8478723764419556,-0.8578230142593384,0,6912
value_down_cosine,ffn_neurons/block_48.npz,27648,Machine-readable analysis field; definition follows the literal field name and source table grain.,float32,6912,0.8425617218017578,-0.9043871760368347,0,6912
triple_strength,ffn_neurons/block_48.npz,27648,Machine-readable analysis field; definition follows the literal field name and source table grain.,float32,6912,29.592533111572266,0.14341463148593903,0,6912
neuron,ffn_neurons/block_49.npz,27648,Machine-readable analysis field; definition follows the literal field name and source table grain.,int32,6912,6911.0,0.0,0,6912
gate_norm,ffn_neurons/block_49.npz,27648,Machine-readable analysis field; definition follows the literal field name and source table grain.,float32,6912,3.40867280960083,0.9090527296066284,0,6912
value_norm,ffn_neurons/block_49.npz,27648,Machine-readable analysis field; definition follows the literal field name and source table grain.,float32,6912,4.233734130859375,0.8343781232833862,0,6912
down_norm,ffn_neurons/block_49.npz,27648,Machine-readable analysis field; definition follows the literal field name and source table grain.,float32,6912,3.500342607498169,0.8778258562088013,0,6912
gate_value_cosine,ffn_neurons/block_49.npz,27648,Machine-readable analysis field; definition follows the literal field name and source table grain.,float32,6912,0.8031283617019653,-0.7494562268257141,0,6912
gate_down_cosine,ffn_neurons/block_49.npz,27648,Machine-readable analysis field; definition follows the literal field name and source table grain.,float32,6912,0.8851828575134277,-0.8759863376617432,0,6912
value_down_cosine,ffn_neurons/block_49.npz,27648,Machine-readable analysis field; definition follows the literal field name and source table grain.,float32,6912,0.8282070159912109,-0.9180504083633423,0,6912
triple_strength,ffn_neurons/block_49.npz,27648,Machine-readable analysis field; definition follows the literal field name and source table grain.,float32,6912,33.84657287597656,0.7265415787696838,0,6912
neuron,ffn_neurons/block_50.npz,27648,Machine-readable analysis field; definition follows the literal field name and source table grain.,int32,6912,6911.0,0.0,0,6912
gate_norm,ffn_neurons/block_50.npz,27648,Machine-readable analysis field; definition follows the literal field name and source table grain.,float32,6912,3.232483148574829,1.5587822198867798,0,6912
value_norm,ffn_neurons/block_50.npz,27648,Machine-readable analysis field; definition follows the literal field name and source table grain.,float32,6912,4.087650299072266,1.5203462839126587,0,6912
down_norm,ffn_neurons/block_50.npz,27648,Machine-readable analysis field; definition follows the literal field name and source table grain.,float32,6912,3.218733072280884,1.7563483715057373,0,6912
gate_value_cosine,ffn_neurons/block_50.npz,27648,Machine-readable analysis field; definition follows the literal field name and source table grain.,float32,6912,0.7666053175926208,-0.7618466019630432,0,6912
gate_down_cosine,ffn_neurons/block_50.npz,27648,Machine-readable analysis field; definition follows the literal field name and source table grain.,float32,6912,0.8683760166168213,-0.865807831287384,0,6912
value_down_cosine,ffn_neurons/block_50.npz,27648,Machine-readable analysis field; definition follows the literal field name and source table grain.,float32,6912,0.7583075761795044,-0.9008866548538208,0,6912
triple_strength,ffn_neurons/block_50.npz,27648,Machine-readable analysis field; definition follows the literal field name and source table grain.,float32,6912,35.44059753417969,5.633251190185547,0,6912
neuron,ffn_neurons/block_51.npz,27648,Machine-readable analysis field; definition follows the literal field name and source table grain.,int32,6912,6911.0,0.0,0,6912
gate_norm,ffn_neurons/block_51.npz,27648,Machine-readable analysis field; definition follows the literal field name and source table grain.,float32,6912,4.253585338592529,1.647632360458374,0,6912
value_norm,ffn_neurons/block_51.npz,27648,Machine-readable analysis field; definition follows the literal field name and source table grain.,float32,6912,5.372755527496338,1.7358022928237915,0,6912
down_norm,ffn_neurons/block_51.npz,27648,Machine-readable analysis field; definition follows the literal field name and source table grain.,float32,6912,3.0852036476135254,1.8220655918121338,0,6912
gate_value_cosine,ffn_neurons/block_51.npz,27648,Machine-readable analysis field; definition follows the literal field name and source table grain.,float32,6912,0.7042314410209656,-0.6565353274345398,0,6912
gate_down_cosine,ffn_neurons/block_51.npz,27648,Machine-readable analysis field; definition follows the literal field name and source table grain.,float32,6912,0.8482298851013184,-0.8282422423362732,0,6912
value_down_cosine,ffn_neurons/block_51.npz,27648,Machine-readable analysis field; definition follows the literal field name and source table grain.,float32,6912,0.5734044909477234,-0.8747449517250061,0,6912
triple_strength,ffn_neurons/block_51.npz,27648,Machine-readable analysis field; definition follows the literal field name and source table grain.,float32,6912,58.03692626953125,5.989995956420898,0,6912
neuron,ffn_neurons/block_52.npz,27648,Machine-readable analysis field; definition follows the literal field name and source table grain.,int32,6912,6911.0,0.0,0,6912
gate_norm,ffn_neurons/block_52.npz,27648,Machine-readable analysis field; definition follows the literal field name and source table grain.,float32,6912,3.42417049407959,1.7576667070388794,0,6912
value_norm,ffn_neurons/block_52.npz,27648,Machine-readable analysis field; definition follows the literal field name and source table grain.,float32,6912,5.976977825164795,1.7891740798950195,0,6912
down_norm,ffn_neurons/block_52.npz,27648,Machine-readable analysis field; definition follows the literal field name and source table grain.,float32,6912,3.1100497245788574,1.7963933944702148,0,6912
gate_value_cosine,ffn_neurons/block_52.npz,27648,Machine-readable analysis field; definition follows the literal field name and source table grain.,float32,6912,0.7779518961906433,-0.6585046648979187,0,6912
gate_down_cosine,ffn_neurons/block_52.npz,27648,Machine-readable analysis field; definition follows the literal field name and source table grain.,float32,6912,0.7978663444519043,-0.7755781412124634,0,6912
value_down_cosine,ffn_neurons/block_52.npz,27648,Machine-readable analysis field; definition follows the literal field name and source table grain.,float32,6912,0.481921911239624,-0.8911112546920776,0,6912
triple_strength,ffn_neurons/block_52.npz,27648,Machine-readable analysis field; definition follows the literal field name and source table grain.,float32,6912,50.616172790527344,5.856680393218994,0,6912
neuron,ffn_neurons/block_53.npz,27648,Machine-readable analysis field; definition follows the literal field name and source table grain.,int32,6912,6911.0,0.0,0,6912
gate_norm,ffn_neurons/block_53.npz,27648,Machine-readable analysis field; definition follows the literal field name and source table grain.,float32,6912,3.2714948654174805,1.7589181661605835,0,6912
value_norm,ffn_neurons/block_53.npz,27648,Machine-readable analysis field; definition follows the literal field name and source table grain.,float32,6912,3.403909921646118,1.9052674770355225,0,6912
down_norm,ffn_neurons/block_53.npz,27648,Machine-readable analysis field; definition follows the literal field name and source table grain.,float32,6912,3.0719869136810303,1.9160099029541016,0,6912
gate_value_cosine,ffn_neurons/block_53.npz,27648,Machine-readable analysis field; definition follows the literal field name and source table grain.,float32,6912,0.7322379350662231,-0.6477417349815369,0,6912
gate_down_cosine,ffn_neurons/block_53.npz,27648,Machine-readable analysis field; definition follows the literal field name and source table grain.,float32,6912,0.725128710269928,-0.7582184076309204,0,6912
value_down_cosine,ffn_neurons/block_53.npz,27648,Machine-readable analysis field; definition follows the literal field name and source table grain.,float32,6912,0.3453129529953003,-0.8714258074760437,0,6912
triple_strength,ffn_neurons/block_53.npz,27648,Machine-readable analysis field; definition follows the literal field name and source table grain.,float32,6912,21.883623123168945,6.787450313568115,0,6912
neuron,ffn_neurons/block_54.npz,27648,Machine-readable analysis field; definition follows the literal field name and source table grain.,int32,6912,6911.0,0.0,0,6912
gate_norm,ffn_neurons/block_54.npz,27648,Machine-readable analysis field; definition follows the literal field name and source table grain.,float32,6912,3.379956007003784,1.79436194896698,0,6912
value_norm,ffn_neurons/block_54.npz,27648,Machine-readable analysis field; definition follows the literal field name and source table grain.,float32,6912,4.546777248382568,1.898112416267395,0,6912
down_norm,ffn_neurons/block_54.npz,27648,Machine-readable analysis field; definition follows the literal field name and source table grain.,float32,6912,3.1619646549224854,1.8953239917755127,0,6912
gate_value_cosine,ffn_neurons/block_54.npz,27648,Machine-readable analysis field; definition follows the literal field name and source table grain.,float32,6912,0.7251730561256409,-0.6205270290374756,0,6912
gate_down_cosine,ffn_neurons/block_54.npz,27648,Machine-readable analysis field; definition follows the literal field name and source table grain.,float32,6912,0.6650313138961792,-0.7198525667190552,0,6912
value_down_cosine,ffn_neurons/block_54.npz,27648,Machine-readable analysis field; definition follows the literal field name and source table grain.,float32,6912,0.3106154501438141,-0.878732442855835,0,6912
triple_strength,ffn_neurons/block_54.npz,27648,Machine-readable analysis field; definition follows the literal field name and source table grain.,float32,6912,38.57792282104492,6.583992004394531,0,6912
neuron,ffn_neurons/block_55.npz,27648,Machine-readable analysis field; definition follows the literal field name and source table grain.,int32,6912,6911.0,0.0,0,6912
gate_norm,ffn_neurons/block_55.npz,27648,Machine-readable analysis field; definition follows the literal field name and source table grain.,float32,6912,2.7076005935668945,1.6182194948196411,0,6912
value_norm,ffn_neurons/block_55.npz,27648,Machine-readable analysis field; definition follows the literal field name and source table grain.,float32,6912,3.0632386207580566,1.689888596534729,0,6912
down_norm,ffn_neurons/block_55.npz,27648,Machine-readable analysis field; definition follows the literal field name and source table grain.,float32,6912,2.9999258518218994,1.7650394439697266,0,6912
gate_value_cosine,ffn_neurons/block_55.npz,27648,Machine-readable analysis field; definition follows the literal field name and source table grain.,float32,6912,0.6225941777229309,-0.6977846622467041,0,6912
gate_down_cosine,ffn_neurons/block_55.npz,27648,Machine-readable analysis field; definition follows the literal field name and source table grain.,float32,6912,0.6808892488479614,-0.6863805055618286,0,6912
value_down_cosine,ffn_neurons/block_55.npz,27648,Machine-readable analysis field; definition follows the literal field name and source table grain.,float32,6912,0.37800490856170654,-0.8586645722389221,0,6912
triple_strength,ffn_neurons/block_55.npz,27648,Machine-readable analysis field; definition follows the literal field name and source table grain.,float32,6912,21.51030731201172,5.685484886169434,0,6912
neuron,ffn_neurons/block_56.npz,27648,Machine-readable analysis field; definition follows the literal field name and source table grain.,int32,6912,6911.0,0.0,0,6912
gate_norm,ffn_neurons/block_56.npz,27648,Machine-readable analysis field; definition follows the literal field name and source table grain.,float32,6912,2.6686692237854004,1.735288381576538,0,6912
value_norm,ffn_neurons/block_56.npz,27648,Machine-readable analysis field; definition follows the literal field name and source table grain.,float32,6912,4.471994400024414,1.791368842124939,0,6912
down_norm,ffn_neurons/block_56.npz,27648,Machine-readable analysis field; definition follows the literal field name and source table grain.,float32,6912,3.506575584411621,1.2063592672348022,0,6912
gate_value_cosine,ffn_neurons/block_56.npz,27648,Machine-readable analysis field; definition follows the literal field name and source table grain.,float32,6912,0.6488388776779175,-0.7415924072265625,0,6912
gate_down_cosine,ffn_neurons/block_56.npz,27648,Machine-readable analysis field; definition follows the literal field name and source table grain.,float32,6912,0.6894335746765137,-0.6789208650588989,0,6912
value_down_cosine,ffn_neurons/block_56.npz,27648,Machine-readable analysis field; definition follows the literal field name and source table grain.,float32,6912,0.3578075170516968,-0.8062570691108704,0,6912
triple_strength,ffn_neurons/block_56.npz,27648,Machine-readable analysis field; definition follows the literal field name and source table grain.,float32,6912,36.86876678466797,5.9761576652526855,0,6912
neuron,ffn_neurons/block_57.npz,27648,Machine-readable analysis field; definition follows the literal field name and source table grain.,int32,6912,6911.0,0.0,0,6912
gate_norm,ffn_neurons/block_57.npz,27648,Machine-readable analysis field; definition follows the literal field name and source table grain.,float32,6912,2.83709979057312,1.661511778831482,0,6912
value_norm,ffn_neurons/block_57.npz,27648,Machine-readable analysis field; definition follows the literal field name and source table grain.,float32,6912,3.4567699432373047,1.850053310394287,0,6912
down_norm,ffn_neurons/block_57.npz,27648,Machine-readable analysis field; definition follows the literal field name and source table grain.,float32,6912,3.2705087661743164,1.7655229568481445,0,6912
gate_value_cosine,ffn_neurons/block_57.npz,27648,Machine-readable analysis field; definition follows the literal field name and source table grain.,float32,6912,0.8396715521812439,-0.7862036228179932,0,6912
gate_down_cosine,ffn_neurons/block_57.npz,27648,Machine-readable analysis field; definition follows the literal field name and source table grain.,float32,6912,0.769294023513794,-0.6073951721191406,0,6912
value_down_cosine,ffn_neurons/block_57.npz,27648,Machine-readable analysis field; definition follows the literal field name and source table grain.,float32,6912,0.2731277346611023,-0.8483384847640991,0,6912
triple_strength,ffn_neurons/block_57.npz,27648,Machine-readable analysis field; definition follows the literal field name and source table grain.,float32,6912,22.92220115661621,6.089013576507568,0,6912
neuron,ffn_neurons/block_58.npz,27648,Machine-readable analysis field; definition follows the literal field name and source table grain.,int32,6912,6911.0,0.0,0,6912
gate_norm,ffn_neurons/block_58.npz,27648,Machine-readable analysis field; definition follows the literal field name and source table grain.,float32,6912,2.85451078414917,1.699171781539917,0,6912
value_norm,ffn_neurons/block_58.npz,27648,Machine-readable analysis field; definition follows the literal field name and source table grain.,float32,6912,3.522871494293213,1.8711402416229248,0,6912
down_norm,ffn_neurons/block_58.npz,27648,Machine-readable analysis field; definition follows the literal field name and source table grain.,float32,6912,3.7278597354888916,1.7248860597610474,0,6912
gate_value_cosine,ffn_neurons/block_58.npz,27648,Machine-readable analysis field; definition follows the literal field name and source table grain.,float32,6912,0.7710040807723999,-0.687016487121582,0,6912
gate_down_cosine,ffn_neurons/block_58.npz,27648,Machine-readable analysis field; definition follows the literal field name and source table grain.,float32,6912,0.5858498811721802,-0.6477863788604736,0,6912
value_down_cosine,ffn_neurons/block_58.npz,27648,Machine-readable analysis field; definition follows the literal field name and source table grain.,float32,6912,0.3409581184387207,-0.7731770277023315,0,6912
triple_strength,ffn_neurons/block_58.npz,27648,Machine-readable analysis field; definition follows the literal field name and source table grain.,float32,6912,28.20549964904785,5.6607866287231445,0,6912
neuron,ffn_neurons/block_59.npz,27648,Machine-readable analysis field; definition follows the literal field name and source table grain.,int32,6912,6911.0,0.0,0,6912
gate_norm,ffn_neurons/block_59.npz,27648,Machine-readable analysis field; definition follows the literal field name and source table grain.,float32,6912,2.7400593757629395,1.6304736137390137,0,6912
value_norm,ffn_neurons/block_59.npz,27648,Machine-readable analysis field; definition follows the literal field name and source table grain.,float32,6912,4.131542205810547,1.755090355873108,0,6912
down_norm,ffn_neurons/block_59.npz,27648,Machine-readable analysis field; definition follows the literal field name and source table grain.,float32,6912,3.968968391418457,1.6355984210968018,0,6912
gate_value_cosine,ffn_neurons/block_59.npz,27648,Machine-readable analysis field; definition follows the literal field name and source table grain.,float32,6912,0.6832319498062134,-0.761193037033081,0,6912
gate_down_cosine,ffn_neurons/block_59.npz,27648,Machine-readable analysis field; definition follows the literal field name and source table grain.,float32,6912,0.7155574560165405,-0.6434409618377686,0,6912
value_down_cosine,ffn_neurons/block_59.npz,27648,Machine-readable analysis field; definition follows the literal field name and source table grain.,float32,6912,0.30383849143981934,-0.8457130193710327,0,6912
triple_strength,ffn_neurons/block_59.npz,27648,Machine-readable analysis field; definition follows the literal field name and source table grain.,float32,6912,28.474435806274414,5.096421718597412,0,6912
neuron,ffn_neurons/block_60.npz,27648,Machine-readable analysis field; definition follows the literal field name and source table grain.,int32,6912,6911.0,0.0,0,6912
gate_norm,ffn_neurons/block_60.npz,27648,Machine-readable analysis field; definition follows the literal field name and source table grain.,float32,6912,3.049489736557007,1.6245697736740112,0,6912
value_norm,ffn_neurons/block_60.npz,27648,Machine-readable analysis field; definition follows the literal field name and source table grain.,float32,6912,3.6137454509735107,1.7339729070663452,0,6912
down_norm,ffn_neurons/block_60.npz,27648,Machine-readable analysis field; definition follows the literal field name and source table grain.,float32,6912,4.159265995025635,1.7062686681747437,0,6912
gate_value_cosine,ffn_neurons/block_60.npz,27648,Machine-readable analysis field; definition follows the literal field name and source table grain.,float32,6912,0.7846716046333313,-0.8014447689056396,0,6912
gate_down_cosine,ffn_neurons/block_60.npz,27648,Machine-readable analysis field; definition follows the literal field name and source table grain.,float32,6912,0.7620817422866821,-0.7623106241226196,0,6912
value_down_cosine,ffn_neurons/block_60.npz,27648,Machine-readable analysis field; definition follows the literal field name and source table grain.,float32,6912,0.5845847129821777,-0.853418231010437,0,6912
triple_strength,ffn_neurons/block_60.npz,27648,Machine-readable analysis field; definition follows the literal field name and source table grain.,float32,6912,29.710693359375,5.177481174468994,0,6912
neuron,ffn_neurons/block_61.npz,27648,Machine-readable analysis field; definition follows the literal field name and source table grain.,int32,6912,6911.0,0.0,0,6912
gate_norm,ffn_neurons/block_61.npz,27648,Machine-readable analysis field; definition follows the literal field name and source table grain.,float32,6912,2.756014823913574,1.6531133651733398,0,6912
value_norm,ffn_neurons/block_61.npz,27648,Machine-readable analysis field; definition follows the literal field name and source table grain.,float32,6912,4.672224998474121,1.8321291208267212,0,6912
down_norm,ffn_neurons/block_61.npz,27648,Machine-readable analysis field; definition follows the literal field name and source table grain.,float32,6912,3.0102837085723877,1.6817164421081543,0,6912
gate_value_cosine,ffn_neurons/block_61.npz,27648,Machine-readable analysis field; definition follows the literal field name and source table grain.,float32,6912,0.662456214427948,-0.7884880304336548,0,6912
gate_down_cosine,ffn_neurons/block_61.npz,27648,Machine-readable analysis field; definition follows the literal field name and source table grain.,float32,6912,0.7275721430778503,-0.6216999888420105,0,6912
value_down_cosine,ffn_neurons/block_61.npz,27648,Machine-readable analysis field; definition follows the literal field name and source table grain.,float32,6912,0.32258865237236023,-0.8936666250228882,0,6912
triple_strength,ffn_neurons/block_61.npz,27648,Machine-readable analysis field; definition follows the literal field name and source table grain.,float32,6912,34.78947448730469,5.383768081665039,0,6912
neuron,ffn_neurons/block_62.npz,27648,Machine-readable analysis field; definition follows the literal field name and source table grain.,int32,6912,6911.0,0.0,0,6912
gate_norm,ffn_neurons/block_62.npz,27648,Machine-readable analysis field; definition follows the literal field name and source table grain.,float32,6912,2.9941866397857666,1.6537718772888184,0,6912
value_norm,ffn_neurons/block_62.npz,27648,Machine-readable analysis field; definition follows the literal field name and source table grain.,float32,6912,3.432260751724243,1.7684389352798462,0,6912
down_norm,ffn_neurons/block_62.npz,27648,Machine-readable analysis field; definition follows the literal field name and source table grain.,float32,6912,3.3040542602539062,1.650951623916626,0,6912
gate_value_cosine,ffn_neurons/block_62.npz,27648,Machine-readable analysis field; definition follows the literal field name and source table grain.,float32,6912,0.6865464448928833,-0.8044739365577698,0,6912
gate_down_cosine,ffn_neurons/block_62.npz,27648,Machine-readable analysis field; definition follows the literal field name and source table grain.,float32,6912,0.7761162519454956,-0.6975321769714355,0,6912
value_down_cosine,ffn_neurons/block_62.npz,27648,Machine-readable analysis field; definition follows the literal field name and source table grain.,float32,6912,0.2054450809955597,-0.8046475648880005,0,6912
triple_strength,ffn_neurons/block_62.npz,27648,Machine-readable analysis field; definition follows the literal field name and source table grain.,float32,6912,24.450401306152344,4.998039245605469,0,6912
neuron,ffn_neurons/block_63.npz,27648,Machine-readable analysis field; definition follows the literal field name and source table grain.,int32,6912,6911.0,0.0,0,6912
gate_norm,ffn_neurons/block_63.npz,27648,Machine-readable analysis field; definition follows the literal field name and source table grain.,float32,6912,2.7521181106567383,1.587637186050415,0,6912
value_norm,ffn_neurons/block_63.npz,27648,Machine-readable analysis field; definition follows the literal field name and source table grain.,float32,6912,3.6912055015563965,1.8781522512435913,0,6912
down_norm,ffn_neurons/block_63.npz,27648,Machine-readable analysis field; definition follows the literal field name and source table grain.,float32,6912,2.7494165897369385,1.799668550491333,0,6912
gate_value_cosine,ffn_neurons/block_63.npz,27648,Machine-readable analysis field; definition follows the literal field name and source table grain.,float32,6912,0.7152063846588135,-0.7530775666236877,0,6912
gate_down_cosine,ffn_neurons/block_63.npz,27648,Machine-readable analysis field; definition follows the literal field name and source table grain.,float32,6912,0.7208071947097778,-0.6844326853752136,0,6912
value_down_cosine,ffn_neurons/block_63.npz,27648,Machine-readable analysis field; definition follows the literal field name and source table grain.,float32,6912,0.245828777551651,-0.8657512068748474,0,6912
triple_strength,ffn_neurons/block_63.npz,27648,Machine-readable analysis field; definition follows the literal field name and source table grain.,float32,6912,24.314537048339844,5.651029586791992,0,6912
neuron,ffn_neurons/block_64.npz,27648,Machine-readable analysis field; definition follows the literal field name and source table grain.,int32,6912,6911.0,0.0,0,6912
gate_norm,ffn_neurons/block_64.npz,27648,Machine-readable analysis field; definition follows the literal field name and source table grain.,float32,6912,2.7396414279937744,1.6999350786209106,0,6912
value_norm,ffn_neurons/block_64.npz,27648,Machine-readable analysis field; definition follows the literal field name and source table grain.,float32,6912,3.8648905754089355,1.8620496988296509,0,6912
down_norm,ffn_neurons/block_64.npz,27648,Machine-readable analysis field; definition follows the literal field name and source table grain.,float32,6912,3.163184404373169,1.8256651163101196,0,6912
gate_value_cosine,ffn_neurons/block_64.npz,27648,Machine-readable analysis field; definition follows the literal field name and source table grain.,float32,6912,0.5391911268234253,-0.6371326446533203,0,6912
gate_down_cosine,ffn_neurons/block_64.npz,27648,Machine-readable analysis field; definition follows the literal field name and source table grain.,float32,6912,0.7112997770309448,-0.42347168922424316,0,6912
value_down_cosine,ffn_neurons/block_64.npz,27648,Machine-readable analysis field; definition follows the literal field name and source table grain.,float32,6912,0.2651892304420471,-0.7745473980903625,0,6912
triple_strength,ffn_neurons/block_64.npz,27648,Machine-readable analysis field; definition follows the literal field name and source table grain.,float32,6912,32.491451263427734,5.970989227294922,0,6912
neuron,ffn_neurons/block_65.npz,27648,Machine-readable analysis field; definition follows the literal field name and source table grain.,int32,6912,6911.0,0.0,0,6912
gate_norm,ffn_neurons/block_65.npz,27648,Machine-readable analysis field; definition follows the literal field name and source table grain.,float32,6912,2.774199962615967,1.6953572034835815,0,6912
value_norm,ffn_neurons/block_65.npz,27648,Machine-readable analysis field; definition follows the literal field name and source table grain.,float32,6912,3.3836381435394287,1.9805424213409424,0,6912
down_norm,ffn_neurons/block_65.npz,27648,Machine-readable analysis field; definition follows the literal field name and source table grain.,float32,6912,3.375027656555176,1.8289411067962646,0,6912
gate_value_cosine,ffn_neurons/block_65.npz,27648,Machine-readable analysis field; definition follows the literal field name and source table grain.,float32,6912,0.7803280353546143,-0.7922643423080444,0,6912
gate_down_cosine,ffn_neurons/block_65.npz,27648,Machine-readable analysis field; definition follows the literal field name and source table grain.,float32,6912,0.8063068389892578,-0.7582270503044128,0,6912
value_down_cosine,ffn_neurons/block_65.npz,27648,Machine-readable analysis field; definition follows the literal field name and source table grain.,float32,6912,0.2746289372444153,-0.8459180593490601,0,6912
triple_strength,ffn_neurons/block_65.npz,27648,Machine-readable analysis field; definition follows the literal field name and source table grain.,float32,6912,26.33371925354004,6.504496097564697,0,6912
neuron,ffn_neurons/block_66.npz,27648,Machine-readable analysis field; definition follows the literal field name and source table grain.,int32,6912,6911.0,0.0,0,6912
gate_norm,ffn_neurons/block_66.npz,27648,Machine-readable analysis field; definition follows the literal field name and source table grain.,float32,6912,2.9904608726501465,1.7267354726791382,0,6912
value_norm,ffn_neurons/block_66.npz,27648,Machine-readable analysis field; definition follows the literal field name and source table grain.,float32,6912,3.853853940963745,1.875773310661316,0,6912
down_norm,ffn_neurons/block_66.npz,27648,Machine-readable analysis field; definition follows the literal field name and source table grain.,float32,6912,3.2276883125305176,1.7946683168411255,0,6912
gate_value_cosine,ffn_neurons/block_66.npz,27648,Machine-readable analysis field; definition follows the literal field name and source table grain.,float32,6912,0.6405142545700073,-0.8164495825767517,0,6912
gate_down_cosine,ffn_neurons/block_66.npz,27648,Machine-readable analysis field; definition follows the literal field name and source table grain.,float32,6912,0.8290624618530273,-0.6727300882339478,0,6912
value_down_cosine,ffn_neurons/block_66.npz,27648,Machine-readable analysis field; definition follows the literal field name and source table grain.,float32,6912,0.2614268660545349,-0.8015710711479187,0,6912
triple_strength,ffn_neurons/block_66.npz,27648,Machine-readable analysis field; definition follows the literal field name and source table grain.,float32,6912,28.26610565185547,6.032649993896484,0,6912
neuron,ffn_neurons/block_67.npz,27648,Machine-readable analysis field; definition follows the literal field name and source table grain.,int32,6912,6911.0,0.0,0,6912
gate_norm,ffn_neurons/block_67.npz,27648,Machine-readable analysis field; definition follows the literal field name and source table grain.,float32,6912,3.06972074508667,1.6485319137573242,0,6912
value_norm,ffn_neurons/block_67.npz,27648,Machine-readable analysis field; definition follows the literal field name and source table grain.,float32,6912,3.950925588607788,1.8168814182281494,0,6912
down_norm,ffn_neurons/block_67.npz,27648,Machine-readable analysis field; definition follows the literal field name and source table grain.,float32,6912,3.158945083618164,1.7755032777786255,0,6912
gate_value_cosine,ffn_neurons/block_67.npz,27648,Machine-readable analysis field; definition follows the literal field name and source table grain.,float32,6912,0.6943313479423523,-0.780060350894928,0,6912
gate_down_cosine,ffn_neurons/block_67.npz,27648,Machine-readable analysis field; definition follows the literal field name and source table grain.,float32,6912,0.835806667804718,-0.7271977663040161,0,6912
value_down_cosine,ffn_neurons/block_67.npz,27648,Machine-readable analysis field; definition follows the literal field name and source table grain.,float32,6912,0.23001953959465027,-0.7787421941757202,0,6912
triple_strength,ffn_neurons/block_67.npz,27648,Machine-readable analysis field; definition follows the literal field name and source table grain.,float32,6912,28.887521743774414,5.642488956451416,0,6912
neuron,ffn_neurons/block_68.npz,27648,Machine-readable analysis field; definition follows the literal field name and source table grain.,int32,6912,6911.0,0.0,0,6912
gate_norm,ffn_neurons/block_68.npz,27648,Machine-readable analysis field; definition follows the literal field name and source table grain.,float32,6912,3.0162436962127686,1.6058192253112793,0,6912
value_norm,ffn_neurons/block_68.npz,27648,Machine-readable analysis field; definition follows the literal field name and source table grain.,float32,6912,3.6779143810272217,1.9197689294815063,0,6912
down_norm,ffn_neurons/block_68.npz,27648,Machine-readable analysis field; definition follows the literal field name and source table grain.,float32,6912,3.2136166095733643,1.8506412506103516,0,6912
gate_value_cosine,ffn_neurons/block_68.npz,27648,Machine-readable analysis field; definition follows the literal field name and source table grain.,float32,6912,0.7927119731903076,-0.819443941116333,0,6912
gate_down_cosine,ffn_neurons/block_68.npz,27648,Machine-readable analysis field; definition follows the literal field name and source table grain.,float32,6912,0.8032264113426208,-0.7930793762207031,0,6912
value_down_cosine,ffn_neurons/block_68.npz,27648,Machine-readable analysis field; definition follows the literal field name and source table grain.,float32,6912,0.25664520263671875,-0.8227065801620483,0,6912
triple_strength,ffn_neurons/block_68.npz,27648,Machine-readable analysis field; definition follows the literal field name and source table grain.,float32,6912,27.844961166381836,6.058843612670898,0,6912
neuron,ffn_neurons/block_69.npz,27648,Machine-readable analysis field; definition follows the literal field name and source table grain.,int32,6912,6911.0,0.0,0,6912
gate_norm,ffn_neurons/block_69.npz,27648,Machine-readable analysis field; definition follows the literal field name and source table grain.,float32,6912,2.771672248840332,1.7231664657592773,0,6912
value_norm,ffn_neurons/block_69.npz,27648,Machine-readable analysis field; definition follows the literal field name and source table grain.,float32,6912,3.844363212585449,1.84180748462677,0,6912
down_norm,ffn_neurons/block_69.npz,27648,Machine-readable analysis field; definition follows the literal field name and source table grain.,float32,6912,3.3564486503601074,1.8459078073501587,0,6912
gate_value_cosine,ffn_neurons/block_69.npz,27648,Machine-readable analysis field; definition follows the literal field name and source table grain.,float32,6912,0.743597149848938,-0.7436387538909912,0,6912
gate_down_cosine,ffn_neurons/block_69.npz,27648,Machine-readable analysis field; definition follows the literal field name and source table grain.,float32,6912,0.7694405913352966,-0.76353919506073,0,6912
value_down_cosine,ffn_neurons/block_69.npz,27648,Machine-readable analysis field; definition follows the literal field name and source table grain.,float32,6912,0.3085193634033203,-0.8099523782730103,0,6912
triple_strength,ffn_neurons/block_69.npz,27648,Machine-readable analysis field; definition follows the literal field name and source table grain.,float32,6912,34.34075927734375,6.018388271331787,0,6912
neuron,ffn_neurons/block_70.npz,27648,Machine-readable analysis field; definition follows the literal field name and source table grain.,int32,6912,6911.0,0.0,0,6912
gate_norm,ffn_neurons/block_70.npz,27648,Machine-readable analysis field; definition follows the literal field name and source table grain.,float32,6912,3.057483196258545,1.6450273990631104,0,6912
value_norm,ffn_neurons/block_70.npz,27648,Machine-readable analysis field; definition follows the literal field name and source table grain.,float32,6912,4.377322673797607,1.8713937997817993,0,6912
down_norm,ffn_neurons/block_70.npz,27648,Machine-readable analysis field; definition follows the literal field name and source table grain.,float32,6912,3.1119601726531982,1.8035420179367065,0,6912
gate_value_cosine,ffn_neurons/block_70.npz,27648,Machine-readable analysis field; definition follows the literal field name and source table grain.,float32,6912,0.8370883464813232,-0.7627711296081543,0,6912
gate_down_cosine,ffn_neurons/block_70.npz,27648,Machine-readable analysis field; definition follows the literal field name and source table grain.,float32,6912,0.728095293045044,-0.7513644695281982,0,6912
value_down_cosine,ffn_neurons/block_70.npz,27648,Machine-readable analysis field; definition follows the literal field name and source table grain.,float32,6912,0.2988460958003998,-0.7699942588806152,0,6912
triple_strength,ffn_neurons/block_70.npz,27648,Machine-readable analysis field; definition follows the literal field name and source table grain.,float32,6912,33.217872619628906,5.75241756439209,0,6912
neuron,ffn_neurons/block_71.npz,27648,Machine-readable analysis field; definition follows the literal field name and source table grain.,int32,6912,6911.0,0.0,0,6912
gate_norm,ffn_neurons/block_71.npz,27648,Machine-readable analysis field; definition follows the literal field name and source table grain.,float32,6912,2.890026569366455,1.48606276512146,0,6912
value_norm,ffn_neurons/block_71.npz,27648,Machine-readable analysis field; definition follows the literal field name and source table grain.,float32,6912,4.711650848388672,1.7522600889205933,0,6912
down_norm,ffn_neurons/block_71.npz,27648,Machine-readable analysis field; definition follows the literal field name and source table grain.,float32,6912,3.5601394176483154,1.7604284286499023,0,6912
gate_value_cosine,ffn_neurons/block_71.npz,27648,Machine-readable analysis field; definition follows the literal field name and source table grain.,float32,6912,0.7634187936782837,-0.7274606227874756,0,6912
gate_down_cosine,ffn_neurons/block_71.npz,27648,Machine-readable analysis field; definition follows the literal field name and source table grain.,float32,6912,0.6937897205352783,-0.7448891997337341,0,6912
value_down_cosine,ffn_neurons/block_71.npz,27648,Machine-readable analysis field; definition follows the literal field name and source table grain.,float32,6912,0.3124261498451233,-0.8340244293212891,0,6912
triple_strength,ffn_neurons/block_71.npz,27648,Machine-readable analysis field; definition follows the literal field name and source table grain.,float32,6912,33.37754440307617,5.20096492767334,0,6912
neuron,ffn_neurons/block_72.npz,27648,Machine-readable analysis field; definition follows the literal field name and source table grain.,int32,6912,6911.0,0.0,0,6912
gate_norm,ffn_neurons/block_72.npz,27648,Machine-readable analysis field; definition follows the literal field name and source table grain.,float32,6912,3.1984784603118896,1.552754521369934,0,6912
value_norm,ffn_neurons/block_72.npz,27648,Machine-readable analysis field; definition follows the literal field name and source table grain.,float32,6912,4.5714192390441895,1.67872154712677,0,6912
down_norm,ffn_neurons/block_72.npz,27648,Machine-readable analysis field; definition follows the literal field name and source table grain.,float32,6912,3.181769847869873,1.7752735614776611,0,6912
gate_value_cosine,ffn_neurons/block_72.npz,27648,Machine-readable analysis field; definition follows the literal field name and source table grain.,float32,6912,0.6671050786972046,-0.659522294998169,0,6912
gate_down_cosine,ffn_neurons/block_72.npz,27648,Machine-readable analysis field; definition follows the literal field name and source table grain.,float32,6912,0.7325794696807861,-0.7323919534683228,0,6912
value_down_cosine,ffn_neurons/block_72.npz,27648,Machine-readable analysis field; definition follows the literal field name and source table grain.,float32,6912,0.2790248394012451,-0.7993179559707642,0,6912
triple_strength,ffn_neurons/block_72.npz,27648,Machine-readable analysis field; definition follows the literal field name and source table grain.,float32,6912,38.43547058105469,5.097866535186768,0,6912
neuron,ffn_neurons/block_73.npz,27648,Machine-readable analysis field; definition follows the literal field name and source table grain.,int32,6912,6911.0,0.0,0,6912
gate_norm,ffn_neurons/block_73.npz,27648,Machine-readable analysis field; definition follows the literal field name and source table grain.,float32,6912,3.4279699325561523,1.4079723358154297,0,6912
value_norm,ffn_neurons/block_73.npz,27648,Machine-readable analysis field; definition follows the literal field name and source table grain.,float32,6912,4.398238182067871,1.7538788318634033,0,6912
down_norm,ffn_neurons/block_73.npz,27648,Machine-readable analysis field; definition follows the literal field name and source table grain.,float32,6912,3.2834413051605225,1.7685420513153076,0,6912
gate_value_cosine,ffn_neurons/block_73.npz,27648,Machine-readable analysis field; definition follows the literal field name and source table grain.,float32,6912,0.7288167476654053,-0.7595356702804565,0,6912
gate_down_cosine,ffn_neurons/block_73.npz,27648,Machine-readable analysis field; definition follows the literal field name and source table grain.,float32,6912,0.6631991267204285,-0.658185601234436,0,6912
value_down_cosine,ffn_neurons/block_73.npz,27648,Machine-readable analysis field; definition follows the literal field name and source table grain.,float32,6912,0.3191448450088501,-0.8168444633483887,0,6912
triple_strength,ffn_neurons/block_73.npz,27648,Machine-readable analysis field; definition follows the literal field name and source table grain.,float32,6912,37.268028259277344,4.453421592712402,0,6912
neuron,ffn_neurons/block_74.npz,27648,Machine-readable analysis field; definition follows the literal field name and source table grain.,int32,6912,6911.0,0.0,0,6912
gate_norm,ffn_neurons/block_74.npz,27648,Machine-readable analysis field; definition follows the literal field name and source table grain.,float32,6912,3.204158067703247,1.5275120735168457,0,6912
value_norm,ffn_neurons/block_74.npz,27648,Machine-readable analysis field; definition follows the literal field name and source table grain.,float32,6912,4.08203125,1.758623719215393,0,6912
down_norm,ffn_neurons/block_74.npz,27648,Machine-readable analysis field; definition follows the literal field name and source table grain.,float32,6912,3.7188756465911865,1.6758328676223755,0,6912
gate_value_cosine,ffn_neurons/block_74.npz,27648,Machine-readable analysis field; definition follows the literal field name and source table grain.,float32,6912,0.7551541328430176,-0.6123509407043457,0,6912
gate_down_cosine,ffn_neurons/block_74.npz,27648,Machine-readable analysis field; definition follows the literal field name and source table grain.,float32,6912,0.5927151441574097,-0.7474560737609863,0,6912
value_down_cosine,ffn_neurons/block_74.npz,27648,Machine-readable analysis field; definition follows the literal field name and source table grain.,float32,6912,0.3770536482334137,-0.8069833517074585,0,6912
triple_strength,ffn_neurons/block_74.npz,27648,Machine-readable analysis field; definition follows the literal field name and source table grain.,float32,6912,46.168270111083984,5.036675930023193,0,6912
neuron,ffn_neurons/block_75.npz,27648,Machine-readable analysis field; definition follows the literal field name and source table grain.,int32,6912,6911.0,0.0,0,6912
gate_norm,ffn_neurons/block_75.npz,27648,Machine-readable analysis field; definition follows the literal field name and source table grain.,float32,6912,3.3646743297576904,1.3217222690582275,0,6912
value_norm,ffn_neurons/block_75.npz,27648,Machine-readable analysis field; definition follows the literal field name and source table grain.,float32,6912,4.9600605964660645,1.5505753755569458,0,6912
down_norm,ffn_neurons/block_75.npz,27648,Machine-readable analysis field; definition follows the literal field name and source table grain.,float32,6912,3.3217906951904297,1.5605014562606812,0,6912
gate_value_cosine,ffn_neurons/block_75.npz,27648,Machine-readable analysis field; definition follows the literal field name and source table grain.,float32,6912,0.6224794387817383,-0.635805070400238,0,6912
gate_down_cosine,ffn_neurons/block_75.npz,27648,Machine-readable analysis field; definition follows the literal field name and source table grain.,float32,6912,0.6438909769058228,-0.6525366902351379,0,6912
value_down_cosine,ffn_neurons/block_75.npz,27648,Machine-readable analysis field; definition follows the literal field name and source table grain.,float32,6912,0.43846362829208374,-0.819840133190155,0,6912
triple_strength,ffn_neurons/block_75.npz,27648,Machine-readable analysis field; definition follows the literal field name and source table grain.,float32,6912,43.462249755859375,3.4066522121429443,0,6912
neuron,ffn_neurons/block_76.npz,27648,Machine-readable analysis field; definition follows the literal field name and source table grain.,int32,6912,6911.0,0.0,0,6912
gate_norm,ffn_neurons/block_76.npz,27648,Machine-readable analysis field; definition follows the literal field name and source table grain.,float32,6912,3.543952465057373,1.46734619140625,0,6912
value_norm,ffn_neurons/block_76.npz,27648,Machine-readable analysis field; definition follows the literal field name and source table grain.,float32,6912,4.584689617156982,1.6035252809524536,0,6912
down_norm,ffn_neurons/block_76.npz,27648,Machine-readable analysis field; definition follows the literal field name and source table grain.,float32,6912,3.460953712463379,1.6906501054763794,0,6912
gate_value_cosine,ffn_neurons/block_76.npz,27648,Machine-readable analysis field; definition follows the literal field name and source table grain.,float32,6912,0.6160380244255066,-0.6385630965232849,0,6912
gate_down_cosine,ffn_neurons/block_76.npz,27648,Machine-readable analysis field; definition follows the literal field name and source table grain.,float32,6912,0.6295225620269775,-0.5903088450431824,0,6912
value_down_cosine,ffn_neurons/block_76.npz,27648,Machine-readable analysis field; definition follows the literal field name and source table grain.,float32,6912,0.5628644227981567,-0.7577047348022461,0,6912
triple_strength,ffn_neurons/block_76.npz,27648,Machine-readable analysis field; definition follows the literal field name and source table grain.,float32,6912,43.7342414855957,4.4487996101379395,0,6912
neuron,ffn_neurons/block_77.npz,27648,Machine-readable analysis field; definition follows the literal field name and source table grain.,int32,6912,6911.0,0.0,0,6912
gate_norm,ffn_neurons/block_77.npz,27648,Machine-readable analysis field; definition follows the literal field name and source table grain.,float32,6912,3.7709951400756836,1.265787124633789,0,6912
value_norm,ffn_neurons/block_77.npz,27648,Machine-readable analysis field; definition follows the literal field name and source table grain.,float32,6912,7.319882392883301,1.5986483097076416,0,6912
down_norm,ffn_neurons/block_77.npz,27648,Machine-readable analysis field; definition follows the literal field name and source table grain.,float32,6912,6.197587013244629,1.4918816089630127,0,6912
gate_value_cosine,ffn_neurons/block_77.npz,27648,Machine-readable analysis field; definition follows the literal field name and source table grain.,float32,6912,0.6472432613372803,-0.6278568506240845,0,6912
gate_down_cosine,ffn_neurons/block_77.npz,27648,Machine-readable analysis field; definition follows the literal field name and source table grain.,float32,6912,0.6154215335845947,-0.5436415076255798,0,6912
value_down_cosine,ffn_neurons/block_77.npz,27648,Machine-readable analysis field; definition follows the literal field name and source table grain.,float32,6912,0.5234626531600952,-0.7341493368148804,0,6912
triple_strength,ffn_neurons/block_77.npz,27648,Machine-readable analysis field; definition follows the literal field name and source table grain.,float32,6912,90.92948150634766,3.1637585163116455,0,6912
neuron,ffn_neurons/block_78.npz,27648,Machine-readable analysis field; definition follows the literal field name and source table grain.,int32,6912,6911.0,0.0,0,6912
gate_norm,ffn_neurons/block_78.npz,27648,Machine-readable analysis field; definition follows the literal field name and source table grain.,float32,6912,3.692915678024292,1.2719117403030396,0,6912
value_norm,ffn_neurons/block_78.npz,27648,Machine-readable analysis field; definition follows the literal field name and source table grain.,float32,6912,5.246608734130859,1.3409154415130615,0,6912
down_norm,ffn_neurons/block_78.npz,27648,Machine-readable analysis field; definition follows the literal field name and source table grain.,float32,6912,4.142857551574707,1.3800779581069946,0,6912
gate_value_cosine,ffn_neurons/block_78.npz,27648,Machine-readable analysis field; definition follows the literal field name and source table grain.,float32,6912,0.6727586984634399,-0.6551504731178284,0,6912
gate_down_cosine,ffn_neurons/block_78.npz,27648,Machine-readable analysis field; definition follows the literal field name and source table grain.,float32,6912,0.6157145500183105,-0.5743546485900879,0,6912
value_down_cosine,ffn_neurons/block_78.npz,27648,Machine-readable analysis field; definition follows the literal field name and source table grain.,float32,6912,0.5726104974746704,-0.6947708129882812,0,6912
triple_strength,ffn_neurons/block_78.npz,27648,Machine-readable analysis field; definition follows the literal field name and source table grain.,float32,6912,57.933170318603516,2.806109666824341,0,6912
neuron,ffn_neurons/block_79.npz,27648,Machine-readable analysis field; definition follows the literal field name and source table grain.,int32,6912,6911.0,0.0,0,6912
gate_norm,ffn_neurons/block_79.npz,27648,Machine-readable analysis field; definition follows the literal field name and source table grain.,float32,6912,3.679504632949829,1.5481640100479126,0,6912
value_norm,ffn_neurons/block_79.npz,27648,Machine-readable analysis field; definition follows the literal field name and source table grain.,float32,6912,6.622061729431152,1.717957854270935,0,6912
down_norm,ffn_neurons/block_79.npz,27648,Machine-readable analysis field; definition follows the literal field name and source table grain.,float32,6912,4.989443302154541,1.5305802822113037,0,6912
gate_value_cosine,ffn_neurons/block_79.npz,27648,Machine-readable analysis field; definition follows the literal field name and source table grain.,float32,6912,0.5525026321411133,-0.7296798229217529,0,6912
gate_down_cosine,ffn_neurons/block_79.npz,27648,Machine-readable analysis field; definition follows the literal field name and source table grain.,float32,6912,0.5136378407478333,-0.5208479166030884,0,6912
value_down_cosine,ffn_neurons/block_79.npz,27648,Machine-readable analysis field; definition follows the literal field name and source table grain.,float32,6912,0.42086800932884216,-0.5912913084030151,0,6912
triple_strength,ffn_neurons/block_79.npz,27648,Machine-readable analysis field; definition follows the literal field name and source table grain.,float32,6912,55.2255744934082,4.185445785522461,0,6912
attn_input_norm_weight,normalization_vectors.npz,819200,Machine-readable analysis field; definition follows the literal field name and source table grain.,float32,204800,22.896081924438477,-0.11354504525661469,0,80x2560
attn_input_norm_bias,normalization_vectors.npz,819200,Machine-readable analysis field; definition follows the literal field name and source table grain.,float32,204800,21.173398971557617,-21.048532485961914,0,80x2560
q_norm_weight,normalization_vectors.npz,819200,Machine-readable analysis field; definition follows the literal field name and source table grain.,float32,204800,5.124831676483154,-1.582450270652771,0,80x2560
k_norm_weight,normalization_vectors.npz,819200,Machine-readable analysis field; definition follows the literal field name and source table grain.,float32,204800,4.753527641296387,-0.7079406976699829,0,80x2560
ffn_norm_weight,normalization_vectors.npz,819200,Machine-readable analysis field; definition follows the literal field name and source table grain.,float32,204800,4.6733717918396,-0.37535542249679565,0,80x2560
ffn_norm_bias,normalization_vectors.npz,819200,Machine-readable analysis field; definition follows the literal field name and source table grain.,float32,204800,8.516653060913086,-5.405684471130371,0,80x2560
final_transformer_norm_weight,normalization_vectors.npz,10240,Machine-readable analysis field; definition follows the literal field name and source table grain.,float32,2560,3.395857334136963,0.22288790345191956,0,2560
down_eigenvalues,trajectory_coordinates.npz,640,Machine-readable analysis field; definition follows the literal field name and source table grain.,float64,80,37795.92070325983,5146.311301965608,0,80
down_coordinates,trajectory_coordinates.npz,51200,Machine-readable analysis field; definition follows the literal field name and source table grain.,float64,6400,182.57370986166566,-194.3947537750442,0,80x80
gate_eigenvalues,trajectory_coordinates.npz,640,Machine-readable analysis field; definition follows the literal field name and source table grain.,float64,80,81519.03140819671,4475.723367386202,0,80
gate_coordinates,trajectory_coordinates.npz,51200,Machine-readable analysis field; definition follows the literal field name and source table grain.,float64,6400,150.02475580789442,-152.58895171038546,0,80x80
k_eigenvalues,trajectory_coordinates.npz,640,Machine-readable analysis field; definition follows the literal field name and source table grain.,float64,80,12872.646654928156,635.0905496383373,0,80
k_coordinates,trajectory_coordinates.npz,51200,Machine-readable analysis field; definition follows the literal field name and source table grain.,float64,6400,113.18060414427471,-108.7506296151799,0,80x80
o_eigenvalues,trajectory_coordinates.npz,640,Machine-readable analysis field; definition follows the literal field name and source table grain.,float64,80,26914.760511485194,8139.213048958565,0,80
o_coordinates,trajectory_coordinates.npz,51200,Machine-readable analysis field; definition follows the literal field name and source table grain.,float64,6400,164.05515101839234,-127.16182607167639,0,80x80
q_eigenvalues,trajectory_coordinates.npz,640,Machine-readable analysis field; definition follows the literal field name and source table grain.,float64,80,12497.653411196065,1015.7928162734969,0,80
q_coordinates,trajectory_coordinates.npz,51200,Machine-readable analysis field; definition follows the literal field name and source table grain.,float64,6400,107.8283313358455,-107.32800153576932,0,80x80
v_eigenvalues,trajectory_coordinates.npz,640,Machine-readable analysis field; definition follows the literal field name and source table grain.,float64,80,26235.749870678173,1795.8809345679676,0,80
v_coordinates,trajectory_coordinates.npz,51200,Machine-readable analysis field; definition follows the literal field name and source table grain.,float64,6400,147.72652763038778,-161.9705646987545,0,80x80
value_eigenvalues,trajectory_coordinates.npz,640,Machine-readable analysis field; definition follows the literal field name and source table grain.,float64,80,36941.37707393746,3131.297591469508,0,80
value_coordinates,trajectory_coordinates.npz,51200,Machine-readable analysis field; definition follows the literal field name and source table grain.,float64,6400,189.72758207723774,-191.47128513298222,0,80x80
