artifact,description,dtype,field,maximum,minimum,null_count,rows,unique_nonnull
adjacent_raw_matrix_changes.csv,"Weight-matrix family: q, k, v, o, gate, value, or down.",object,family,,,0,553,7
adjacent_raw_matrix_changes.csv,Machine-readable analysis field; definition follows the literal field name and source table grain.,float64,fixed_column_cosine__absolute_effective_count,5235.210458193347,784.2446001971288,0,553,553
adjacent_raw_matrix_changes.csv,Machine-readable analysis field; definition follows the literal field name and source table grain.,float64,fixed_column_cosine__absolute_entropy,8.563162324634728,6.664720961738992,0,553,553
adjacent_raw_matrix_changes.csv,Machine-readable analysis field; definition follows the literal field name and source table grain.,float64,fixed_column_cosine__absolute_hhi,0.0034743681771449,0.0002254072470689,0,553,553
adjacent_raw_matrix_changes.csv,Machine-readable analysis field; definition follows the literal field name and source table grain.,int64,fixed_column_cosine__count,6912.0,2560.0,0,553,2
adjacent_raw_matrix_changes.csv,Machine-readable analysis field; definition follows the literal field name and source table grain.,float64,fixed_column_cosine__excess_kurtosis,294.92662561484275,-0.3078513393168189,0,553,553
adjacent_raw_matrix_changes.csv,Machine-readable analysis field; definition follows the literal field name and source table grain.,float64,fixed_column_cosine__gini_absolute,0.7275742928934765,0.4007324302567492,0,553,553
adjacent_raw_matrix_changes.csv,Machine-readable analysis field; definition follows the literal field name and source table grain.,float64,fixed_column_cosine__maximum,0.9620412588119508,0.0355653651058673,0,553,553
adjacent_raw_matrix_changes.csv,Machine-readable analysis field; definition follows the literal field name and source table grain.,float64,fixed_column_cosine__mean,0.2295022133985185,-0.0062697754240616,0,553,553
adjacent_raw_matrix_changes.csv,Machine-readable analysis field; definition follows the literal field name and source table grain.,float64,fixed_column_cosine__median,0.2108758091926574,-0.0039424896240234,0,553,553
adjacent_raw_matrix_changes.csv,Machine-readable analysis field; definition follows the literal field name and source table grain.,float64,fixed_column_cosine__minimum,-0.03398397564888,-0.8883146047592163,0,553,553
adjacent_raw_matrix_changes.csv,Machine-readable analysis field; definition follows the literal field name and source table grain.,float64,fixed_column_cosine__q001,-0.0304192328955978,-0.8214040644764901,0,553,553
adjacent_raw_matrix_changes.csv,Machine-readable analysis field; definition follows the literal field name and source table grain.,float64,fixed_column_cosine__q01,-0.0222595731168985,-0.7165011405944824,0,553,553
adjacent_raw_matrix_changes.csv,Machine-readable analysis field; definition follows the literal field name and source table grain.,float64,fixed_column_cosine__q05,-0.0141048030462116,-0.2205805830657482,0,553,553
adjacent_raw_matrix_changes.csv,Machine-readable analysis field; definition follows the literal field name and source table grain.,float64,fixed_column_cosine__q25,0.0282654776237905,-0.0361605118960142,0,553,553
adjacent_raw_matrix_changes.csv,Machine-readable analysis field; definition follows the literal field name and source table grain.,float64,fixed_column_cosine__q75,0.4481443017721176,0.0068751821527257,0,553,553
adjacent_raw_matrix_changes.csv,Machine-readable analysis field; definition follows the literal field name and source table grain.,float64,fixed_column_cosine__q95,0.7016231477260587,0.0186762399971485,0,553,553
adjacent_raw_matrix_changes.csv,Machine-readable analysis field; definition follows the literal field name and source table grain.,float64,fixed_column_cosine__q99,0.8557196158170692,0.0258918851986527,0,553,553
adjacent_raw_matrix_changes.csv,Machine-readable analysis field; definition follows the literal field name and source table grain.,float64,fixed_column_cosine__q999,0.9112516993880254,0.0329692001082002,0,553,553
adjacent_raw_matrix_changes.csv,Machine-readable analysis field; definition follows the literal field name and source table grain.,float64,fixed_column_cosine__skewness,11.79361461352723,-3.140274957207328,0,553,553
adjacent_raw_matrix_changes.csv,Machine-readable analysis field; definition follows the literal field name and source table grain.,float64,fixed_column_cosine__standard_deviation,0.291492416305709,0.0115531179450104,0,553,553
adjacent_raw_matrix_changes.csv,Machine-readable analysis field; definition follows the literal field name and source table grain.,float64,fixed_row_cosine__absolute_effective_count,6834.206816290151,1404.590856898464,0,553,553
adjacent_raw_matrix_changes.csv,Machine-readable analysis field; definition follows the literal field name and source table grain.,float64,fixed_row_cosine__absolute_entropy,8.829695695063412,7.247501334304947,0,553,553
adjacent_raw_matrix_changes.csv,Machine-readable analysis field; definition follows the literal field name and source table grain.,float64,fixed_row_cosine__absolute_hhi,0.0014698091174599,0.0001478843768493,0,553,553
adjacent_raw_matrix_changes.csv,Machine-readable analysis field; definition follows the literal field name and source table grain.,int64,fixed_row_cosine__count,6912.0,2560.0,0,553,2
adjacent_raw_matrix_changes.csv,Machine-readable analysis field; definition follows the literal field name and source table grain.,float64,fixed_row_cosine__excess_kurtosis,150.04834484654177,-1.9638617690469395,0,553,553
adjacent_raw_matrix_changes.csv,Machine-readable analysis field; definition follows the literal field name and source table grain.,float64,fixed_row_cosine__gini_absolute,0.8064228510614724,0.0835151077275206,0,553,553
adjacent_raw_matrix_changes.csv,Machine-readable analysis field; definition follows the literal field name and source table grain.,float64,fixed_row_cosine__maximum,0.9679521322250366,0.0351318977773189,0,553,553
adjacent_raw_matrix_changes.csv,Machine-readable analysis field; definition follows the literal field name and source table grain.,float64,fixed_row_cosine__mean,0.6487042777152291,-0.0337672844052576,0,553,553
adjacent_raw_matrix_changes.csv,Machine-readable analysis field; definition follows the literal field name and source table grain.,float64,fixed_row_cosine__median,0.8315345346927643,-0.0107399974949657,0,553,553
adjacent_raw_matrix_changes.csv,Machine-readable analysis field; definition follows the literal field name and source table grain.,float64,fixed_row_cosine__minimum,0.0570593513548374,-0.7867501974105835,0,553,553
adjacent_raw_matrix_changes.csv,Machine-readable analysis field; definition follows the literal field name and source table grain.,float64,fixed_row_cosine__q001,0.0958586969971656,-0.6547534759640694,0,553,553
adjacent_raw_matrix_changes.csv,Machine-readable analysis field; definition follows the literal field name and source table grain.,float64,fixed_row_cosine__q01,0.1205900709331035,-0.4011621659994125,0,553,553
adjacent_raw_matrix_changes.csv,Machine-readable analysis field; definition follows the literal field name and source table grain.,float64,fixed_row_cosine__q05,0.1422977820038795,-0.2870439663529396,0,553,553
adjacent_raw_matrix_changes.csv,Machine-readable analysis field; definition follows the literal field name and source table grain.,float64,fixed_row_cosine__q25,0.6837779134511948,-0.0576842604205012,0,553,553
adjacent_raw_matrix_changes.csv,Machine-readable analysis field; definition follows the literal field name and source table grain.,float64,fixed_row_cosine__q75,0.9499782621860504,0.0072560040280222,0,553,553
adjacent_raw_matrix_changes.csv,Machine-readable analysis field; definition follows the literal field name and source table grain.,float64,fixed_row_cosine__q95,0.9627076864242554,0.0183672156184911,0,553,553
adjacent_raw_matrix_changes.csv,Machine-readable analysis field; definition follows the literal field name and source table grain.,float64,fixed_row_cosine__q99,0.966077874302864,0.0257019278407095,0,553,553
adjacent_raw_matrix_changes.csv,Machine-readable analysis field; definition follows the literal field name and source table grain.,float64,fixed_row_cosine__q999,0.9676419357657432,0.0326188067905604,0,553,553
adjacent_raw_matrix_changes.csv,Machine-readable analysis field; definition follows the literal field name and source table grain.,float64,fixed_row_cosine__skewness,7.452973052813173,-2.1789337921347114,0,553,553
adjacent_raw_matrix_changes.csv,Machine-readable analysis field; definition follows the literal field name and source table grain.,float64,fixed_row_cosine__standard_deviation,0.4379228169797288,0.0115445012930147,0,553,553
adjacent_raw_matrix_changes.csv,Machine-readable analysis field; definition follows the literal field name and source table grain.,float64,flattened_cosine,0.3423441648483276,-0.0174430906772613,0,553,553
adjacent_raw_matrix_changes.csv,Frobenius; see metric name for qualifiers.,float64,frobenius_distance,270.57733154296875,73.13616180419922,0,553,553
adjacent_raw_matrix_changes.csv,Machine-readable analysis field; definition follows the literal field name and source table grain.,int64,from_block,78.0,0.0,0,553,79
adjacent_raw_matrix_changes.csv,Machine-readable analysis field; definition follows the literal field name and source table grain.,float64,optimal_scalar,0.3500179648399353,-0.0179143603891134,0,553,553
adjacent_raw_matrix_changes.csv,Frobenius; see metric name for qualifiers.,float64,relative_frobenius_distance_geometric,1.79535174369812,1.1470847129821775,0,553,548
adjacent_raw_matrix_changes.csv,relative Frobenius reconstruction error; see metric name for qualifiers.,float64,scale_adjusted_relative_error,1.0000001192092896,0.939574658870697,0,553,128
adjacent_raw_matrix_changes.csv,Machine-readable analysis field; definition follows the literal field name and source table grain.,float64,sign_agreement_fraction,0.7301279902458191,0.4951646327972412,0,553,535
adjacent_raw_matrix_changes.csv,Machine-readable analysis field; definition follows the literal field name and source table grain.,int64,to_block,79.0,1.0,0,553,79
adjacent_spectral_transitions.csv,Machine-readable analysis field; definition follows the literal field name and source table grain.,float64,energy_jensen_shannon,0.0584396474583958,4.286575591456977e-06,0,1659,1659
adjacent_spectral_transitions.csv,Machine-readable analysis field; definition follows the literal field name and source table grain.,float64,energy_rank_wasserstein,146.65362820551118,0.3911309085274319,0,1659,1659
adjacent_spectral_transitions.csv,Machine-readable analysis field; definition follows the literal field name and source table grain.,float64,energy_total_variation,0.2760709392174404,0.0014841039561772,0,1659,1659
adjacent_spectral_transitions.csv,"Weight-matrix family: q, k, v, o, gate, value, or down.",object,family,,,0,1659,7
adjacent_spectral_transitions.csv,Machine-readable analysis field; definition follows the literal field name and source table grain.,int64,from_block,78.0,0.0,0,1659,79
adjacent_spectral_transitions.csv,Machine-readable analysis field; definition follows the literal field name and source table grain.,object,geometry,,,0,1659,3
adjacent_spectral_transitions.csv,Machine-readable analysis field; definition follows the literal field name and source table grain.,float64,singular_profile_cosine,0.9999957132188528,0.9386624460137696,0,1659,1659
adjacent_spectral_transitions.csv,Machine-readable analysis field; definition follows the literal field name and source table grain.,float64,singular_profile_pearson,0.999984584512367,0.9297030993967832,0,1659,1659
adjacent_spectral_transitions.csv,Machine-readable analysis field; definition follows the literal field name and source table grain.,int64,to_block,79.0,1.0,0,1659,79
adjacent_subspace_turnover.csv,Machine-readable analysis field; definition follows the literal field name and source table grain.,float64,chordal_distance,7.965080823804768,2.020974433459715,553,3871,3318
adjacent_subspace_turnover.csv,"Weight-matrix family: q, k, v, o, gate, value, or down.",object,family,,,0,3871,7
adjacent_subspace_turnover.csv,Machine-readable analysis field; definition follows the literal field name and source table grain.,int64,from_block,78.0,0.0,0,3871,79
adjacent_subspace_turnover.csv,principal angle in degrees; see metric name for qualifiers.,float64,maximum_angle_degrees,89.99994178033894,59.75951528186607,553,3871,3318
adjacent_subspace_turnover.csv,Machine-readable analysis field; definition follows the literal field name and source table grain.,float64,maximum_canonical_correlation,0.9952190226264797,0.0744803604834393,553,3871,3318
adjacent_subspace_turnover.csv,principal angle in degrees; see metric name for qualifiers.,float64,median_angle_degrees,88.3324488035656,24.30019860552099,553,3871,3318
adjacent_subspace_turnover.csv,Machine-readable analysis field; definition follows the literal field name and source table grain.,float64,median_canonical_correlation,0.9112281998336051,0.0291001494405513,553,3871,3318
adjacent_subspace_turnover.csv,principal angle in degrees; see metric name for qualifiers.,float64,minimum_angle_degrees,85.72863435468426,5.604916611044516,553,3871,3318
adjacent_subspace_turnover.csv,Machine-readable analysis field; definition follows the literal field name and source table grain.,float64,minimum_canonical_correlation,0.5036305103471109,1.0161247749051595e-06,553,3871,3318
adjacent_subspace_turnover.csv,normalized squared subspace overlap; see metric name for qualifiers.,float64,normalized_overlap,0.9999874526794372,0.0018321816872043,0,3871,3871
adjacent_subspace_turnover.csv,Subspace or truncation rank used by the metric.,int64,rank,64.0,16.0,0,3871,3
adjacent_subspace_turnover.csv,Machine-readable analysis field; definition follows the literal field name and source table grain.,object,side,,,0,3871,3
adjacent_subspace_turnover.csv,Machine-readable analysis field; definition follows the literal field name and source table grain.,int64,to_block,79.0,1.0,0,3871,79
array_catalog.csv,Machine-readable analysis field; definition follows the literal field name and source table grain.,object,array,,,0,5061,12
array_catalog.csv,Machine-readable analysis field; definition follows the literal field name and source table grain.,object,artifact,,,0,5061,567
array_catalog.csv,Machine-readable analysis field; definition follows the literal field name and source table grain.,int64,bytes_uncompressed,51200.0,8.0,0,5061,3
array_catalog.csv,Machine-readable analysis field; definition follows the literal field name and source table grain.,object,description,,,0,5061,1
array_catalog.csv,Machine-readable analysis field; definition follows the literal field name and source table grain.,object,dtype,,,0,5061,1
array_catalog.csv,Machine-readable analysis field; definition follows the literal field name and source table grain.,int64,elements,6400.0,1.0,0,5061,3
array_catalog.csv,Machine-readable analysis field; definition follows the literal field name and source table grain.,float64,maximum,37795.335714715504,0.0,0,5061,3809
array_catalog.csv,Machine-readable analysis field; definition follows the literal field name and source table grain.,float64,minimum,1.1198298721128512,-972.1564411474484,0,5061,3375
array_catalog.csv,Machine-readable analysis field; definition follows the literal field name and source table grain.,int64,nonfinite_count,0.0,0.0,0,5061,1
array_catalog.csv,Machine-readable analysis field; definition follows the literal field name and source table grain.,object,shape,,,0,5061,3
artifact_inventory.csv,Machine-readable analysis field; definition follows the literal field name and source table grain.,int64,bytes,9319528.0,143.0,0,596,400
artifact_inventory.csv,Machine-readable analysis field; definition follows the literal field name and source table grain.,object,kind,,,0,596,6
artifact_inventory.csv,Machine-readable analysis field; definition follows the literal field name and source table grain.,object,path,,,0,596,596
artifact_inventory.csv,Machine-readable analysis field; definition follows the literal field name and source table grain.,object,sha256,,,0,596,596
attention_head_distribution_summary.csv,Zero-based ESMC transformer block index.,int64,block,79.0,0.0,0,80,80
attention_head_distribution_summary.csv,normalized squared subspace overlap; see metric name for qualifiers.,float64,esmfold2_experimental_cutoff2025_layernorm_scaled_approximation_output_overlap__absolute_effective_count,39.998637317102265,39.118118885597006,0,80,80
attention_head_distribution_summary.csv,normalized squared subspace overlap; see metric name for qualifiers.,float64,esmfold2_experimental_cutoff2025_layernorm_scaled_approximation_output_overlap__absolute_entropy,3.688845386461197,3.6665857582639614,0,80,80
attention_head_distribution_summary.csv,normalized squared subspace overlap; see metric name for qualifiers.,float64,esmfold2_experimental_cutoff2025_layernorm_scaled_approximation_output_overlap__absolute_hhi,0.0263621260740964,0.0250017007525101,0,80,80
attention_head_distribution_summary.csv,normalized squared subspace overlap; see metric name for qualifiers.,int64,esmfold2_experimental_cutoff2025_layernorm_scaled_approximation_output_overlap__count,40.0,40.0,0,80,1
attention_head_distribution_summary.csv,normalized squared subspace overlap; see metric name for qualifiers.,float64,esmfold2_experimental_cutoff2025_layernorm_scaled_approximation_output_overlap__excess_kurtosis,25.953732553414245,-0.9041646328087324,0,80,80
attention_head_distribution_summary.csv,normalized squared subspace overlap; see metric name for qualifiers.,float64,esmfold2_experimental_cutoff2025_layernorm_scaled_approximation_output_overlap__gini_absolute,0.092965715121825,0.0045791965369521,0,80,80
attention_head_distribution_summary.csv,normalized squared subspace overlap; see metric name for qualifiers.,float64,esmfold2_experimental_cutoff2025_layernorm_scaled_approximation_output_overlap__maximum,0.2461878826813895,0.1017559411830543,0,80,80
attention_head_distribution_summary.csv,normalized squared subspace overlap; see metric name for qualifiers.,float64,esmfold2_experimental_cutoff2025_layernorm_scaled_approximation_output_overlap__mean,0.1163787096554771,0.0995620177123143,0,80,80
attention_head_distribution_summary.csv,normalized squared subspace overlap; see metric name for qualifiers.,float64,esmfold2_experimental_cutoff2025_layernorm_scaled_approximation_output_overlap__median,0.1137335477241928,0.0980258168232869,0,80,80
attention_head_distribution_summary.csv,normalized squared subspace overlap; see metric name for qualifiers.,float64,esmfold2_experimental_cutoff2025_layernorm_scaled_approximation_output_overlap__minimum,0.100269828286932,0.0894793462428477,0,80,80
attention_head_distribution_summary.csv,normalized squared subspace overlap; see metric name for qualifiers.,float64,esmfold2_experimental_cutoff2025_layernorm_scaled_approximation_output_overlap__q001,0.1002956842946013,0.0895262820979331,0,80,80
attention_head_distribution_summary.csv,normalized squared subspace overlap; see metric name for qualifiers.,float64,esmfold2_experimental_cutoff2025_layernorm_scaled_approximation_output_overlap__q01,0.1005283883636253,0.0899487047937021,0,80,80
attention_head_distribution_summary.csv,normalized squared subspace overlap; see metric name for qualifiers.,float64,esmfold2_experimental_cutoff2025_layernorm_scaled_approximation_output_overlap__q05,0.1010283125459162,0.0917097254198539,0,80,80
attention_head_distribution_summary.csv,normalized squared subspace overlap; see metric name for qualifiers.,float64,esmfold2_experimental_cutoff2025_layernorm_scaled_approximation_output_overlap__q25,0.103923606846275,0.0964450825509138,0,80,80
attention_head_distribution_summary.csv,normalized squared subspace overlap; see metric name for qualifiers.,float64,esmfold2_experimental_cutoff2025_layernorm_scaled_approximation_output_overlap__q75,0.1210883752360676,0.1001217574152423,0,80,80
attention_head_distribution_summary.csv,normalized squared subspace overlap; see metric name for qualifiers.,float64,esmfold2_experimental_cutoff2025_layernorm_scaled_approximation_output_overlap__q95,0.1526701808409616,0.1011868252081732,0,80,80
attention_head_distribution_summary.csv,normalized squared subspace overlap; see metric name for qualifiers.,float64,esmfold2_experimental_cutoff2025_layernorm_scaled_approximation_output_overlap__q99,0.220403810930612,0.1016177399513757,0,80,80
attention_head_distribution_summary.csv,normalized squared subspace overlap; see metric name for qualifiers.,float64,esmfold2_experimental_cutoff2025_layernorm_scaled_approximation_output_overlap__q999,0.2428671450224555,0.1017421210598864,0,80,80
attention_head_distribution_summary.csv,normalized squared subspace overlap; see metric name for qualifiers.,float64,esmfold2_experimental_cutoff2025_layernorm_scaled_approximation_output_overlap__skewness,4.971502850688507,-0.8275560191609642,0,80,80
attention_head_distribution_summary.csv,normalized squared subspace overlap; see metric name for qualifiers.,float64,esmfold2_experimental_cutoff2025_layernorm_scaled_approximation_output_overlap__standard_deviation,0.0263358245300421,0.0008324709954496,0,80,80
attention_head_distribution_summary.csv,normalized squared subspace overlap; see metric name for qualifiers.,float64,esmfold2_experimental_cutoff2025_layernorm_scaled_approximation_output_overlap__top1_share,0.0541691726135022,0.0254057557905607,0,80,80
attention_head_distribution_summary.csv,normalized squared subspace overlap; see metric name for qualifiers.,float64,esmfold2_experimental_cutoff2025_layernorm_scaled_approximation_output_overlap__top5_share,0.1860846149877118,0.1264998367697929,0,80,80
attention_head_distribution_summary.csv,normalized squared subspace overlap; see metric name for qualifiers.,float64,esmfold2_experimental_cutoff2025_raw_output_overlap__absolute_effective_count,39.99857317442004,39.121594649773925,0,80,80
attention_head_distribution_summary.csv,normalized squared subspace overlap; see metric name for qualifiers.,float64,esmfold2_experimental_cutoff2025_raw_output_overlap__absolute_entropy,3.688843782838225,3.6666746073668577,0,80,80
attention_head_distribution_summary.csv,normalized squared subspace overlap; see metric name for qualifiers.,float64,esmfold2_experimental_cutoff2025_raw_output_overlap__absolute_hhi,0.0263623855843063,0.0250017864609707,0,80,80
attention_head_distribution_summary.csv,normalized squared subspace overlap; see metric name for qualifiers.,int64,esmfold2_experimental_cutoff2025_raw_output_overlap__count,40.0,40.0,0,80,1
attention_head_distribution_summary.csv,normalized squared subspace overlap; see metric name for qualifiers.,float64,esmfold2_experimental_cutoff2025_raw_output_overlap__excess_kurtosis,25.951785537383675,-1.0536961433989889,0,80,80
attention_head_distribution_summary.csv,normalized squared subspace overlap; see metric name for qualifiers.,float64,esmfold2_experimental_cutoff2025_raw_output_overlap__gini_absolute,0.0923718076026363,0.0046800149272041,0,80,80
attention_head_distribution_summary.csv,normalized squared subspace overlap; see metric name for qualifiers.,float64,esmfold2_experimental_cutoff2025_raw_output_overlap__maximum,0.2470797033641365,0.102201715108016,0,80,80
attention_head_distribution_summary.csv,normalized squared subspace overlap; see metric name for qualifiers.,float64,esmfold2_experimental_cutoff2025_raw_output_overlap__mean,0.1166426036721063,0.0996527241644258,0,80,80
attention_head_distribution_summary.csv,normalized squared subspace overlap; see metric name for qualifiers.,float64,esmfold2_experimental_cutoff2025_raw_output_overlap__median,0.1139035718941045,0.0978471971510727,0,80,80
attention_head_distribution_summary.csv,normalized squared subspace overlap; see metric name for qualifiers.,float64,esmfold2_experimental_cutoff2025_raw_output_overlap__minimum,0.1001792661407171,0.0897879916391666,0,80,80
attention_head_distribution_summary.csv,normalized squared subspace overlap; see metric name for qualifiers.,float64,esmfold2_experimental_cutoff2025_raw_output_overlap__q001,0.1002070044201956,0.0898291014677549,0,80,80
attention_head_distribution_summary.csv,normalized squared subspace overlap; see metric name for qualifiers.,float64,esmfold2_experimental_cutoff2025_raw_output_overlap__q01,0.1004566489355022,0.0901990899250502,0,80,80
attention_head_distribution_summary.csv,normalized squared subspace overlap; see metric name for qualifiers.,float64,esmfold2_experimental_cutoff2025_raw_output_overlap__q05,0.1011366870838599,0.0917116954131489,0,80,80
attention_head_distribution_summary.csv,normalized squared subspace overlap; see metric name for qualifiers.,float64,esmfold2_experimental_cutoff2025_raw_output_overlap__q25,0.1040324862505881,0.0963465486999459,0,80,80
attention_head_distribution_summary.csv,normalized squared subspace overlap; see metric name for qualifiers.,float64,esmfold2_experimental_cutoff2025_raw_output_overlap__q75,0.1205025539114928,0.1002943878517414,0,80,80
attention_head_distribution_summary.csv,normalized squared subspace overlap; see metric name for qualifiers.,float64,esmfold2_experimental_cutoff2025_raw_output_overlap__q95,0.1541859125021099,0.101390107114559,0,80,80
attention_head_distribution_summary.csv,normalized squared subspace overlap; see metric name for qualifiers.,float64,esmfold2_experimental_cutoff2025_raw_output_overlap__q99,0.2209652891170334,0.1019592397018527,0,80,80
attention_head_distribution_summary.csv,normalized squared subspace overlap; see metric name for qualifiers.,float64,esmfold2_experimental_cutoff2025_raw_output_overlap__q999,0.2436758750433319,0.1021827333881526,0,80,80
attention_head_distribution_summary.csv,normalized squared subspace overlap; see metric name for qualifiers.,float64,esmfold2_experimental_cutoff2025_raw_output_overlap__skewness,4.97154189698789,-0.8856914466748723,0,80,80
attention_head_distribution_summary.csv,normalized squared subspace overlap; see metric name for qualifiers.,float64,esmfold2_experimental_cutoff2025_raw_output_overlap__standard_deviation,0.0263429241407275,0.0008533486997503,0,80,80
attention_head_distribution_summary.csv,normalized squared subspace overlap; see metric name for qualifiers.,float64,esmfold2_experimental_cutoff2025_raw_output_overlap__top1_share,0.054270185850955,0.0253796465009721,0,80,80
attention_head_distribution_summary.csv,normalized squared subspace overlap; see metric name for qualifiers.,float64,esmfold2_experimental_cutoff2025_raw_output_overlap__top5_share,0.1853246103295873,0.1264900505262683,0,80,80
attention_head_distribution_summary.csv,normalized squared subspace overlap; see metric name for qualifiers.,float64,esmfold2_experimental_fast_cutoff2025_layernorm_scaled_approximation_output_overlap__absolute_effective_count,39.99839075293207,38.93562204299803,0,80,80
attention_head_distribution_summary.csv,normalized squared subspace overlap; see metric name for qualifiers.,float64,esmfold2_experimental_fast_cutoff2025_layernorm_scaled_approximation_output_overlap__absolute_entropy,3.6888392221279434,3.661909565349202,0,80,80
attention_head_distribution_summary.csv,normalized squared subspace overlap; see metric name for qualifiers.,float64,esmfold2_experimental_fast_cutoff2025_layernorm_scaled_approximation_output_overlap__absolute_hhi,0.026671878690679,0.025002012389848,0,80,80
attention_head_distribution_summary.csv,normalized squared subspace overlap; see metric name for qualifiers.,int64,esmfold2_experimental_fast_cutoff2025_layernorm_scaled_approximation_output_overlap__count,40.0,40.0,0,80,1
attention_head_distribution_summary.csv,normalized squared subspace overlap; see metric name for qualifiers.,float64,esmfold2_experimental_fast_cutoff2025_layernorm_scaled_approximation_output_overlap__excess_kurtosis,26.456020623779064,-1.0247223771377512,0,80,80
attention_head_distribution_summary.csv,normalized squared subspace overlap; see metric name for qualifiers.,float64,esmfold2_experimental_fast_cutoff2025_layernorm_scaled_approximation_output_overlap__gini_absolute,0.1020098904296002,0.0051233539930684,0,80,80
attention_head_distribution_summary.csv,normalized squared subspace overlap; see metric name for qualifiers.,float64,esmfold2_experimental_fast_cutoff2025_layernorm_scaled_approximation_output_overlap__maximum,0.2629339166901403,0.1012555957439976,0,80,80
attention_head_distribution_summary.csv,normalized squared subspace overlap; see metric name for qualifiers.,float64,esmfold2_experimental_fast_cutoff2025_layernorm_scaled_approximation_output_overlap__mean,0.1190867309593333,0.0991180714974825,0,80,80
attention_head_distribution_summary.csv,normalized squared subspace overlap; see metric name for qualifiers.,float64,esmfold2_experimental_fast_cutoff2025_layernorm_scaled_approximation_output_overlap__median,0.1144465049386207,0.0980104932466401,0,80,80
attention_head_distribution_summary.csv,normalized squared subspace overlap; see metric name for qualifiers.,float64,esmfold2_experimental_fast_cutoff2025_layernorm_scaled_approximation_output_overlap__minimum,0.1001042408378476,0.0888479426463472,0,80,80
attention_head_distribution_summary.csv,normalized squared subspace overlap; see metric name for qualifiers.,float64,esmfold2_experimental_fast_cutoff2025_layernorm_scaled_approximation_output_overlap__q001,0.1001098948371273,0.0888993557621051,0,80,80
attention_head_distribution_summary.csv,normalized squared subspace overlap; see metric name for qualifiers.,float64,esmfold2_experimental_fast_cutoff2025_layernorm_scaled_approximation_output_overlap__q01,0.1001607808306453,0.0893620738039266,0,80,80
attention_head_distribution_summary.csv,normalized squared subspace overlap; see metric name for qualifiers.,float64,esmfold2_experimental_fast_cutoff2025_layernorm_scaled_approximation_output_overlap__q05,0.1019983394178052,0.0903464057550605,0,80,80
attention_head_distribution_summary.csv,normalized squared subspace overlap; see metric name for qualifiers.,float64,esmfold2_experimental_fast_cutoff2025_layernorm_scaled_approximation_output_overlap__q25,0.104138436278839,0.0961402228243151,0,80,80
attention_head_distribution_summary.csv,normalized squared subspace overlap; see metric name for qualifiers.,float64,esmfold2_experimental_fast_cutoff2025_layernorm_scaled_approximation_output_overlap__q75,0.1243706941616382,0.0998026927888422,0,80,80
attention_head_distribution_summary.csv,normalized squared subspace overlap; see metric name for qualifiers.,float64,esmfold2_experimental_fast_cutoff2025_layernorm_scaled_approximation_output_overlap__q95,0.1569646177186215,0.1003587617825739,0,80,80
attention_head_distribution_summary.csv,normalized squared subspace overlap; see metric name for qualifiers.,float64,esmfold2_experimental_fast_cutoff2025_layernorm_scaled_approximation_output_overlap__q99,0.2353594342836636,0.1009626828796119,0,80,80
attention_head_distribution_summary.csv,normalized squared subspace overlap; see metric name for qualifiers.,float64,esmfold2_experimental_fast_cutoff2025_layernorm_scaled_approximation_output_overlap__q999,0.2592930754780254,0.101226304457559,0,80,80
attention_head_distribution_summary.csv,normalized squared subspace overlap; see metric name for qualifiers.,float64,esmfold2_experimental_fast_cutoff2025_layernorm_scaled_approximation_output_overlap__skewness,5.037320781307814,-0.7501398076389195,0,80,80
attention_head_distribution_summary.csv,normalized squared subspace overlap; see metric name for qualifiers.,float64,esmfold2_experimental_fast_cutoff2025_layernorm_scaled_approximation_output_overlap__standard_deviation,0.0295790070012979,0.0008956158191839,0,80,80
attention_head_distribution_summary.csv,normalized squared subspace overlap; see metric name for qualifiers.,float64,esmfold2_experimental_fast_cutoff2025_layernorm_scaled_approximation_output_overlap__top1_share,0.0564021900947388,0.0254121227539921,0,80,80
attention_head_distribution_summary.csv,normalized squared subspace overlap; see metric name for qualifiers.,float64,esmfold2_experimental_fast_cutoff2025_layernorm_scaled_approximation_output_overlap__top5_share,0.1924895507754251,0.1267398674823687,0,80,80
attention_head_distribution_summary.csv,normalized squared subspace overlap; see metric name for qualifiers.,float64,esmfold2_experimental_fast_cutoff2025_raw_output_overlap__absolute_effective_count,39.99845950980755,38.94991114663715,0,80,80
attention_head_distribution_summary.csv,normalized squared subspace overlap; see metric name for qualifiers.,float64,esmfold2_experimental_fast_cutoff2025_raw_output_overlap__absolute_entropy,3.688840941117509,3.662276491098164,0,80,80
attention_head_distribution_summary.csv,normalized squared subspace overlap; see metric name for qualifiers.,float64,esmfold2_experimental_fast_cutoff2025_raw_output_overlap__absolute_hhi,0.0266527981286855,0.0250019274834904,0,80,80
attention_head_distribution_summary.csv,normalized squared subspace overlap; see metric name for qualifiers.,int64,esmfold2_experimental_fast_cutoff2025_raw_output_overlap__count,40.0,40.0,0,80,1
attention_head_distribution_summary.csv,normalized squared subspace overlap; see metric name for qualifiers.,float64,esmfold2_experimental_fast_cutoff2025_raw_output_overlap__excess_kurtosis,26.444732785289137,-1.0352922655326782,0,80,80
attention_head_distribution_summary.csv,normalized squared subspace overlap; see metric name for qualifiers.,float64,esmfold2_experimental_fast_cutoff2025_raw_output_overlap__gini_absolute,0.1012754736846412,0.0049829196753397,0,80,80
attention_head_distribution_summary.csv,normalized squared subspace overlap; see metric name for qualifiers.,float64,esmfold2_experimental_fast_cutoff2025_raw_output_overlap__maximum,0.2634190562298227,0.1015677195649594,0,80,80
attention_head_distribution_summary.csv,normalized squared subspace overlap; see metric name for qualifiers.,float64,esmfold2_experimental_fast_cutoff2025_raw_output_overlap__mean,0.119240557975219,0.0995076073415569,0,80,80
attention_head_distribution_summary.csv,normalized squared subspace overlap; see metric name for qualifiers.,float64,esmfold2_experimental_fast_cutoff2025_raw_output_overlap__median,0.1147548462706444,0.0980031474195271,0,80,80
attention_head_distribution_summary.csv,normalized squared subspace overlap; see metric name for qualifiers.,float64,esmfold2_experimental_fast_cutoff2025_raw_output_overlap__minimum,0.100025867656666,0.0896305385464302,0,80,80
attention_head_distribution_summary.csv,normalized squared subspace overlap; see metric name for qualifiers.,float64,esmfold2_experimental_fast_cutoff2025_raw_output_overlap__q001,0.1000296780494384,0.0896618463082221,0,80,80
attention_head_distribution_summary.csv,normalized squared subspace overlap; see metric name for qualifiers.,float64,esmfold2_experimental_fast_cutoff2025_raw_output_overlap__q01,0.1000639715843904,0.0899436161643491,0,80,80
attention_head_distribution_summary.csv,normalized squared subspace overlap; see metric name for qualifiers.,float64,esmfold2_experimental_fast_cutoff2025_raw_output_overlap__q05,0.1019851908418842,0.0906354813515668,0,80,80
attention_head_distribution_summary.csv,normalized squared subspace overlap; see metric name for qualifiers.,float64,esmfold2_experimental_fast_cutoff2025_raw_output_overlap__q25,0.104294458369728,0.0963273631848551,0,80,80
attention_head_distribution_summary.csv,normalized squared subspace overlap; see metric name for qualifiers.,float64,esmfold2_experimental_fast_cutoff2025_raw_output_overlap__q75,0.1243393812459659,0.1002342105864482,0,80,80
attention_head_distribution_summary.csv,normalized squared subspace overlap; see metric name for qualifiers.,float64,esmfold2_experimental_fast_cutoff2025_raw_output_overlap__q95,0.1580089212583288,0.1007785305539227,0,80,80
attention_head_distribution_summary.csv,normalized squared subspace overlap; see metric name for qualifiers.,float64,esmfold2_experimental_fast_cutoff2025_raw_output_overlap__q99,0.2349185224689345,0.1012806005116415,0,80,80
attention_head_distribution_summary.csv,normalized squared subspace overlap; see metric name for qualifiers.,float64,esmfold2_experimental_fast_cutoff2025_raw_output_overlap__q999,0.2596904630007152,0.1015390076596276,0,80,80
attention_head_distribution_summary.csv,normalized squared subspace overlap; see metric name for qualifiers.,float64,esmfold2_experimental_fast_cutoff2025_raw_output_overlap__skewness,5.03434030930882,-0.7913745275287706,0,80,80
attention_head_distribution_summary.csv,normalized squared subspace overlap; see metric name for qualifiers.,float64,esmfold2_experimental_fast_cutoff2025_raw_output_overlap__standard_deviation,0.0293910127036407,0.0008771789035028,0,80,80
attention_head_distribution_summary.csv,normalized squared subspace overlap; see metric name for qualifiers.,float64,esmfold2_experimental_fast_cutoff2025_raw_output_overlap__top1_share,0.0564592183585449,0.025405748789077,0,80,80
attention_head_distribution_summary.csv,normalized squared subspace overlap; see metric name for qualifiers.,float64,esmfold2_experimental_fast_cutoff2025_raw_output_overlap__top5_share,0.1915767648436695,0.1267186414290207,0,80,80
attention_head_distribution_summary.csv,normalized squared subspace overlap; see metric name for qualifiers.,float64,esmfold2_fast_layernorm_scaled_approximation_output_overlap__absolute_effective_count,39.99864369785493,39.08820989146618,0,80,80
attention_head_distribution_summary.csv,normalized squared subspace overlap; see metric name for qualifiers.,float64,esmfold2_fast_layernorm_scaled_approximation_output_overlap__absolute_entropy,3.6888455459854352,3.665820884217151,0,80,80
attention_head_distribution_summary.csv,normalized squared subspace overlap; see metric name for qualifiers.,float64,esmfold2_fast_layernorm_scaled_approximation_output_overlap__absolute_hhi,0.0264177220352583,0.0250016942922532,0,80,80
attention_head_distribution_summary.csv,normalized squared subspace overlap; see metric name for qualifiers.,int64,esmfold2_fast_layernorm_scaled_approximation_output_overlap__count,40.0,40.0,0,80,1
attention_head_distribution_summary.csv,normalized squared subspace overlap; see metric name for qualifiers.,float64,esmfold2_fast_layernorm_scaled_approximation_output_overlap__excess_kurtosis,26.819252876418453,-1.077462698554996,0,80,80
attention_head_distribution_summary.csv,normalized squared subspace overlap; see metric name for qualifiers.,float64,esmfold2_fast_layernorm_scaled_approximation_output_overlap__gini_absolute,0.0920801169431451,0.0046165826847563,0,80,80
attention_head_distribution_summary.csv,normalized squared subspace overlap; see metric name for qualifiers.,float64,esmfold2_fast_layernorm_scaled_approximation_output_overlap__maximum,0.2461007942480565,0.1009555368416692,0,80,80
attention_head_distribution_summary.csv,normalized squared subspace overlap; see metric name for qualifiers.,float64,esmfold2_fast_layernorm_scaled_approximation_output_overlap__mean,0.1162434633757818,0.0990758104647157,0,80,80
attention_head_distribution_summary.csv,normalized squared subspace overlap; see metric name for qualifiers.,float64,esmfold2_fast_layernorm_scaled_approximation_output_overlap__median,0.113829583574822,0.0981812535149082,0,80,80
attention_head_distribution_summary.csv,normalized squared subspace overlap; see metric name for qualifiers.,float64,esmfold2_fast_layernorm_scaled_approximation_output_overlap__minimum,0.1001202565820093,0.0891083048115599,0,80,80
attention_head_distribution_summary.csv,normalized squared subspace overlap; see metric name for qualifiers.,float64,esmfold2_fast_layernorm_scaled_approximation_output_overlap__q001,0.1001392583299183,0.089162343630673,0,80,80
attention_head_distribution_summary.csv,normalized squared subspace overlap; see metric name for qualifiers.,float64,esmfold2_fast_layernorm_scaled_approximation_output_overlap__q01,0.1003102740610999,0.0896486930026911,0,80,80
attention_head_distribution_summary.csv,normalized squared subspace overlap; see metric name for qualifiers.,float64,esmfold2_fast_layernorm_scaled_approximation_output_overlap__q05,0.1008537647429844,0.0910791367419435,0,80,80
attention_head_distribution_summary.csv,normalized squared subspace overlap; see metric name for qualifiers.,float64,esmfold2_fast_layernorm_scaled_approximation_output_overlap__q25,0.1044036590416753,0.0974234686921916,0,80,80
attention_head_distribution_summary.csv,normalized squared subspace overlap; see metric name for qualifiers.,float64,esmfold2_fast_layernorm_scaled_approximation_output_overlap__q75,0.1196133690340961,0.099844448603741,0,80,80
attention_head_distribution_summary.csv,normalized squared subspace overlap; see metric name for qualifiers.,float64,esmfold2_fast_layernorm_scaled_approximation_output_overlap__q95,0.1539241276246998,0.100899427591017,0,80,80
attention_head_distribution_summary.csv,normalized squared subspace overlap; see metric name for qualifiers.,float64,esmfold2_fast_layernorm_scaled_approximation_output_overlap__q99,0.2222589715904881,0.1009343109238802,0,80,80
attention_head_distribution_summary.csv,normalized squared subspace overlap; see metric name for qualifiers.,float64,esmfold2_fast_layernorm_scaled_approximation_output_overlap__q999,0.2427601991407942,0.1009534142498903,0,80,80
attention_head_distribution_summary.csv,normalized squared subspace overlap; see metric name for qualifiers.,float64,esmfold2_fast_layernorm_scaled_approximation_output_overlap__skewness,5.076718520384382,-0.5618221707578874,0,80,80
attention_head_distribution_summary.csv,normalized squared subspace overlap; see metric name for qualifiers.,float64,esmfold2_fast_layernorm_scaled_approximation_output_overlap__standard_deviation,0.0266737912837328,0.0008296382867953,0,80,80
attention_head_distribution_summary.csv,normalized squared subspace overlap; see metric name for qualifiers.,float64,esmfold2_fast_layernorm_scaled_approximation_output_overlap__top1_share,0.0542973857988149,0.0253963438132297,0,80,80
attention_head_distribution_summary.csv,normalized squared subspace overlap; see metric name for qualifiers.,float64,esmfold2_fast_layernorm_scaled_approximation_output_overlap__top5_share,0.1867000163553242,0.1266199684672684,0,80,80
attention_head_distribution_summary.csv,normalized squared subspace overlap; see metric name for qualifiers.,float64,esmfold2_fast_raw_output_overlap__absolute_effective_count,39.998626025853206,39.1090497072247,0,80,80
attention_head_distribution_summary.csv,normalized squared subspace overlap; see metric name for qualifiers.,float64,esmfold2_fast_raw_output_overlap__absolute_entropy,3.688845104170314,3.6663538905234807,0,80,80
attention_head_distribution_summary.csv,normalized squared subspace overlap; see metric name for qualifiers.,float64,esmfold2_fast_raw_output_overlap__absolute_hhi,0.0263866375781181,0.0250017164562742,0,80,80
attention_head_distribution_summary.csv,normalized squared subspace overlap; see metric name for qualifiers.,int64,esmfold2_fast_raw_output_overlap__count,40.0,40.0,0,80,1
attention_head_distribution_summary.csv,normalized squared subspace overlap; see metric name for qualifiers.,float64,esmfold2_fast_raw_output_overlap__excess_kurtosis,26.954077914395164,-1.074290312907462,0,80,80
attention_head_distribution_summary.csv,normalized squared subspace overlap; see metric name for qualifiers.,float64,esmfold2_fast_raw_output_overlap__gini_absolute,0.090139248162439,0.004600522252355,0,80,80
attention_head_distribution_summary.csv,normalized squared subspace overlap; see metric name for qualifiers.,float64,esmfold2_fast_raw_output_overlap__maximum,0.2451573075635006,0.1013780628229276,0,80,80
attention_head_distribution_summary.csv,normalized squared subspace overlap; see metric name for qualifiers.,float64,esmfold2_fast_raw_output_overlap__mean,0.1163420892678298,0.0994783771405002,0,80,80
attention_head_distribution_summary.csv,normalized squared subspace overlap; see metric name for qualifiers.,float64,esmfold2_fast_raw_output_overlap__median,0.1139895246549952,0.0983769919229314,0,80,80
attention_head_distribution_summary.csv,normalized squared subspace overlap; see metric name for qualifiers.,float64,esmfold2_fast_raw_output_overlap__minimum,0.1003669925337425,0.0893264390854179,0,80,80
attention_head_distribution_summary.csv,normalized squared subspace overlap; see metric name for qualifiers.,float64,esmfold2_fast_raw_output_overlap__q001,0.1003699104841798,0.0894118932318714,0,80,80
attention_head_distribution_summary.csv,normalized squared subspace overlap; see metric name for qualifiers.,float64,esmfold2_fast_raw_output_overlap__q01,0.1003961720381159,0.0901809805499531,0,80,80
attention_head_distribution_summary.csv,normalized squared subspace overlap; see metric name for qualifiers.,float64,esmfold2_fast_raw_output_overlap__q05,0.1008146746884501,0.0915721518631243,0,80,80
attention_head_distribution_summary.csv,normalized squared subspace overlap; see metric name for qualifiers.,float64,esmfold2_fast_raw_output_overlap__q25,0.1045424462181028,0.0975228815749079,0,80,80
attention_head_distribution_summary.csv,normalized squared subspace overlap; see metric name for qualifiers.,float64,esmfold2_fast_raw_output_overlap__q75,0.1194031409016894,0.1001102547524129,0,80,80
attention_head_distribution_summary.csv,normalized squared subspace overlap; see metric name for qualifiers.,float64,esmfold2_fast_raw_output_overlap__q95,0.1545724917270002,0.1009077828927089,0,80,80
attention_head_distribution_summary.csv,normalized squared subspace overlap; see metric name for qualifiers.,float64,esmfold2_fast_raw_output_overlap__q99,0.2211787659774621,0.1013131555948235,0,80,80
attention_head_distribution_summary.csv,normalized squared subspace overlap; see metric name for qualifiers.,float64,esmfold2_fast_raw_output_overlap__q999,0.2417694388654053,0.1013715721001172,0,80,80
attention_head_distribution_summary.csv,normalized squared subspace overlap; see metric name for qualifiers.,float64,esmfold2_fast_raw_output_overlap__skewness,5.092201617677628,-0.565492520549784,0,80,80
attention_head_distribution_summary.csv,normalized squared subspace overlap; see metric name for qualifiers.,float64,esmfold2_fast_raw_output_overlap__standard_deviation,0.0263498388717754,0.0008366969767494,0,80,80
attention_head_distribution_summary.csv,normalized squared subspace overlap; see metric name for qualifiers.,float64,esmfold2_fast_raw_output_overlap__top1_share,0.054058912571142,0.0254039895154615,0,80,80
attention_head_distribution_summary.csv,normalized squared subspace overlap; see metric name for qualifiers.,float64,esmfold2_fast_raw_output_overlap__top5_share,0.185393241001054,0.1265662985442098,0,80,80
attention_head_distribution_summary.csv,normalized squared subspace overlap; see metric name for qualifiers.,float64,esmfold2_layernorm_scaled_approximation_output_overlap__absolute_effective_count,39.99882885896435,39.235734754781085,0,80,80
attention_head_distribution_summary.csv,normalized squared subspace overlap; see metric name for qualifiers.,float64,esmfold2_layernorm_scaled_approximation_output_overlap__absolute_entropy,3.6888501751594207,3.6695879324279455,0,80,80
attention_head_distribution_summary.csv,normalized squared subspace overlap; see metric name for qualifiers.,float64,esmfold2_layernorm_scaled_approximation_output_overlap__absolute_hhi,0.0261702038576328,0.0250014648568298,0,80,80
attention_head_distribution_summary.csv,normalized squared subspace overlap; see metric name for qualifiers.,int64,esmfold2_layernorm_scaled_approximation_output_overlap__count,40.0,40.0,0,80,1
attention_head_distribution_summary.csv,normalized squared subspace overlap; see metric name for qualifiers.,float64,esmfold2_layernorm_scaled_approximation_output_overlap__excess_kurtosis,27.721821871472205,-1.2495613769284497,0,80,80
attention_head_distribution_summary.csv,normalized squared subspace overlap; see metric name for qualifiers.,float64,esmfold2_layernorm_scaled_approximation_output_overlap__gini_absolute,0.0812539563207228,0.0043566913776798,0,80,80
attention_head_distribution_summary.csv,normalized squared subspace overlap; see metric name for qualifiers.,float64,esmfold2_layernorm_scaled_approximation_output_overlap__maximum,0.2318087748082453,0.1017165771369979,0,80,80
attention_head_distribution_summary.csv,normalized squared subspace overlap; see metric name for qualifiers.,float64,esmfold2_layernorm_scaled_approximation_output_overlap__mean,0.1140181035014186,0.0991710908890182,0,80,80
attention_head_distribution_summary.csv,normalized squared subspace overlap; see metric name for qualifiers.,float64,esmfold2_layernorm_scaled_approximation_output_overlap__median,0.1119608796234393,0.0990217234319149,0,80,80
attention_head_distribution_summary.csv,normalized squared subspace overlap; see metric name for qualifiers.,float64,esmfold2_layernorm_scaled_approximation_output_overlap__minimum,0.1007786442624227,0.0901374379446403,0,80,80
attention_head_distribution_summary.csv,normalized squared subspace overlap; see metric name for qualifiers.,float64,esmfold2_layernorm_scaled_approximation_output_overlap__q001,0.1007861026967909,0.0901588043548682,0,80,80
attention_head_distribution_summary.csv,normalized squared subspace overlap; see metric name for qualifiers.,float64,esmfold2_layernorm_scaled_approximation_output_overlap__q01,0.1008532286061053,0.0903511020469197,0,80,80
attention_head_distribution_summary.csv,normalized squared subspace overlap; see metric name for qualifiers.,float64,esmfold2_layernorm_scaled_approximation_output_overlap__q05,0.1009749025193637,0.0907458093258285,0,80,80
attention_head_distribution_summary.csv,normalized squared subspace overlap; see metric name for qualifiers.,float64,esmfold2_layernorm_scaled_approximation_output_overlap__q25,0.1041522168294627,0.0976408167495797,0,80,80
attention_head_distribution_summary.csv,normalized squared subspace overlap; see metric name for qualifiers.,float64,esmfold2_layernorm_scaled_approximation_output_overlap__q75,0.1163869434549755,0.0997404376067479,0,80,80
attention_head_distribution_summary.csv,normalized squared subspace overlap; see metric name for qualifiers.,float64,esmfold2_layernorm_scaled_approximation_output_overlap__q95,0.1471297624439096,0.1011249011205062,0,80,80
attention_head_distribution_summary.csv,normalized squared subspace overlap; see metric name for qualifiers.,float64,esmfold2_layernorm_scaled_approximation_output_overlap__q99,0.2079085274695542,0.1016123862039064,0,80,80
attention_head_distribution_summary.csv,normalized squared subspace overlap; see metric name for qualifiers.,float64,esmfold2_layernorm_scaled_approximation_output_overlap__q999,0.2288286437486344,0.1017061580436887,0,80,80
attention_head_distribution_summary.csv,normalized squared subspace overlap; see metric name for qualifiers.,float64,esmfold2_layernorm_scaled_approximation_output_overlap__skewness,5.191676860570055,-0.7753965623514364,0,80,80
attention_head_distribution_summary.csv,normalized squared subspace overlap; see metric name for qualifiers.,float64,esmfold2_layernorm_scaled_approximation_output_overlap__standard_deviation,0.0237733643267655,0.0007668116380643,0,80,80
attention_head_distribution_summary.csv,normalized squared subspace overlap; see metric name for qualifiers.,float64,esmfold2_layernorm_scaled_approximation_output_overlap__top1_share,0.0522919200647779,0.025390359266295,0,80,80
attention_head_distribution_summary.csv,normalized squared subspace overlap; see metric name for qualifiers.,float64,esmfold2_layernorm_scaled_approximation_output_overlap__top5_share,0.1819290332852381,0.1266264949868876,0,80,80
attention_head_distribution_summary.csv,normalized squared subspace overlap; see metric name for qualifiers.,float64,esmfold2_raw_output_overlap__absolute_effective_count,39.99865475149086,39.255646415001,0,80,80
attention_head_distribution_summary.csv,normalized squared subspace overlap; see metric name for qualifiers.,float64,esmfold2_raw_output_overlap__absolute_entropy,3.688845822335666,3.670095291588922,0,80,80
attention_head_distribution_summary.csv,normalized squared subspace overlap; see metric name for qualifiers.,float64,esmfold2_raw_output_overlap__absolute_hhi,0.0261402432351569,0.0250016830504872,0,80,80
attention_head_distribution_summary.csv,normalized squared subspace overlap; see metric name for qualifiers.,int64,esmfold2_raw_output_overlap__count,40.0,40.0,0,80,1
attention_head_distribution_summary.csv,normalized squared subspace overlap; see metric name for qualifiers.,float64,esmfold2_raw_output_overlap__excess_kurtosis,27.64987178091288,-1.2834665039916235,0,80,80
attention_head_distribution_summary.csv,normalized squared subspace overlap; see metric name for qualifiers.,float64,esmfold2_raw_output_overlap__gini_absolute,0.0793803025967283,0.004656477820023,0,80,80
attention_head_distribution_summary.csv,normalized squared subspace overlap; see metric name for qualifiers.,float64,esmfold2_raw_output_overlap__maximum,0.2310041047991525,0.1016661095727448,0,80,80
attention_head_distribution_summary.csv,normalized squared subspace overlap; see metric name for qualifiers.,float64,esmfold2_raw_output_overlap__mean,0.1142497431099874,0.0998046237960075,0,80,80
attention_head_distribution_summary.csv,normalized squared subspace overlap; see metric name for qualifiers.,float64,esmfold2_raw_output_overlap__median,0.1121158032974905,0.0990582933424666,0,80,80
attention_head_distribution_summary.csv,normalized squared subspace overlap; see metric name for qualifiers.,float64,esmfold2_raw_output_overlap__minimum,0.1004213345474072,0.090773488312804,0,80,80
attention_head_distribution_summary.csv,normalized squared subspace overlap; see metric name for qualifiers.,float64,esmfold2_raw_output_overlap__q001,0.1004410681014842,0.0907758629444528,0,80,80
attention_head_distribution_summary.csv,normalized squared subspace overlap; see metric name for qualifiers.,float64,esmfold2_raw_output_overlap__q01,0.1006186700881778,0.090797234629292,0,80,80
attention_head_distribution_summary.csv,normalized squared subspace overlap; see metric name for qualifiers.,float64,esmfold2_raw_output_overlap__q05,0.1010508874876029,0.0910556529268215,0,80,80
attention_head_distribution_summary.csv,normalized squared subspace overlap; see metric name for qualifiers.,float64,esmfold2_raw_output_overlap__q25,0.1042860565648784,0.0976493814413065,0,80,80
attention_head_distribution_summary.csv,normalized squared subspace overlap; see metric name for qualifiers.,float64,esmfold2_raw_output_overlap__q75,0.1160809301433927,0.1003578895444475,0,80,80
attention_head_distribution_summary.csv,normalized squared subspace overlap; see metric name for qualifiers.,float64,esmfold2_raw_output_overlap__q95,0.1478780175874653,0.1013775439290418,0,80,80
attention_head_distribution_summary.csv,normalized squared subspace overlap; see metric name for qualifiers.,float64,esmfold2_raw_output_overlap__q99,0.2068945174180111,0.1016221214451172,0,80,80
attention_head_distribution_summary.csv,normalized squared subspace overlap; see metric name for qualifiers.,float64,esmfold2_raw_output_overlap__q999,0.2279786261261883,0.101661710759982,0,80,80
attention_head_distribution_summary.csv,normalized squared subspace overlap; see metric name for qualifiers.,float64,esmfold2_raw_output_overlap__skewness,5.181634878160748,-0.8875757222666913,0,80,80
attention_head_distribution_summary.csv,normalized squared subspace overlap; see metric name for qualifiers.,float64,esmfold2_raw_output_overlap__standard_deviation,0.0234581877110388,0.0008216833820797,0,80,80
attention_head_distribution_summary.csv,normalized squared subspace overlap; see metric name for qualifiers.,float64,esmfold2_raw_output_overlap__top1_share,0.0520590510199315,0.0253594058082969,0,80,80
attention_head_distribution_summary.csv,normalized squared subspace overlap; see metric name for qualifiers.,float64,esmfold2_raw_output_overlap__top5_share,0.1805733678830208,0.1265987550846859,0,80,80
attention_head_distribution_summary.csv,entropy-based effective rank; see metric name for qualifiers.,float64,k_effective_rank__absolute_effective_count,39.94453709870373,37.72739174428423,0,80,80
attention_head_distribution_summary.csv,entropy-based effective rank; see metric name for qualifiers.,float64,k_effective_rank__absolute_entropy,3.68749191940031,3.630386402095127,0,80,80
attention_head_distribution_summary.csv,entropy-based effective rank; see metric name for qualifiers.,float64,k_effective_rank__absolute_hhi,0.0283730248902163,0.0250667187963117,0,80,80
attention_head_distribution_summary.csv,entropy-based effective rank; see metric name for qualifiers.,int64,k_effective_rank__count,40.0,40.0,0,80,1
attention_head_distribution_summary.csv,entropy-based effective rank; see metric name for qualifiers.,float64,k_effective_rank__excess_kurtosis,29.18288675818388,-1.4509067997098846,0,80,80
attention_head_distribution_summary.csv,entropy-based effective rank; see metric name for qualifiers.,float64,k_effective_rank__gini_absolute,0.1908666802302385,0.0167286749928001,0,80,80
attention_head_distribution_summary.csv,entropy-based effective rank; see metric name for qualifiers.,float64,k_effective_rank__maximum,63.02780079901552,22.67450681439704,0,80,80
attention_head_distribution_summary.csv,entropy-based effective rank; see metric name for qualifiers.,float64,k_effective_rank__mean,61.668522725623504,10.949095764898708,0,80,80
attention_head_distribution_summary.csv,entropy-based effective rank; see metric name for qualifiers.,float64,k_effective_rank__median,62.708309037729165,10.724572619767276,0,80,80
attention_head_distribution_summary.csv,entropy-based effective rank; see metric name for qualifiers.,float64,k_effective_rank__minimum,48.76141595335066,6.38724617947585,0,80,80
attention_head_distribution_summary.csv,entropy-based effective rank; see metric name for qualifiers.,float64,k_effective_rank__q001,48.815856116741095,6.398048352010564,0,80,80
attention_head_distribution_summary.csv,entropy-based effective rank; see metric name for qualifiers.,float64,k_effective_rank__q01,49.30581758725508,6.4952679048229855,0,80,80
attention_head_distribution_summary.csv,entropy-based effective rank; see metric name for qualifiers.,float64,k_effective_rank__q05,59.109085041934,6.702436367649999,0,80,80
attention_head_distribution_summary.csv,entropy-based effective rank; see metric name for qualifiers.,float64,k_effective_rank__q25,62.410650252788,8.503539872549055,0,80,80
attention_head_distribution_summary.csv,entropy-based effective rank; see metric name for qualifiers.,float64,k_effective_rank__q75,62.877633541637465,12.826106734721204,0,80,80
attention_head_distribution_summary.csv,entropy-based effective rank; see metric name for qualifiers.,float64,k_effective_rank__q95,62.9984313941231,15.06983754352272,0,80,80
attention_head_distribution_summary.csv,entropy-based effective rank; see metric name for qualifiers.,float64,k_effective_rank__q99,63.00460629052572,21.522687473489267,0,80,80
attention_head_distribution_summary.csv,entropy-based effective rank; see metric name for qualifiers.,float64,k_effective_rank__q999,63.02448907627088,22.55932488030626,0,80,80
attention_head_distribution_summary.csv,entropy-based effective rank; see metric name for qualifiers.,float64,k_effective_rank__skewness,2.422817559004128,-5.4045672627333845,0,80,80
attention_head_distribution_summary.csv,entropy-based effective rank; see metric name for qualifiers.,float64,k_effective_rank__standard_deviation,13.30989408063824,3.0857694658694825,0,80,80
attention_head_distribution_summary.csv,entropy-based effective rank; see metric name for qualifiers.,float64,k_effective_rank__top1_share,0.0586680302358779,0.0255187706959942,0,80,80
attention_head_distribution_summary.csv,entropy-based effective rank; see metric name for qualifiers.,float64,k_effective_rank__top5_share,0.2221496410830178,0.1275470695010775,0,80,80
attention_head_distribution_summary.csv,Frobenius; see metric name for qualifiers.,float64,k_frobenius_norm__absolute_effective_count,39.99884785954632,39.23013617549036,0,80,80
attention_head_distribution_summary.csv,Frobenius; see metric name for qualifiers.,float64,k_frobenius_norm__absolute_entropy,3.688850650187765,3.66944523142345,0,80,80
attention_head_distribution_summary.csv,Frobenius; see metric name for qualifiers.,float64,k_frobenius_norm__absolute_hhi,0.025937593030015,0.0250014460950887,0,80,80
attention_head_distribution_summary.csv,Frobenius; see metric name for qualifiers.,int64,k_frobenius_norm__count,40.0,40.0,0,80,1
attention_head_distribution_summary.csv,Frobenius; see metric name for qualifiers.,float64,k_frobenius_norm__excess_kurtosis,33.07284704876722,-1.153572903927431,0,80,80
attention_head_distribution_summary.csv,Frobenius; see metric name for qualifiers.,float64,k_frobenius_norm__gini_absolute,0.1082936868029167,0.0037796337869646,0,80,80
attention_head_distribution_summary.csv,Frobenius; see metric name for qualifiers.,float64,k_frobenius_norm__maximum,35.44750930529493,5.228552745445471,0,80,80
attention_head_distribution_summary.csv,Frobenius; see metric name for qualifiers.,float64,k_frobenius_norm__mean,17.791829690872575,3.9443530888433775,0,80,80
attention_head_distribution_summary.csv,Frobenius; see metric name for qualifiers.,float64,k_frobenius_norm__median,17.402047298857546,3.987074298888409,0,80,80
attention_head_distribution_summary.csv,Frobenius; see metric name for qualifiers.,float64,k_frobenius_norm__minimum,17.292234487926514,2.658489756988056,0,80,80
attention_head_distribution_summary.csv,Frobenius; see metric name for qualifiers.,float64,k_frobenius_norm__q001,17.292660389054316,2.6664867183155283,0,80,80
attention_head_distribution_summary.csv,Frobenius; see metric name for qualifiers.,float64,k_frobenius_norm__q01,17.296493499204516,2.738459370262776,0,80,80
attention_head_distribution_summary.csv,Frobenius; see metric name for qualifiers.,float64,k_frobenius_norm__q05,17.304235616868084,3.114955642372541,0,80,80
attention_head_distribution_summary.csv,Frobenius; see metric name for qualifiers.,float64,k_frobenius_norm__q25,17.367610376770543,3.568998225699167,0,80,80
attention_head_distribution_summary.csv,Frobenius; see metric name for qualifiers.,float64,k_frobenius_norm__q75,17.733818304414076,4.317497477749274,0,80,80
attention_head_distribution_summary.csv,Frobenius; see metric name for qualifiers.,float64,k_frobenius_norm__q95,24.91355815235746,4.776630391902931,0,80,80
attention_head_distribution_summary.csv,Frobenius; see metric name for qualifiers.,float64,k_frobenius_norm__q99,28.784696592610203,5.163343311473768,0,80,80
attention_head_distribution_summary.csv,Frobenius; see metric name for qualifiers.,float64,k_frobenius_norm__q999,34.781228034026434,5.222031802048301,0,80,80
attention_head_distribution_summary.csv,Frobenius; see metric name for qualifiers.,float64,k_frobenius_norm__skewness,5.838207828598247,-1.3781868247844,0,80,80
attention_head_distribution_summary.csv,Frobenius; see metric name for qualifiers.,float64,k_frobenius_norm__standard_deviation,2.902964072428702,0.1298541594270556,0,80,80
attention_head_distribution_summary.csv,Frobenius; see metric name for qualifiers.,float64,k_frobenius_norm__top1_share,0.0504764105044355,0.0258252670588988,0,80,80
attention_head_distribution_summary.csv,Frobenius; see metric name for qualifiers.,float64,k_frobenius_norm__top5_share,0.167104170353232,0.1264731272400038,0,80,80
attention_head_distribution_summary.csv,spectral; see metric name for qualifiers.,float64,k_spectral_norm__absolute_effective_count,39.851423319792254,36.35237758412311,0,80,80
attention_head_distribution_summary.csv,spectral; see metric name for qualifiers.,float64,k_spectral_norm__absolute_entropy,3.685158121531696,3.5932596099319323,0,80,80
attention_head_distribution_summary.csv,spectral; see metric name for qualifiers.,float64,k_spectral_norm__absolute_hhi,0.0320587018831527,0.0251877784168877,0,80,80
attention_head_distribution_summary.csv,spectral; see metric name for qualifiers.,int64,k_spectral_norm__count,40.0,40.0,0,80,1
attention_head_distribution_summary.csv,spectral; see metric name for qualifiers.,float64,k_spectral_norm__excess_kurtosis,21.469087442513967,-1.2005159409420525,0,80,80
attention_head_distribution_summary.csv,spectral; see metric name for qualifiers.,float64,k_spectral_norm__gini_absolute,0.1987717857793836,0.0492576578490167,0,80,80
attention_head_distribution_summary.csv,spectral; see metric name for qualifiers.,float64,k_spectral_norm__maximum,15.514258511032509,3.5529035745441084,0,80,80
attention_head_distribution_summary.csv,spectral; see metric name for qualifiers.,float64,k_spectral_norm__mean,6.309785998122922,2.197455785654739,0,80,80
attention_head_distribution_summary.csv,spectral; see metric name for qualifiers.,float64,k_spectral_norm__median,6.318390912966057,2.2277764310926265,0,80,80
attention_head_distribution_summary.csv,spectral; see metric name for qualifiers.,float64,k_spectral_norm__minimum,5.086674540124089,1.5041023466578571,0,80,80
attention_head_distribution_summary.csv,spectral; see metric name for qualifiers.,float64,k_spectral_norm__q001,5.088003277341441,1.5044290296845049,0,80,80
attention_head_distribution_summary.csv,spectral; see metric name for qualifiers.,float64,k_spectral_norm__q01,5.099961912297606,1.5073691769243354,0,80,80
attention_head_distribution_summary.csv,spectral; see metric name for qualifiers.,float64,k_spectral_norm__q05,5.158782435757777,1.5817453635151502,0,80,80
attention_head_distribution_summary.csv,spectral; see metric name for qualifiers.,float64,k_spectral_norm__q25,5.667364240967996,1.9229309019778504,0,80,80
attention_head_distribution_summary.csv,spectral; see metric name for qualifiers.,float64,k_spectral_norm__q75,7.430678427373497,2.469054511012557,0,80,80
attention_head_distribution_summary.csv,spectral; see metric name for qualifiers.,float64,k_spectral_norm__q95,8.852665810430715,2.712512355719369,0,80,80
attention_head_distribution_summary.csv,spectral; see metric name for qualifiers.,float64,k_spectral_norm__q99,12.149172166480293,3.359402137976336,0,80,80
attention_head_distribution_summary.csv,spectral; see metric name for qualifiers.,float64,k_spectral_norm__q999,15.177749876577275,3.53355343088733,0,80,80
attention_head_distribution_summary.csv,spectral; see metric name for qualifiers.,float64,k_spectral_norm__skewness,4.555000971002329,-1.3752195521061008,0,80,80
attention_head_distribution_summary.csv,spectral; see metric name for qualifiers.,float64,k_spectral_norm__standard_deviation,2.1181245940484463,0.4172008321261926,0,80,80
attention_head_distribution_summary.csv,spectral; see metric name for qualifiers.,float64,k_spectral_norm__top1_share,0.0972997994851628,0.0293900347047775,0,80,80
attention_head_distribution_summary.csv,spectral; see metric name for qualifiers.,float64,k_spectral_norm__top5_share,0.266719292518417,0.1429065975482842,0,80,80
attention_head_distribution_summary.csv,stable rank ||W||_F^2 / ||W||_2^2; see metric name for qualifiers.,float64,k_stable_rank__absolute_effective_count,39.23234018079217,31.626943088114015,0,80,80
attention_head_distribution_summary.csv,stable rank ||W||_F^2 / ||W||_2^2; see metric name for qualifiers.,float64,k_stable_rank__absolute_entropy,3.669501411279216,3.4540093866816237,0,80,80
attention_head_distribution_summary.csv,stable rank ||W||_F^2 / ||W||_2^2; see metric name for qualifiers.,float64,k_stable_rank__absolute_hhi,0.0437497567363802,0.0260263315843026,0,80,80
attention_head_distribution_summary.csv,stable rank ||W||_F^2 / ||W||_2^2; see metric name for qualifiers.,int64,k_stable_rank__count,40.0,40.0,0,80,1
attention_head_distribution_summary.csv,stable rank ||W||_F^2 / ||W||_2^2; see metric name for qualifiers.,float64,k_stable_rank__excess_kurtosis,17.008883445582203,-1.178274511559631,0,80,80
attention_head_distribution_summary.csv,stable rank ||W||_F^2 / ||W||_2^2; see metric name for qualifiers.,float64,k_stable_rank__gini_absolute,0.3431619377537889,0.1003570970300253,0,80,80
attention_head_distribution_summary.csv,stable rank ||W||_F^2 / ||W||_2^2; see metric name for qualifiers.,float64,k_stable_rank__maximum,47.04169979533695,6.900092193184532,0,80,80
attention_head_distribution_summary.csv,stable rank ||W||_F^2 / ||W||_2^2; see metric name for qualifiers.,float64,k_stable_rank__mean,35.80820002783467,3.419437181773069,0,80,80
attention_head_distribution_summary.csv,stable rank ||W||_F^2 / ||W||_2^2; see metric name for qualifiers.,float64,k_stable_rank__median,38.88138403866108,3.468832938148871,0,80,80
attention_head_distribution_summary.csv,stable rank ||W||_F^2 / ||W||_2^2; see metric name for qualifiers.,float64,k_stable_rank__minimum,8.485482914479844,1.9497495708316004,0,80,80
attention_head_distribution_summary.csv,stable rank ||W||_F^2 / ||W||_2^2; see metric name for qualifiers.,float64,k_stable_rank__q001,8.488145715062291,1.9826459092660207,0,80,80
attention_head_distribution_summary.csv,stable rank ||W||_F^2 / ||W||_2^2; see metric name for qualifiers.,float64,k_stable_rank__q01,9.228562117818838,2.042300025243289,0,80,80
attention_head_distribution_summary.csv,stable rank ||W||_F^2 / ||W||_2^2; see metric name for qualifiers.,float64,k_stable_rank__q05,22.0722588516659,2.152990929755541,0,80,80
attention_head_distribution_summary.csv,stable rank ||W||_F^2 / ||W||_2^2; see metric name for qualifiers.,float64,k_stable_rank__q25,35.149382573737924,2.5213626831260605,0,80,80
attention_head_distribution_summary.csv,stable rank ||W||_F^2 / ||W||_2^2; see metric name for qualifiers.,float64,k_stable_rank__q75,43.11857355383257,3.8587217873836672,0,80,80
attention_head_distribution_summary.csv,stable rank ||W||_F^2 / ||W||_2^2; see metric name for qualifiers.,float64,k_stable_rank__q95,45.73236861558401,5.771399475358474,0,80,80
attention_head_distribution_summary.csv,stable rank ||W||_F^2 / ||W||_2^2; see metric name for qualifiers.,float64,k_stable_rank__q99,46.239327925921486,6.682771219670556,0,80,80
attention_head_distribution_summary.csv,stable rank ||W||_F^2 / ||W||_2^2; see metric name for qualifiers.,float64,k_stable_rank__q999,46.9614626083954,6.897176464182804,0,80,80
attention_head_distribution_summary.csv,stable rank ||W||_F^2 / ||W||_2^2; see metric name for qualifiers.,float64,k_stable_rank__skewness,3.9389376381216654,-2.5471936686364254,0,80,80
attention_head_distribution_summary.csv,stable rank ||W||_F^2 / ||W||_2^2; see metric name for qualifiers.,float64,k_stable_rank__standard_deviation,12.402404470768502,0.8641484040733103,0,80,80
attention_head_distribution_summary.csv,stable rank ||W||_F^2 / ||W||_2^2; see metric name for qualifiers.,float64,k_stable_rank__top1_share,0.1169669962900238,0.0314545977511989,0,80,80
attention_head_distribution_summary.csv,stable rank ||W||_F^2 / ||W||_2^2; see metric name for qualifiers.,float64,k_stable_rank__top5_share,0.3509604270587956,0.1513698757147729,0,80,80
attention_head_distribution_summary.csv,entropy-based effective rank; see metric name for qualifiers.,float64,o_effective_rank__absolute_effective_count,39.99328007753645,37.37511648305302,0,80,80
attention_head_distribution_summary.csv,entropy-based effective rank; see metric name for qualifiers.,float64,o_effective_rank__absolute_entropy,3.688711441939093,3.621005148309419,0,80,80
attention_head_distribution_summary.csv,entropy-based effective rank; see metric name for qualifiers.,float64,o_effective_rank__absolute_hhi,0.0286159091323342,0.0250083161233445,0,80,80
attention_head_distribution_summary.csv,entropy-based effective rank; see metric name for qualifiers.,int64,o_effective_rank__count,40.0,40.0,0,80,1
attention_head_distribution_summary.csv,entropy-based effective rank; see metric name for qualifiers.,float64,o_effective_rank__excess_kurtosis,27.06257227826478,-0.9467655068967398,0,80,80
attention_head_distribution_summary.csv,entropy-based effective rank; see metric name for qualifiers.,float64,o_effective_rank__gini_absolute,0.2065199354301603,0.0092104107701775,0,80,80
attention_head_distribution_summary.csv,entropy-based effective rank; see metric name for qualifiers.,float64,o_effective_rank__maximum,63.654019509334944,21.16849789255689,0,80,80
attention_head_distribution_summary.csv,entropy-based effective rank; see metric name for qualifiers.,float64,o_effective_rank__mean,61.06789535627166,14.5471366377924,0,80,80
attention_head_distribution_summary.csv,entropy-based effective rank; see metric name for qualifiers.,float64,o_effective_rank__median,61.713778687855694,14.299334753741334,0,80,80
attention_head_distribution_summary.csv,entropy-based effective rank; see metric name for qualifiers.,float64,o_effective_rank__minimum,57.35503879113095,6.167896349238098,0,80,80
attention_head_distribution_summary.csv,entropy-based effective rank; see metric name for qualifiers.,float64,o_effective_rank__q001,57.37216008888189,6.391092977658169,0,80,80
attention_head_distribution_summary.csv,entropy-based effective rank; see metric name for qualifiers.,float64,o_effective_rank__q01,57.52625176864039,8.367787205713059,0,80,80
attention_head_distribution_summary.csv,entropy-based effective rank; see metric name for qualifiers.,float64,o_effective_rank__q05,59.06001464570817,9.18522822683667,0,80,80
attention_head_distribution_summary.csv,entropy-based effective rank; see metric name for qualifiers.,float64,o_effective_rank__q25,60.8943695386608,11.480758925994676,0,80,80
attention_head_distribution_summary.csv,entropy-based effective rank; see metric name for qualifiers.,float64,o_effective_rank__q75,62.35962829215916,16.467017942061215,0,80,80
attention_head_distribution_summary.csv,entropy-based effective rank; see metric name for qualifiers.,float64,o_effective_rank__q95,63.37253205266354,18.077208263756805,0,80,80
attention_head_distribution_summary.csv,entropy-based effective rank; see metric name for qualifiers.,float64,o_effective_rank__q99,63.5594984464384,19.97943673593748,0,80,80
attention_head_distribution_summary.csv,entropy-based effective rank; see metric name for qualifiers.,float64,o_effective_rank__q999,63.644567403045286,21.049591776894943,0,80,80
attention_head_distribution_summary.csv,entropy-based effective rank; see metric name for qualifiers.,float64,o_effective_rank__skewness,2.235906741495804,-5.116255171296157,0,80,80
attention_head_distribution_summary.csv,entropy-based effective rank; see metric name for qualifiers.,float64,o_effective_rank__standard_deviation,10.60471663080281,1.113790244017133,0,80,80
attention_head_distribution_summary.csv,entropy-based effective rank; see metric name for qualifiers.,float64,o_effective_rank__top1_share,0.0489878012243946,0.0256880160524886,0,80,80
attention_head_distribution_summary.csv,entropy-based effective rank; see metric name for qualifiers.,float64,o_effective_rank__top5_share,0.2180142906841339,0.1274234541117616,0,80,80
attention_head_distribution_summary.csv,Frobenius; see metric name for qualifiers.,float64,o_frobenius_norm__absolute_effective_count,39.99079410323304,39.38192875386184,0,80,80
attention_head_distribution_summary.csv,Frobenius; see metric name for qualifiers.,float64,o_frobenius_norm__absolute_entropy,3.6886492802067807,3.673307050017229,0,80,80
attention_head_distribution_summary.csv,Frobenius; see metric name for qualifiers.,float64,o_frobenius_norm__absolute_hhi,0.025771916641825,0.0250115125668729,0,80,80
attention_head_distribution_summary.csv,Frobenius; see metric name for qualifiers.,int64,o_frobenius_norm__count,40.0,40.0,0,80,1
attention_head_distribution_summary.csv,Frobenius; see metric name for qualifiers.,float64,o_frobenius_norm__excess_kurtosis,7.034063690707377,-1.6136784627433078,0,80,80
attention_head_distribution_summary.csv,Frobenius; see metric name for qualifiers.,float64,o_frobenius_norm__gini_absolute,0.1004806618857077,0.0120569726454868,0,80,80
attention_head_distribution_summary.csv,Frobenius; see metric name for qualifiers.,float64,o_frobenius_norm__maximum,31.542274914515,16.47723773500704,0,80,80
attention_head_distribution_summary.csv,Frobenius; see metric name for qualifiers.,float64,o_frobenius_norm__mean,25.87402888805739,14.050667344020004,0,80,80
attention_head_distribution_summary.csv,Frobenius; see metric name for qualifiers.,float64,o_frobenius_norm__median,26.010280912204408,13.269449941309617,0,80,80
attention_head_distribution_summary.csv,Frobenius; see metric name for qualifiers.,float64,o_frobenius_norm__minimum,22.302349890563395,10.497247065234427,0,80,80
attention_head_distribution_summary.csv,Frobenius; see metric name for qualifiers.,float64,o_frobenius_norm__q001,22.33797902110529,10.518890196019372,0,80,80
attention_head_distribution_summary.csv,Frobenius; see metric name for qualifiers.,float64,o_frobenius_norm__q01,22.65864119598238,10.63008331619372,0,80,80
attention_head_distribution_summary.csv,Frobenius; see metric name for qualifiers.,float64,o_frobenius_norm__q05,23.459768238326404,10.632215606095688,0,80,80
attention_head_distribution_summary.csv,Frobenius; see metric name for qualifiers.,float64,o_frobenius_norm__q25,24.659860486005204,11.71456177225924,0,80,80
attention_head_distribution_summary.csv,Frobenius; see metric name for qualifiers.,float64,o_frobenius_norm__q75,27.002566334897075,15.157489188273251,0,80,80
attention_head_distribution_summary.csv,Frobenius; see metric name for qualifiers.,float64,o_frobenius_norm__q95,28.69363817510811,15.91841780951266,0,80,80
attention_head_distribution_summary.csv,Frobenius; see metric name for qualifiers.,float64,o_frobenius_norm__q99,31.09765088032957,16.397457708561866,0,80,80
attention_head_distribution_summary.csv,Frobenius; see metric name for qualifiers.,float64,o_frobenius_norm__q999,31.497812511096456,16.476211113898582,0,80,80
attention_head_distribution_summary.csv,Frobenius; see metric name for qualifiers.,float64,o_frobenius_norm__skewness,2.612114036523057,-1.517553294806501,0,80,80
attention_head_distribution_summary.csv,Frobenius; see metric name for qualifiers.,float64,o_frobenius_norm__standard_deviation,2.4689491731971267,0.3700615057100068,0,80,80
attention_head_distribution_summary.csv,Frobenius; see metric name for qualifiers.,float64,o_frobenius_norm__top1_share,0.0361204409259203,0.02632970677178,0,80,80
attention_head_distribution_summary.csv,Frobenius; see metric name for qualifiers.,float64,o_frobenius_norm__top5_share,0.1592437888686868,0.1295959927444757,0,80,80
attention_head_distribution_summary.csv,spectral; see metric name for qualifiers.,float64,o_spectral_norm__absolute_effective_count,39.934143016224496,38.03850373404248,0,80,80
attention_head_distribution_summary.csv,spectral; see metric name for qualifiers.,float64,o_spectral_norm__absolute_entropy,3.6872316726730743,3.638598902887879,0,80,80
attention_head_distribution_summary.csv,spectral; see metric name for qualifiers.,float64,o_spectral_norm__absolute_hhi,0.0282052745763029,0.0250827332966133,0,80,80
attention_head_distribution_summary.csv,spectral; see metric name for qualifiers.,int64,o_spectral_norm__count,40.0,40.0,0,80,1
attention_head_distribution_summary.csv,spectral; see metric name for qualifiers.,float64,o_spectral_norm__excess_kurtosis,21.21982246740805,-1.4683098800981238,0,80,80
attention_head_distribution_summary.csv,spectral; see metric name for qualifiers.,float64,o_spectral_norm__gini_absolute,0.1479153092174006,0.0321099086054768,0,80,80
attention_head_distribution_summary.csv,spectral; see metric name for qualifiers.,float64,o_spectral_norm__maximum,10.323126773819068,4.009436557532023,0,80,80
attention_head_distribution_summary.csv,spectral; see metric name for qualifiers.,float64,o_spectral_norm__mean,6.589594157935215,3.034509154389442,0,80,80
attention_head_distribution_summary.csv,spectral; see metric name for qualifiers.,float64,o_spectral_norm__median,6.533372333870481,2.9926411992966417,0,80,80
attention_head_distribution_summary.csv,spectral; see metric name for qualifiers.,float64,o_spectral_norm__minimum,5.136843047737472,2.3750406420819417,0,80,80
attention_head_distribution_summary.csv,spectral; see metric name for qualifiers.,float64,o_spectral_norm__q001,5.137415110378009,2.3779260799888027,0,80,80
attention_head_distribution_summary.csv,spectral; see metric name for qualifiers.,float64,o_spectral_norm__q01,5.178032781875813,2.403895021150551,0,80,80
attention_head_distribution_summary.csv,spectral; see metric name for qualifiers.,float64,o_spectral_norm__q05,5.532041604810018,2.452206967418137,0,80,80
attention_head_distribution_summary.csv,spectral; see metric name for qualifiers.,float64,o_spectral_norm__q25,6.170217982054232,2.803449598117853,0,80,80
attention_head_distribution_summary.csv,spectral; see metric name for qualifiers.,float64,o_spectral_norm__q75,7.225109846659832,3.198407320329089,0,80,80
attention_head_distribution_summary.csv,spectral; see metric name for qualifiers.,float64,o_spectral_norm__q95,8.377773912217233,3.765251317641572,0,80,80
attention_head_distribution_summary.csv,spectral; see metric name for qualifiers.,float64,o_spectral_norm__q99,10.031681870141147,4.009090248713353,0,80,80
attention_head_distribution_summary.csv,spectral; see metric name for qualifiers.,float64,o_spectral_norm__q999,10.293982283451276,4.009401926650156,0,80,80
attention_head_distribution_summary.csv,spectral; see metric name for qualifiers.,float64,o_spectral_norm__skewness,4.352120528142519,-1.2642999698141018,0,80,80
attention_head_distribution_summary.csv,spectral; see metric name for qualifiers.,float64,o_spectral_norm__standard_deviation,1.508881337476467,0.2159109847189562,0,80,80
attention_head_distribution_summary.csv,spectral; see metric name for qualifiers.,float64,o_spectral_norm__top1_share,0.0612433301117989,0.0285944152059074,0,80,80
attention_head_distribution_summary.csv,spectral; see metric name for qualifiers.,float64,o_spectral_norm__top5_share,0.2245977578743072,0.1378098425780629,0,80,80
attention_head_distribution_summary.csv,stable rank ||W||_F^2 / ||W||_2^2; see metric name for qualifiers.,float64,o_stable_rank__absolute_effective_count,39.85222563611055,33.46805877782838,0,80,80
attention_head_distribution_summary.csv,stable rank ||W||_F^2 / ||W||_2^2; see metric name for qualifiers.,float64,o_stable_rank__absolute_entropy,3.685178254018196,3.5105915146714533,0,80,80
attention_head_distribution_summary.csv,stable rank ||W||_F^2 / ||W||_2^2; see metric name for qualifiers.,float64,o_stable_rank__absolute_hhi,0.035407111727296,0.0251838877434142,0,80,80
attention_head_distribution_summary.csv,stable rank ||W||_F^2 / ||W||_2^2; see metric name for qualifiers.,int64,o_stable_rank__count,40.0,40.0,0,80,1
attention_head_distribution_summary.csv,stable rank ||W||_F^2 / ||W||_2^2; see metric name for qualifiers.,float64,o_stable_rank__excess_kurtosis,8.06797955049104,-1.4979891034853592,0,80,80
attention_head_distribution_summary.csv,stable rank ||W||_F^2 / ||W||_2^2; see metric name for qualifiers.,float64,o_stable_rank__gini_absolute,0.3303490603077927,0.0485293587408162,0,80,80
attention_head_distribution_summary.csv,stable rank ||W||_F^2 / ||W||_2^2; see metric name for qualifiers.,float64,o_stable_rank__maximum,50.46237195059027,7.789545035759461,0,80,80
attention_head_distribution_summary.csv,stable rank ||W||_F^2 / ||W||_2^2; see metric name for qualifiers.,float64,o_stable_rank__mean,31.76350284758529,5.2927294533673885,0,80,80
attention_head_distribution_summary.csv,stable rank ||W||_F^2 / ||W||_2^2; see metric name for qualifiers.,float64,o_stable_rank__median,32.30778325488557,5.086839690784032,0,80,80
attention_head_distribution_summary.csv,stable rank ||W||_F^2 / ||W||_2^2; see metric name for qualifiers.,float64,o_stable_rank__minimum,17.428710329991677,1.516271158607761,0,80,80
attention_head_distribution_summary.csv,stable rank ||W||_F^2 / ||W||_2^2; see metric name for qualifiers.,float64,o_stable_rank__q001,17.47367895174997,1.5578194314476366,0,80,80
attention_head_distribution_summary.csv,stable rank ||W||_F^2 / ||W||_2^2; see metric name for qualifiers.,float64,o_stable_rank__q01,17.878396547574614,1.9317538870065152,0,80,80
attention_head_distribution_summary.csv,stable rank ||W||_F^2 / ||W||_2^2; see metric name for qualifiers.,float64,o_stable_rank__q05,19.289608087567025,2.7083228257965746,0,80,80
attention_head_distribution_summary.csv,stable rank ||W||_F^2 / ||W||_2^2; see metric name for qualifiers.,float64,o_stable_rank__q25,25.26513514687727,3.8313924281885914,0,80,80
attention_head_distribution_summary.csv,stable rank ||W||_F^2 / ||W||_2^2; see metric name for qualifiers.,float64,o_stable_rank__q75,38.633800527332966,6.167318714014114,0,80,80
attention_head_distribution_summary.csv,stable rank ||W||_F^2 / ||W||_2^2; see metric name for qualifiers.,float64,o_stable_rank__q95,47.90326390139032,7.36361416637084,0,80,80
attention_head_distribution_summary.csv,stable rank ||W||_F^2 / ||W||_2^2; see metric name for qualifiers.,float64,o_stable_rank__q99,50.2738432850606,7.6832642584081885,0,80,80
attention_head_distribution_summary.csv,stable rank ||W||_F^2 / ||W||_2^2; see metric name for qualifiers.,float64,o_stable_rank__q999,50.4435190840373,7.778916958024333,0,80,80
attention_head_distribution_summary.csv,stable rank ||W||_F^2 / ||W||_2^2; see metric name for qualifiers.,float64,o_stable_rank__skewness,2.2400217601304995,-1.5046876615639242,0,80,80
attention_head_distribution_summary.csv,stable rank ||W||_F^2 / ||W||_2^2; see metric name for qualifiers.,float64,o_stable_rank__standard_deviation,11.174219109992968,1.1964294702730436,0,80,80
attention_head_distribution_summary.csv,stable rank ||W||_F^2 / ||W||_2^2; see metric name for qualifiers.,float64,o_stable_rank__top1_share,0.0807661301749538,0.0296799859207041,0,80,80
attention_head_distribution_summary.csv,stable rank ||W||_F^2 / ||W||_2^2; see metric name for qualifiers.,float64,o_stable_rank__top5_share,0.2939766516028209,0.1422508542304451,0,80,80
attention_head_distribution_summary.csv,One-based ESMC hidden-state index emitted after this block.,int64,produced_state,80.0,1.0,0,80,80
attention_head_distribution_summary.csv,entropy-based effective rank; see metric name for qualifiers.,float64,q_effective_rank__absolute_effective_count,39.90409621849907,38.231359547891465,0,80,80
attention_head_distribution_summary.csv,entropy-based effective rank; see metric name for qualifiers.,float64,q_effective_rank__absolute_entropy,3.6864789807441936,3.643656109406404,0,80,80
attention_head_distribution_summary.csv,entropy-based effective rank; see metric name for qualifiers.,float64,q_effective_rank__absolute_hhi,0.027577576098699,0.0251157149310433,0,80,80
attention_head_distribution_summary.csv,entropy-based effective rank; see metric name for qualifiers.,int64,q_effective_rank__count,40.0,40.0,0,80,1
attention_head_distribution_summary.csv,entropy-based effective rank; see metric name for qualifiers.,float64,q_effective_rank__excess_kurtosis,34.43904431699761,-1.1947992216711634,0,80,80
attention_head_distribution_summary.csv,entropy-based effective rank; see metric name for qualifiers.,float64,q_effective_rank__gini_absolute,0.1676976892186206,0.0218289003164897,0,80,80
attention_head_distribution_summary.csv,entropy-based effective rank; see metric name for qualifiers.,float64,q_effective_rank__maximum,63.06224305247014,22.8433173093151,0,80,80
attention_head_distribution_summary.csv,entropy-based effective rank; see metric name for qualifiers.,float64,q_effective_rank__mean,61.53360700674693,12.917129321015056,0,80,80
attention_head_distribution_summary.csv,entropy-based effective rank; see metric name for qualifiers.,float64,q_effective_rank__median,62.89493681549534,12.495786172470096,0,80,80
attention_head_distribution_summary.csv,entropy-based effective rank; see metric name for qualifiers.,float64,q_effective_rank__minimum,49.50677371014402,8.162976859432005,0,80,80
attention_head_distribution_summary.csv,entropy-based effective rank; see metric name for qualifiers.,float64,q_effective_rank__q001,49.52007922177652,8.327752336406437,0,80,80
attention_head_distribution_summary.csv,entropy-based effective rank; see metric name for qualifiers.,float64,q_effective_rank__q01,49.63982882646901,9.162249038950158,0,80,80
attention_head_distribution_summary.csv,entropy-based effective rank; see metric name for qualifiers.,float64,q_effective_rank__q05,60.40449604160839,9.697039758851677,0,80,80
attention_head_distribution_summary.csv,entropy-based effective rank; see metric name for qualifiers.,float64,q_effective_rank__q25,62.7201601197769,11.547369545363116,0,80,80
attention_head_distribution_summary.csv,entropy-based effective rank; see metric name for qualifiers.,float64,q_effective_rank__q75,62.97377605708279,13.566521096602116,0,80,80
attention_head_distribution_summary.csv,entropy-based effective rank; see metric name for qualifiers.,float64,q_effective_rank__q95,63.02074972774764,17.41828097240898,0,80,80
attention_head_distribution_summary.csv,entropy-based effective rank; see metric name for qualifiers.,float64,q_effective_rank__q99,63.06201186263753,20.98867255451467,0,80,80
attention_head_distribution_summary.csv,entropy-based effective rank; see metric name for qualifiers.,float64,q_effective_rank__q999,63.06221993348688,22.65785283383505,0,80,80
attention_head_distribution_summary.csv,entropy-based effective rank; see metric name for qualifiers.,float64,q_effective_rank__skewness,2.3766600641737563,-6.012638419969662,0,80,80
attention_head_distribution_summary.csv,entropy-based effective rank; see metric name for qualifiers.,float64,q_effective_rank__standard_deviation,12.12743590956713,2.5690665871954947,0,80,80
attention_head_distribution_summary.csv,entropy-based effective rank; see metric name for qualifiers.,float64,q_effective_rank__top1_share,0.0575652525584195,0.0256210573863952,0,80,80
attention_head_distribution_summary.csv,entropy-based effective rank; see metric name for qualifiers.,float64,q_effective_rank__top5_share,0.2082370463879659,0.1280319421649676,0,80,80
attention_head_distribution_summary.csv,Frobenius; see metric name for qualifiers.,float64,q_frobenius_norm__absolute_effective_count,39.99306609879646,39.14435746269477,0,80,80
attention_head_distribution_summary.csv,Frobenius; see metric name for qualifiers.,float64,q_frobenius_norm__absolute_entropy,3.688706091557428,3.667256285937124,0,80,80
attention_head_distribution_summary.csv,Frobenius; see metric name for qualifiers.,float64,q_frobenius_norm__absolute_hhi,0.026056600725045,0.0250087799898844,0,80,80
attention_head_distribution_summary.csv,Frobenius; see metric name for qualifiers.,int64,q_frobenius_norm__count,40.0,40.0,0,80,1
attention_head_distribution_summary.csv,Frobenius; see metric name for qualifiers.,float64,q_frobenius_norm__excess_kurtosis,34.685396906181,-1.3519591686396693,0,80,80
attention_head_distribution_summary.csv,Frobenius; see metric name for qualifiers.,float64,q_frobenius_norm__gini_absolute,0.1167897036627874,0.0075670762249622,0,80,80
attention_head_distribution_summary.csv,Frobenius; see metric name for qualifiers.,float64,q_frobenius_norm__maximum,23.945549076821607,6.369258285021284,0,80,80
attention_head_distribution_summary.csv,Frobenius; see metric name for qualifiers.,float64,q_frobenius_norm__mean,17.621503038417337,5.012421106159152,0,80,80
attention_head_distribution_summary.csv,Frobenius; see metric name for qualifiers.,float64,q_frobenius_norm__median,17.50539321006056,4.877828967222535,0,80,80
attention_head_distribution_summary.csv,Frobenius; see metric name for qualifiers.,float64,q_frobenius_norm__minimum,17.28576720930556,4.068035368377068,0,80,80
attention_head_distribution_summary.csv,Frobenius; see metric name for qualifiers.,float64,q_frobenius_norm__q001,17.286061500879427,4.070183424452134,0,80,80
attention_head_distribution_summary.csv,Frobenius; see metric name for qualifiers.,float64,q_frobenius_norm__q01,17.288710125044215,4.089515929127736,0,80,80
attention_head_distribution_summary.csv,Frobenius; see metric name for qualifiers.,float64,q_frobenius_norm__q05,17.312319451747612,4.3994193476428665,0,80,80
attention_head_distribution_summary.csv,Frobenius; see metric name for qualifiers.,float64,q_frobenius_norm__q25,17.39514227798429,4.682025451227819,0,80,80
attention_head_distribution_summary.csv,Frobenius; see metric name for qualifiers.,float64,q_frobenius_norm__q75,17.59960342398742,5.253206718393937,0,80,80
attention_head_distribution_summary.csv,Frobenius; see metric name for qualifiers.,float64,q_frobenius_norm__q95,19.75246930182708,6.020971162779624,0,80,80
attention_head_distribution_summary.csv,Frobenius; see metric name for qualifiers.,float64,q_frobenius_norm__q99,22.85341052046463,6.2667602166356495,0,80,80
attention_head_distribution_summary.csv,Frobenius; see metric name for qualifiers.,float64,q_frobenius_norm__q999,23.828807353416952,6.35900847818272,0,80,80
attention_head_distribution_summary.csv,Frobenius; see metric name for qualifiers.,float64,q_frobenius_norm__skewness,6.040608155468479,-1.0799595330662553,0,80,80
attention_head_distribution_summary.csv,Frobenius; see metric name for qualifiers.,float64,q_frobenius_norm__standard_deviation,1.581162361535431,0.3281459223195903,0,80,80
attention_head_distribution_summary.csv,Frobenius; see metric name for qualifiers.,float64,q_frobenius_norm__top1_share,0.0390327399771866,0.0262949992968759,0,80,80
attention_head_distribution_summary.csv,Frobenius; see metric name for qualifiers.,float64,q_frobenius_norm__top5_share,0.1657786158526772,0.1294045224636193,0,80,80
attention_head_distribution_summary.csv,spectral; see metric name for qualifiers.,float64,q_spectral_norm__absolute_effective_count,39.83282968233255,35.360013091116606,0,80,80
attention_head_distribution_summary.csv,spectral; see metric name for qualifiers.,float64,q_spectral_norm__absolute_entropy,3.684691438665341,3.56558160799326,0,80,80
attention_head_distribution_summary.csv,spectral; see metric name for qualifiers.,float64,q_spectral_norm__absolute_hhi,0.0368584595924666,0.0252094709670354,0,80,80
attention_head_distribution_summary.csv,spectral; see metric name for qualifiers.,int64,q_spectral_norm__count,40.0,40.0,0,80,1
attention_head_distribution_summary.csv,spectral; see metric name for qualifiers.,float64,q_spectral_norm__excess_kurtosis,34.19537904458955,-1.1659293216212152,0,80,80
attention_head_distribution_summary.csv,spectral; see metric name for qualifiers.,float64,q_spectral_norm__gini_absolute,0.1980328474588153,0.0507233452057687,0,80,80
attention_head_distribution_summary.csv,spectral; see metric name for qualifiers.,float64,q_spectral_norm__maximum,17.001608624946897,3.511253839923154,0,80,80
attention_head_distribution_summary.csv,spectral; see metric name for qualifiers.,float64,q_spectral_norm__mean,5.603320113890264,2.543454558489908,0,80,80
attention_head_distribution_summary.csv,spectral; see metric name for qualifiers.,float64,q_spectral_norm__median,5.6876041877103365,2.522752367553962,0,80,80
attention_head_distribution_summary.csv,spectral; see metric name for qualifiers.,float64,q_spectral_norm__minimum,4.280887358494564,2.119856969440587,0,80,80
attention_head_distribution_summary.csv,spectral; see metric name for qualifiers.,float64,q_spectral_norm__q001,4.281050443036195,2.1211023447213937,0,80,80
attention_head_distribution_summary.csv,spectral; see metric name for qualifiers.,float64,q_spectral_norm__q01,4.282518203910871,2.132310722248655,0,80,80
attention_head_distribution_summary.csv,spectral; see metric name for qualifiers.,float64,q_spectral_norm__q05,4.455072125435605,2.165750607675088,0,80,80
attention_head_distribution_summary.csv,spectral; see metric name for qualifiers.,float64,q_spectral_norm__q25,5.297340039983116,2.4173596804886524,0,80,80
attention_head_distribution_summary.csv,spectral; see metric name for qualifiers.,float64,q_spectral_norm__q75,6.21396866482107,2.6462786903840843,0,80,80
attention_head_distribution_summary.csv,spectral; see metric name for qualifiers.,float64,q_spectral_norm__q95,10.667217660913314,2.8822541565649265,0,80,80
attention_head_distribution_summary.csv,spectral; see metric name for qualifiers.,float64,q_spectral_norm__q99,13.303673923162162,3.270107282540689,0,80,80
attention_head_distribution_summary.csv,spectral; see metric name for qualifiers.,float64,q_spectral_norm__q999,16.545866625060608,3.487139184184907,0,80,80
attention_head_distribution_summary.csv,spectral; see metric name for qualifiers.,float64,q_spectral_norm__skewness,5.981577466001679,-1.2349829252442768,0,80,80
attention_head_distribution_summary.csv,spectral; see metric name for qualifiers.,float64,q_spectral_norm__standard_deviation,2.348912946644739,0.247123785799503,0,80,80
attention_head_distribution_summary.csv,spectral; see metric name for qualifiers.,float64,q_spectral_norm__top1_share,0.1311758261226345,0.0288847801711693,0,80,80
attention_head_distribution_summary.csv,spectral; see metric name for qualifiers.,float64,q_spectral_norm__top5_share,0.2829225440109087,0.1424223145441927,0,80,80
attention_head_distribution_summary.csv,stable rank ||W||_F^2 / ||W||_2^2; see metric name for qualifiers.,float64,q_stable_rank__absolute_effective_count,39.429639975206136,33.164614235101006,0,80,80
attention_head_distribution_summary.csv,stable rank ||W||_F^2 / ||W||_2^2; see metric name for qualifiers.,float64,q_stable_rank__absolute_entropy,3.6745178171150616,3.501483471222881,0,80,80
attention_head_distribution_summary.csv,stable rank ||W||_F^2 / ||W||_2^2; see metric name for qualifiers.,float64,q_stable_rank__absolute_hhi,0.0393546658634629,0.02575169987396,0,80,80
attention_head_distribution_summary.csv,stable rank ||W||_F^2 / ||W||_2^2; see metric name for qualifiers.,int64,q_stable_rank__count,40.0,40.0,0,80,1
attention_head_distribution_summary.csv,stable rank ||W||_F^2 / ||W||_2^2; see metric name for qualifiers.,float64,q_stable_rank__excess_kurtosis,20.668141390612757,-1.2367586692446944,0,80,80
attention_head_distribution_summary.csv,stable rank ||W||_F^2 / ||W||_2^2; see metric name for qualifiers.,float64,q_stable_rank__gini_absolute,0.3190721531085581,0.0910460449963694,0,80,80
attention_head_distribution_summary.csv,stable rank ||W||_F^2 / ||W||_2^2; see metric name for qualifiers.,float64,q_stable_rank__maximum,47.03993073778391,6.105556023218444,0,80,80
attention_head_distribution_summary.csv,stable rank ||W||_F^2 / ||W||_2^2; see metric name for qualifiers.,float64,q_stable_rank__mean,39.20972108958366,3.9320778148985176,0,80,80
attention_head_distribution_summary.csv,stable rank ||W||_F^2 / ||W||_2^2; see metric name for qualifiers.,float64,q_stable_rank__median,41.68841141351827,3.777493021102046,0,80,80
attention_head_distribution_summary.csv,stable rank ||W||_F^2 / ||W||_2^2; see metric name for qualifiers.,float64,q_stable_rank__minimum,6.693367576391781,1.8173904528926743,0,80,80
attention_head_distribution_summary.csv,stable rank ||W||_F^2 / ||W||_2^2; see metric name for qualifiers.,float64,q_stable_rank__q001,6.70685032192218,1.866881291511536,0,80,80
attention_head_distribution_summary.csv,stable rank ||W||_F^2 / ||W||_2^2; see metric name for qualifiers.,float64,q_stable_rank__q01,11.012417587812392,2.2323836523627576,0,80,80
attention_head_distribution_summary.csv,stable rank ||W||_F^2 / ||W||_2^2; see metric name for qualifiers.,float64,q_stable_rank__q05,25.736827198292108,2.505776423865479,0,80,80
attention_head_distribution_summary.csv,stable rank ||W||_F^2 / ||W||_2^2; see metric name for qualifiers.,float64,q_stable_rank__q25,38.10699755750959,3.48622818409445,0,80,80
attention_head_distribution_summary.csv,stable rank ||W||_F^2 / ||W||_2^2; see metric name for qualifiers.,float64,q_stable_rank__q75,43.45711362326117,4.172503468824484,0,80,80
attention_head_distribution_summary.csv,stable rank ||W||_F^2 / ||W||_2^2; see metric name for qualifiers.,float64,q_stable_rank__q95,46.80156376478413,5.20318411259643,0,80,80
attention_head_distribution_summary.csv,stable rank ||W||_F^2 / ||W||_2^2; see metric name for qualifiers.,float64,q_stable_rank__q99,46.93394066133107,5.812445860100638,0,80,80
attention_head_distribution_summary.csv,stable rank ||W||_F^2 / ||W||_2^2; see metric name for qualifiers.,float64,q_stable_rank__q999,46.98412303345853,6.076245006906662,0,80,80
attention_head_distribution_summary.csv,stable rank ||W||_F^2 / ||W||_2^2; see metric name for qualifiers.,float64,q_stable_rank__skewness,4.213940799636278,-2.794080383287506,0,80,80
attention_head_distribution_summary.csv,stable rank ||W||_F^2 / ||W||_2^2; see metric name for qualifiers.,float64,q_stable_rank__standard_deviation,11.74408094124296,0.6818272247184625,0,80,80
attention_head_distribution_summary.csv,stable rank ||W||_F^2 / ||W||_2^2; see metric name for qualifiers.,float64,q_stable_rank__top1_share,0.1104538714465163,0.0299404946674695,0,80,80
attention_head_distribution_summary.csv,stable rank ||W||_F^2 / ||W||_2^2; see metric name for qualifiers.,float64,q_stable_rank__top5_share,0.3230822646564682,0.1477785021020627,0,80,80
attention_head_distribution_summary.csv,principal angle in degrees; see metric name for qualifiers.,float64,qk_median_angle_degrees__absolute_effective_count,39.99966511014029,39.43894789170002,0,80,80
attention_head_distribution_summary.csv,principal angle in degrees; see metric name for qualifiers.,float64,qk_median_angle_degrees__absolute_entropy,3.688871081832396,3.6747538532046846,0,80,80
attention_head_distribution_summary.csv,principal angle in degrees; see metric name for qualifiers.,float64,qk_median_angle_degrees__absolute_hhi,0.0256365030101281,0.0250004189022258,0,80,80
attention_head_distribution_summary.csv,principal angle in degrees; see metric name for qualifiers.,int64,qk_median_angle_degrees__count,40.0,40.0,0,80,1
attention_head_distribution_summary.csv,principal angle in degrees; see metric name for qualifiers.,float64,qk_median_angle_degrees__excess_kurtosis,32.92841082040064,-1.2672599314547663,0,80,80
attention_head_distribution_summary.csv,principal angle in degrees; see metric name for qualifiers.,float64,qk_median_angle_degrees__gini_absolute,0.0840013686912775,0.0022834391392654,0,80,80
attention_head_distribution_summary.csv,principal angle in degrees; see metric name for qualifiers.,float64,qk_median_angle_degrees__maximum,83.10597102862219,72.66745827633795,0,80,80
attention_head_distribution_summary.csv,principal angle in degrees; see metric name for qualifiers.,float64,qk_median_angle_degrees__mean,81.19595726028254,69.80204645460003,0,80,80
attention_head_distribution_summary.csv,principal angle in degrees; see metric name for qualifiers.,float64,qk_median_angle_degrees__median,81.83077326357318,70.75362847405928,0,80,80
attention_head_distribution_summary.csv,principal angle in degrees; see metric name for qualifiers.,float64,qk_median_angle_degrees__minimum,78.16114786298436,33.61737832579694,0,80,80
attention_head_distribution_summary.csv,principal angle in degrees; see metric name for qualifiers.,float64,qk_median_angle_degrees__q001,78.16424200856734,34.05046330911848,0,80,80
attention_head_distribution_summary.csv,principal angle in degrees; see metric name for qualifiers.,float64,qk_median_angle_degrees__q01,78.1920893188142,37.94822815901232,0,80,80
attention_head_distribution_summary.csv,principal angle in degrees; see metric name for qualifiers.,float64,qk_median_angle_degrees__q05,79.38175842374595,44.18661264497231,0,80,80
attention_head_distribution_summary.csv,principal angle in degrees; see metric name for qualifiers.,float64,qk_median_angle_degrees__q25,81.57414551766436,62.1309419186231,0,80,80
attention_head_distribution_summary.csv,principal angle in degrees; see metric name for qualifiers.,float64,qk_median_angle_degrees__q75,82.03609849601744,71.5534187105617,0,80,80
attention_head_distribution_summary.csv,principal angle in degrees; see metric name for qualifiers.,float64,qk_median_angle_degrees__q95,82.50185979501123,72.13105684044235,0,80,80
attention_head_distribution_summary.csv,principal angle in degrees; see metric name for qualifiers.,float64,qk_median_angle_degrees__q99,83.10280147306838,72.51126661875219,0,80,80
attention_head_distribution_summary.csv,principal angle in degrees; see metric name for qualifiers.,float64,qk_median_angle_degrees__q999,83.10565407306682,72.65183911057937,0,80,80
attention_head_distribution_summary.csv,principal angle in degrees; see metric name for qualifiers.,float64,qk_median_angle_degrees__skewness,0.9544583199102076,-5.816515621671105,0,80,80
attention_head_distribution_summary.csv,principal angle in degrees; see metric name for qualifiers.,float64,qk_median_angle_degrees__standard_deviation,11.47825957562612,0.312356163862536,0,80,80
attention_head_distribution_summary.csv,principal angle in degrees; see metric name for qualifiers.,float64,qk_median_angle_degrees__top1_share,0.0292524861765289,0.0252178770804656,0,80,80
attention_head_distribution_summary.csv,principal angle in degrees; see metric name for qualifiers.,float64,qk_median_angle_degrees__top5_share,0.1441937366603021,0.1258408277343254,0,80,80
attention_head_distribution_summary.csv,normalized squared subspace overlap; see metric name for qualifiers.,float64,qk_overlap__absolute_effective_count,39.987454282555895,24.547146601447714,0,80,80
attention_head_distribution_summary.csv,normalized squared subspace overlap; see metric name for qualifiers.,float64,qk_overlap__absolute_entropy,3.688565761981601,3.2005956194385905,0,80,80
attention_head_distribution_summary.csv,normalized squared subspace overlap; see metric name for qualifiers.,float64,qk_overlap__absolute_hhi,0.0679249383378163,0.0250157092078619,0,80,80
attention_head_distribution_summary.csv,normalized squared subspace overlap; see metric name for qualifiers.,int64,qk_overlap__count,40.0,40.0,0,80,1
attention_head_distribution_summary.csv,normalized squared subspace overlap; see metric name for qualifiers.,float64,qk_overlap__excess_kurtosis,33.742400363681014,-1.2076575537711534,0,80,80
attention_head_distribution_summary.csv,normalized squared subspace overlap; see metric name for qualifiers.,float64,qk_overlap__gini_absolute,0.4924498898900356,0.0142080714536134,0,80,80
attention_head_distribution_summary.csv,normalized squared subspace overlap; see metric name for qualifiers.,float64,qk_overlap__maximum,0.6127540830673373,0.067203883284286,0,80,80
attention_head_distribution_summary.csv,normalized squared subspace overlap; see metric name for qualifiers.,float64,qk_overlap__mean,0.1717051676988943,0.037736717379082,0,80,80
attention_head_distribution_summary.csv,normalized squared subspace overlap; see metric name for qualifiers.,float64,qk_overlap__median,0.1720694705571297,0.0307940268296324,0,80,80
attention_head_distribution_summary.csv,normalized squared subspace overlap; see metric name for qualifiers.,float64,qk_overlap__minimum,0.1345566048811604,0.0234350113979503,0,80,80
attention_head_distribution_summary.csv,normalized squared subspace overlap; see metric name for qualifiers.,float64,qk_overlap__q001,0.1351164295581328,0.0235355492113775,0,80,80
attention_head_distribution_summary.csv,normalized squared subspace overlap; see metric name for qualifiers.,float64,qk_overlap__q01,0.1401548516508843,0.0244403895322228,0,80,80
attention_head_distribution_summary.csv,normalized squared subspace overlap; see metric name for qualifiers.,float64,qk_overlap__q05,0.1515467001016863,0.0257419170092578,0,80,80
attention_head_distribution_summary.csv,normalized squared subspace overlap; see metric name for qualifiers.,float64,qk_overlap__q25,0.1652376526562682,0.0295842195950555,0,80,80
attention_head_distribution_summary.csv,normalized squared subspace overlap; see metric name for qualifiers.,float64,qk_overlap__q75,0.2499966026519566,0.0325409485726902,0,80,80
attention_head_distribution_summary.csv,normalized squared subspace overlap; see metric name for qualifiers.,float64,qk_overlap__q95,0.4892406811586386,0.0614375201055441,0,80,80
attention_head_distribution_summary.csv,normalized squared subspace overlap; see metric name for qualifiers.,float64,qk_overlap__q99,0.5551450294721335,0.0669280229926626,0,80,80
attention_head_distribution_summary.csv,normalized squared subspace overlap; see metric name for qualifiers.,float64,qk_overlap__q999,0.6069931777078167,0.0671762972551236,0,80,80
attention_head_distribution_summary.csv,normalized squared subspace overlap; see metric name for qualifiers.,float64,qk_overlap__skewness,5.924519353514402,-0.9553292073371036,0,80,80
attention_head_distribution_summary.csv,normalized squared subspace overlap; see metric name for qualifiers.,float64,qk_overlap__standard_deviation,0.1335491640589437,0.0024803762323922,0,80,80
attention_head_distribution_summary.csv,normalized squared subspace overlap; see metric name for qualifiers.,float64,qk_overlap__top1_share,0.1904136006077702,0.0263570749786838,0,80,80
attention_head_distribution_summary.csv,normalized squared subspace overlap; see metric name for qualifiers.,float64,qk_overlap__top5_share,0.504802804695146,0.1302738187348105,0,80,80
attention_head_distribution_summary.csv,entropy-based effective rank; see metric name for qualifiers.,float64,v_effective_rank__absolute_effective_count,39.994526180315205,37.94381231652908,0,80,80
attention_head_distribution_summary.csv,entropy-based effective rank; see metric name for qualifiers.,float64,v_effective_rank__absolute_entropy,3.6887425992576177,3.636106442235013,0,80,80
attention_head_distribution_summary.csv,entropy-based effective rank; see metric name for qualifiers.,float64,v_effective_rank__absolute_hhi,0.0277944440053241,0.0250067552104614,0,80,80
attention_head_distribution_summary.csv,entropy-based effective rank; see metric name for qualifiers.,int64,v_effective_rank__count,40.0,40.0,0,80,1
attention_head_distribution_summary.csv,entropy-based effective rank; see metric name for qualifiers.,float64,v_effective_rank__excess_kurtosis,27.17914094170889,-1.0369019553535677,0,80,80
attention_head_distribution_summary.csv,entropy-based effective rank; see metric name for qualifiers.,float64,v_effective_rank__gini_absolute,0.1820639178068763,0.0070113599047398,0,80,80
attention_head_distribution_summary.csv,entropy-based effective rank; see metric name for qualifiers.,float64,v_effective_rank__maximum,63.65036633944258,22.56898776942528,0,80,80
attention_head_distribution_summary.csv,entropy-based effective rank; see metric name for qualifiers.,float64,v_effective_rank__mean,62.32254093429151,16.94136978895856,0,80,80
attention_head_distribution_summary.csv,entropy-based effective rank; see metric name for qualifiers.,float64,v_effective_rank__median,62.72699488757909,16.95048571673161,0,80,80
attention_head_distribution_summary.csv,entropy-based effective rank; see metric name for qualifiers.,float64,v_effective_rank__minimum,58.931743382693135,9.78454985003586,0,80,80
attention_head_distribution_summary.csv,entropy-based effective rank; see metric name for qualifiers.,float64,v_effective_rank__q001,58.94040120126603,9.843008077810447,0,80,80
attention_head_distribution_summary.csv,entropy-based effective rank; see metric name for qualifiers.,float64,v_effective_rank__q01,59.01832156842205,10.369132127781745,0,80,80
attention_head_distribution_summary.csv,entropy-based effective rank; see metric name for qualifiers.,float64,v_effective_rank__q05,59.57396581104938,11.297902320707614,0,80,80
attention_head_distribution_summary.csv,entropy-based effective rank; see metric name for qualifiers.,float64,v_effective_rank__q25,62.34690304897558,14.024946453048273,0,80,80
attention_head_distribution_summary.csv,entropy-based effective rank; see metric name for qualifiers.,float64,v_effective_rank__q75,62.91357856884188,18.930470860955964,0,80,80
attention_head_distribution_summary.csv,entropy-based effective rank; see metric name for qualifiers.,float64,v_effective_rank__q95,63.36080908982535,21.6318650459886,0,80,80
attention_head_distribution_summary.csv,entropy-based effective rank; see metric name for qualifiers.,float64,v_effective_rank__q99,63.53838375347931,22.283452376295635,0,80,80
attention_head_distribution_summary.csv,entropy-based effective rank; see metric name for qualifiers.,float64,v_effective_rank__q999,63.63916808084625,22.54043423011231,0,80,80
attention_head_distribution_summary.csv,entropy-based effective rank; see metric name for qualifiers.,float64,v_effective_rank__skewness,2.277433602688419,-5.166279805156677,0,80,80
attention_head_distribution_summary.csv,entropy-based effective rank; see metric name for qualifiers.,float64,v_effective_rank__standard_deviation,10.343575638748328,1.024459016866092,0,80,80
attention_head_distribution_summary.csv,entropy-based effective rank; see metric name for qualifiers.,float64,v_effective_rank__top1_share,0.0471851599482687,0.0253366234875592,0,80,80
attention_head_distribution_summary.csv,entropy-based effective rank; see metric name for qualifiers.,float64,v_effective_rank__top5_share,0.2064165356834868,0.126414275106441,0,80,80
attention_head_distribution_summary.csv,Frobenius; see metric name for qualifiers.,float64,v_frobenius_norm__absolute_effective_count,39.98463097706322,39.537677827469466,0,80,80
attention_head_distribution_summary.csv,Frobenius; see metric name for qualifiers.,float64,v_frobenius_norm__absolute_entropy,3.688495154706958,3.677254086312945,0,80,80
attention_head_distribution_summary.csv,Frobenius; see metric name for qualifiers.,float64,v_frobenius_norm__absolute_hhi,0.0255886941895311,0.0250191839693595,0,80,80
attention_head_distribution_summary.csv,Frobenius; see metric name for qualifiers.,int64,v_frobenius_norm__count,40.0,40.0,0,80,1
attention_head_distribution_summary.csv,Frobenius; see metric name for qualifiers.,float64,v_frobenius_norm__excess_kurtosis,7.501399112947805,-1.526999363567545,0,80,80
attention_head_distribution_summary.csv,Frobenius; see metric name for qualifiers.,float64,v_frobenius_norm__gini_absolute,0.0867566070710836,0.0155719270063887,0,80,80
attention_head_distribution_summary.csv,Frobenius; see metric name for qualifiers.,float64,v_frobenius_norm__maximum,30.505993504103245,8.043808775927287,0,80,80
attention_head_distribution_summary.csv,Frobenius; see metric name for qualifiers.,float64,v_frobenius_norm__mean,25.549196678126947,6.650838350650706,0,80,80
attention_head_distribution_summary.csv,Frobenius; see metric name for qualifiers.,float64,v_frobenius_norm__median,25.24609231426132,6.428931211218761,0,80,80
attention_head_distribution_summary.csv,Frobenius; see metric name for qualifiers.,float64,v_frobenius_norm__minimum,22.08957743282205,5.617120972595613,0,80,80
attention_head_distribution_summary.csv,Frobenius; see metric name for qualifiers.,float64,v_frobenius_norm__q001,22.10497084754437,5.617405408300285,0,80,80
attention_head_distribution_summary.csv,Frobenius; see metric name for qualifiers.,float64,v_frobenius_norm__q01,22.243511580045244,5.619965329642336,0,80,80
attention_head_distribution_summary.csv,Frobenius; see metric name for qualifiers.,float64,v_frobenius_norm__q05,22.97603433787849,5.6807823524717485,0,80,80
attention_head_distribution_summary.csv,Frobenius; see metric name for qualifiers.,float64,v_frobenius_norm__q25,24.397143617162342,5.924378092044353,0,80,80
attention_head_distribution_summary.csv,Frobenius; see metric name for qualifiers.,float64,v_frobenius_norm__q75,26.936621230064063,7.560970108694479,0,80,80
attention_head_distribution_summary.csv,Frobenius; see metric name for qualifiers.,float64,v_frobenius_norm__q95,28.23506755419062,7.857811938049177,0,80,80
attention_head_distribution_summary.csv,Frobenius; see metric name for qualifiers.,float64,v_frobenius_norm__q99,29.746999198186007,7.973855501588189,0,80,80
attention_head_distribution_summary.csv,Frobenius; see metric name for qualifiers.,float64,v_frobenius_norm__q999,30.43009407351152,8.036813448493378,0,80,80
attention_head_distribution_summary.csv,Frobenius; see metric name for qualifiers.,float64,v_frobenius_norm__skewness,2.77951836192119,-0.8611559081758811,0,80,80
attention_head_distribution_summary.csv,Frobenius; see metric name for qualifiers.,float64,v_frobenius_norm__standard_deviation,1.93601129419406,0.4856125254352657,0,80,80
attention_head_distribution_summary.csv,Frobenius; see metric name for qualifiers.,float64,v_frobenius_norm__top1_share,0.0345330829334371,0.0265146074955011,0,80,80
attention_head_distribution_summary.csv,Frobenius; see metric name for qualifiers.,float64,v_frobenius_norm__top5_share,0.1604816092093643,0.1306213591529065,0,80,80
attention_head_distribution_summary.csv,spectral; see metric name for qualifiers.,float64,v_spectral_norm__absolute_effective_count,39.88433282439068,37.12088879097434,0,80,80
attention_head_distribution_summary.csv,spectral; see metric name for qualifiers.,float64,v_spectral_norm__absolute_entropy,3.685983585741444,3.614179851353722,0,80,80
attention_head_distribution_summary.csv,spectral; see metric name for qualifiers.,float64,v_spectral_norm__absolute_hhi,0.0298195260433639,0.0251448615065715,0,80,80
attention_head_distribution_summary.csv,spectral; see metric name for qualifiers.,int64,v_spectral_norm__count,40.0,40.0,0,80,1
attention_head_distribution_summary.csv,spectral; see metric name for qualifiers.,float64,v_spectral_norm__excess_kurtosis,7.197500183123712,-1.204211977796222,0,80,80
attention_head_distribution_summary.csv,spectral; see metric name for qualifiers.,float64,v_spectral_norm__gini_absolute,0.1830377586186453,0.0430474098151221,0,80,80
attention_head_distribution_summary.csv,spectral; see metric name for qualifiers.,float64,v_spectral_norm__maximum,10.526376142671385,2.7825320921683256,0,80,80
attention_head_distribution_summary.csv,spectral; see metric name for qualifiers.,float64,v_spectral_norm__mean,5.800939407460831,1.7681280983462675,0,80,80
attention_head_distribution_summary.csv,spectral; see metric name for qualifiers.,float64,v_spectral_norm__median,5.967217805537691,1.734866170519184,0,80,80
attention_head_distribution_summary.csv,spectral; see metric name for qualifiers.,float64,v_spectral_norm__minimum,4.196293647543266,1.2654479758862265,0,80,80
attention_head_distribution_summary.csv,spectral; see metric name for qualifiers.,float64,v_spectral_norm__q001,4.197785720571695,1.26866406581952,0,80,80
attention_head_distribution_summary.csv,spectral; see metric name for qualifiers.,float64,v_spectral_norm__q01,4.21121437782756,1.2976088752191617,0,80,80
attention_head_distribution_summary.csv,spectral; see metric name for qualifiers.,float64,v_spectral_norm__q05,4.247583611024981,1.4045879651940751,0,80,80
attention_head_distribution_summary.csv,spectral; see metric name for qualifiers.,float64,v_spectral_norm__q25,5.105728859289307,1.6418976083918564,0,80,80
attention_head_distribution_summary.csv,spectral; see metric name for qualifiers.,float64,v_spectral_norm__q75,6.499520768032161,1.919748874435035,0,80,80
attention_head_distribution_summary.csv,spectral; see metric name for qualifiers.,float64,v_spectral_norm__q95,8.207419102528585,2.1517605258187937,0,80,80
attention_head_distribution_summary.csv,spectral; see metric name for qualifiers.,float64,v_spectral_norm__q99,10.34695239961686,2.591614836879703,0,80,80
attention_head_distribution_summary.csv,spectral; see metric name for qualifiers.,float64,v_spectral_norm__q999,10.508433768365933,2.763440366639463,0,80,80
attention_head_distribution_summary.csv,spectral; see metric name for qualifiers.,float64,v_spectral_norm__skewness,2.675965987081163,-0.8762117007573943,0,80,80
attention_head_distribution_summary.csv,spectral; see metric name for qualifiers.,float64,v_spectral_norm__standard_deviation,1.734643636509832,0.2734844591459659,0,80,80
attention_head_distribution_summary.csv,spectral; see metric name for qualifiers.,float64,v_spectral_norm__top1_share,0.0666102076528652,0.0289221867310338,0,80,80
attention_head_distribution_summary.csv,spectral; see metric name for qualifiers.,float64,v_spectral_norm__top5_share,0.2485194185566128,0.1412518103339999,0,80,80
attention_head_distribution_summary.csv,stable rank ||W||_F^2 / ||W||_2^2; see metric name for qualifiers.,float64,v_stable_rank__absolute_effective_count,39.722189835435685,34.38780857048868,0,80,80
attention_head_distribution_summary.csv,stable rank ||W||_F^2 / ||W||_2^2; see metric name for qualifiers.,float64,v_stable_rank__absolute_entropy,3.6819099694658215,3.537702099543437,0,80,80
attention_head_distribution_summary.csv,stable rank ||W||_F^2 / ||W||_2^2; see metric name for qualifiers.,float64,v_stable_rank__absolute_hhi,0.0337681559637078,0.0253515726106049,0,80,80
attention_head_distribution_summary.csv,stable rank ||W||_F^2 / ||W||_2^2; see metric name for qualifiers.,int64,v_stable_rank__count,40.0,40.0,0,80,1
attention_head_distribution_summary.csv,stable rank ||W||_F^2 / ||W||_2^2; see metric name for qualifiers.,float64,v_stable_rank__excess_kurtosis,2.827084416534018,-1.5442049820284784,0,80,80
attention_head_distribution_summary.csv,stable rank ||W||_F^2 / ||W||_2^2; see metric name for qualifiers.,float64,v_stable_rank__gini_absolute,0.3039459728880145,0.0647407277056832,0,80,80
attention_head_distribution_summary.csv,stable rank ||W||_F^2 / ||W||_2^2; see metric name for qualifiers.,float64,v_stable_rank__maximum,52.478112793656166,9.535858624304336,0,80,80
attention_head_distribution_summary.csv,stable rank ||W||_F^2 / ||W||_2^2; see metric name for qualifiers.,float64,v_stable_rank__mean,31.331264282918404,6.205006067072462,0,80,80
attention_head_distribution_summary.csv,stable rank ||W||_F^2 / ||W||_2^2; see metric name for qualifiers.,float64,v_stable_rank__median,32.197338024764704,5.840158298073986,0,80,80
attention_head_distribution_summary.csv,stable rank ||W||_F^2 / ||W||_2^2; see metric name for qualifiers.,float64,v_stable_rank__minimum,22.82953091262344,2.1997095839777705,0,80,80
attention_head_distribution_summary.csv,stable rank ||W||_F^2 / ||W||_2^2; see metric name for qualifiers.,float64,v_stable_rank__q001,22.852944627489457,2.2429681023248675,0,80,80
attention_head_distribution_summary.csv,stable rank ||W||_F^2 / ||W||_2^2; see metric name for qualifiers.,float64,v_stable_rank__q01,23.0636680612836,2.63229476744874,0,80,80
attention_head_distribution_summary.csv,stable rank ||W||_F^2 / ||W||_2^2; see metric name for qualifiers.,float64,v_stable_rank__q05,25.835763771098303,3.131146204620381,0,80,80
attention_head_distribution_summary.csv,stable rank ||W||_F^2 / ||W||_2^2; see metric name for qualifiers.,float64,v_stable_rank__q25,28.34372730880168,4.345785893064208,0,80,80
attention_head_distribution_summary.csv,stable rank ||W||_F^2 / ||W||_2^2; see metric name for qualifiers.,float64,v_stable_rank__q75,41.07664661844676,6.96704602081974,0,80,80
attention_head_distribution_summary.csv,stable rank ||W||_F^2 / ||W||_2^2; see metric name for qualifiers.,float64,v_stable_rank__q95,45.54974886258972,8.924708316988342,0,80,80
attention_head_distribution_summary.csv,stable rank ||W||_F^2 / ||W||_2^2; see metric name for qualifiers.,float64,v_stable_rank__q99,49.95578407986167,9.425097132983725,0,80,80
attention_head_distribution_summary.csv,stable rank ||W||_F^2 / ||W||_2^2; see metric name for qualifiers.,float64,v_stable_rank__q999,52.225879922276704,9.524782475172271,0,80,80
attention_head_distribution_summary.csv,stable rank ||W||_F^2 / ||W||_2^2; see metric name for qualifiers.,float64,v_stable_rank__skewness,1.6857991693566134,-0.9189837218626048,0,80,80
attention_head_distribution_summary.csv,stable rank ||W||_F^2 / ||W||_2^2; see metric name for qualifiers.,float64,v_stable_rank__standard_deviation,10.723571379360012,1.5513555198329152,0,80,80
attention_head_distribution_summary.csv,stable rank ||W||_F^2 / ||W||_2^2; see metric name for qualifiers.,float64,v_stable_rank__top1_share,0.0745384729228546,0.0326153154594843,0,80,80
attention_head_distribution_summary.csv,stable rank ||W||_F^2 / ||W||_2^2; see metric name for qualifiers.,float64,v_stable_rank__top5_share,0.2821313401663339,0.1502217174671263,0,80,80
attention_head_distribution_summary.csv,principal angle in degrees; see metric name for qualifiers.,float64,vo_median_angle_degrees__absolute_effective_count,39.99989335009761,38.051103683444055,0,80,80
attention_head_distribution_summary.csv,principal angle in degrees; see metric name for qualifiers.,float64,vo_median_angle_degrees__absolute_entropy,3.688876787862822,3.638930090022217,0,80,80
attention_head_distribution_summary.csv,principal angle in degrees; see metric name for qualifiers.,float64,vo_median_angle_degrees__absolute_hhi,0.0272338312044175,0.0250001333539936,0,80,80
attention_head_distribution_summary.csv,principal angle in degrees; see metric name for qualifiers.,int64,vo_median_angle_degrees__count,40.0,40.0,0,80,1
attention_head_distribution_summary.csv,principal angle in degrees; see metric name for qualifiers.,float64,vo_median_angle_degrees__excess_kurtosis,15.371551810956156,-1.6397684576422045,0,80,80
attention_head_distribution_summary.csv,principal angle in degrees; see metric name for qualifiers.,float64,vo_median_angle_degrees__gini_absolute,0.165496497641181,0.0012660423505461,0,80,80
attention_head_distribution_summary.csv,principal angle in degrees; see metric name for qualifiers.,float64,vo_median_angle_degrees__maximum,82.92778896462717,71.31912028888547,0,80,80
attention_head_distribution_summary.csv,principal angle in degrees; see metric name for qualifiers.,float64,vo_median_angle_degrees__mean,82.50342584882625,57.33680492617102,0,80,80
attention_head_distribution_summary.csv,principal angle in degrees; see metric name for qualifiers.,float64,vo_median_angle_degrees__median,82.46061146355589,57.95333095195687,0,80,80
attention_head_distribution_summary.csv,principal angle in degrees; see metric name for qualifiers.,float64,vo_median_angle_degrees__minimum,82.03235343894308,24.46481952794576,0,80,80
attention_head_distribution_summary.csv,principal angle in degrees; see metric name for qualifiers.,float64,vo_median_angle_degrees__q001,82.0403544623456,24.470889079375382,0,80,80
attention_head_distribution_summary.csv,principal angle in degrees; see metric name for qualifiers.,float64,vo_median_angle_degrees__q01,82.11236367296839,24.52551504224204,0,80,80
attention_head_distribution_summary.csv,principal angle in degrees; see metric name for qualifiers.,float64,vo_median_angle_degrees__q05,82.29005154648131,26.353154551910933,0,80,80
attention_head_distribution_summary.csv,principal angle in degrees; see metric name for qualifiers.,float64,vo_median_angle_degrees__q25,82.38306581551609,48.5423891902966,0,80,80
attention_head_distribution_summary.csv,principal angle in degrees; see metric name for qualifiers.,float64,vo_median_angle_degrees__q75,82.59428569261163,62.60322217798853,0,80,80
attention_head_distribution_summary.csv,principal angle in degrees; see metric name for qualifiers.,float64,vo_median_angle_degrees__q95,82.8724462439137,68.69012407294353,0,80,80
attention_head_distribution_summary.csv,principal angle in degrees; see metric name for qualifiers.,float64,vo_median_angle_degrees__q99,82.91599057091209,71.22859190728845,0,80,80
attention_head_distribution_summary.csv,principal angle in degrees; see metric name for qualifiers.,float64,vo_median_angle_degrees__q999,82.92660912525567,71.31006745072577,0,80,80
attention_head_distribution_summary.csv,principal angle in degrees; see metric name for qualifiers.,float64,vo_median_angle_degrees__skewness,0.8130550382576511,-3.5232714178163342,0,80,80
attention_head_distribution_summary.csv,principal angle in degrees; see metric name for qualifiers.,float64,vo_median_angle_degrees__standard_deviation,17.558461056543486,0.1905482617470062,0,80,80
attention_head_distribution_summary.csv,principal angle in degrees; see metric name for qualifiers.,float64,vo_median_angle_degrees__top1_share,0.0355573062815725,0.0251285895438386,0,80,80
attention_head_distribution_summary.csv,principal angle in degrees; see metric name for qualifiers.,float64,vo_median_angle_degrees__top5_share,0.1690955008926173,0.1255575777128757,0,80,80
attention_head_distribution_summary.csv,normalized squared subspace overlap; see metric name for qualifiers.,float64,vo_overlap__absolute_effective_count,39.985392961466864,28.671524774885604,0,80,80
attention_head_distribution_summary.csv,normalized squared subspace overlap; see metric name for qualifiers.,float64,vo_overlap__absolute_entropy,3.688514211457629,3.355904462118526,0,80,80
attention_head_distribution_summary.csv,normalized squared subspace overlap; see metric name for qualifiers.,float64,vo_overlap__absolute_hhi,0.0500034513539212,0.0250182303826385,0,80,80
attention_head_distribution_summary.csv,normalized squared subspace overlap; see metric name for qualifiers.,int64,vo_overlap__count,40.0,40.0,0,80,1
attention_head_distribution_summary.csv,normalized squared subspace overlap; see metric name for qualifiers.,float64,vo_overlap__excess_kurtosis,21.827571180319197,-1.584755103428922,0,80,80
attention_head_distribution_summary.csv,normalized squared subspace overlap; see metric name for qualifiers.,float64,vo_overlap__gini_absolute,0.4515393612806608,0.0149887766755629,0,80,80
attention_head_distribution_summary.csv,normalized squared subspace overlap; see metric name for qualifiers.,float64,vo_overlap__maximum,0.8180319740976951,0.0267791540756347,0,80,80
attention_head_distribution_summary.csv,normalized squared subspace overlap; see metric name for qualifiers.,float64,vo_overlap__mean,0.3006575264482012,0.0253068173159265,0,80,80
attention_head_distribution_summary.csv,normalized squared subspace overlap; see metric name for qualifiers.,float64,vo_overlap__median,0.2727072452257946,0.0252959738176954,0,80,80
attention_head_distribution_summary.csv,normalized squared subspace overlap; see metric name for qualifiers.,float64,vo_overlap__minimum,0.1079749728932562,0.023315974299217,0,80,80
attention_head_distribution_summary.csv,normalized squared subspace overlap; see metric name for qualifiers.,float64,vo_overlap__q001,0.1081711328643118,0.023356511341428,0,80,80
attention_head_distribution_summary.csv,normalized squared subspace overlap; see metric name for qualifiers.,float64,vo_overlap__q01,0.1099365726038132,0.0237213447213278,0,80,80
attention_head_distribution_summary.csv,normalized squared subspace overlap; see metric name for qualifiers.,float64,vo_overlap__q05,0.1388409150870279,0.0243822310107885,0,80,80
attention_head_distribution_summary.csv,normalized squared subspace overlap; see metric name for qualifiers.,float64,vo_overlap__q25,0.2125312238425055,0.024822595238341,0,80,80
attention_head_distribution_summary.csv,normalized squared subspace overlap; see metric name for qualifiers.,float64,vo_overlap__q75,0.4190868218740535,0.0256844540555202,0,80,80
attention_head_distribution_summary.csv,normalized squared subspace overlap; see metric name for qualifiers.,float64,vo_overlap__q95,0.7859133378208871,0.026521161417467,0,80,80
attention_head_distribution_summary.csv,normalized squared subspace overlap; see metric name for qualifiers.,float64,vo_overlap__q99,0.8163983361341784,0.0267070914651433,0,80,80
attention_head_distribution_summary.csv,normalized squared subspace overlap; see metric name for qualifiers.,float64,vo_overlap__q999,0.8178686103013435,0.0267719478145855,0,80,80
attention_head_distribution_summary.csv,normalized squared subspace overlap; see metric name for qualifiers.,float64,vo_overlap__skewness,4.477454069280875,-0.4836470689053636,0,80,80
attention_head_distribution_summary.csv,normalized squared subspace overlap; see metric name for qualifiers.,float64,vo_overlap__standard_deviation,0.2534483647954794,0.0006833849618957,0,80,80
attention_head_distribution_summary.csv,normalized squared subspace overlap; see metric name for qualifiers.,float64,vo_overlap__top1_share,0.1366297119197945,0.026454486296447,0,80,80
attention_head_distribution_summary.csv,normalized squared subspace overlap; see metric name for qualifiers.,float64,vo_overlap__top5_share,0.3620714149155907,0.1307358618478362,0,80,80
attention_head_distribution_summary.csv,Machine-readable analysis field; definition follows the literal field name and source table grain.,float64,within_layer_output_redundancy_mean__absolute_effective_count,40.0,39.99999999999998,0,80,2
attention_head_distribution_summary.csv,Machine-readable analysis field; definition follows the literal field name and source table grain.,float64,within_layer_output_redundancy_mean__absolute_entropy,3.688879454113936,3.688879454113936,0,80,1
attention_head_distribution_summary.csv,Machine-readable analysis field; definition follows the literal field name and source table grain.,float64,within_layer_output_redundancy_mean__absolute_hhi,0.025,0.0249999999999999,0,80,2
attention_head_distribution_summary.csv,Machine-readable analysis field; definition follows the literal field name and source table grain.,int64,within_layer_output_redundancy_mean__count,40.0,40.0,0,80,1
attention_head_distribution_summary.csv,Machine-readable analysis field; definition follows the literal field name and source table grain.,float64,within_layer_output_redundancy_mean__excess_kurtosis,0.0,-2.0,0,80,2
attention_head_distribution_summary.csv,Machine-readable analysis field; definition follows the literal field name and source table grain.,float64,within_layer_output_redundancy_mean__gini_absolute,2.220446049250313e-16,-2.220446049250313e-16,0,80,3
attention_head_distribution_summary.csv,Machine-readable analysis field; definition follows the literal field name and source table grain.,float64,within_layer_output_redundancy_mean__maximum,0.0592465162399684,0.0276292699521865,0,80,80
attention_head_distribution_summary.csv,Machine-readable analysis field; definition follows the literal field name and source table grain.,float64,within_layer_output_redundancy_mean__mean,0.0592465162399683,0.0276292699521865,0,80,80
attention_head_distribution_summary.csv,Machine-readable analysis field; definition follows the literal field name and source table grain.,float64,within_layer_output_redundancy_mean__median,0.0592465162399684,0.0276292699521865,0,80,80
attention_head_distribution_summary.csv,Machine-readable analysis field; definition follows the literal field name and source table grain.,float64,within_layer_output_redundancy_mean__minimum,0.0592465162399684,0.0276292699521865,0,80,80
attention_head_distribution_summary.csv,Machine-readable analysis field; definition follows the literal field name and source table grain.,float64,within_layer_output_redundancy_mean__q001,0.0592465162399684,0.0276292699521865,0,80,80
attention_head_distribution_summary.csv,Machine-readable analysis field; definition follows the literal field name and source table grain.,float64,within_layer_output_redundancy_mean__q01,0.0592465162399684,0.0276292699521865,0,80,80
attention_head_distribution_summary.csv,Machine-readable analysis field; definition follows the literal field name and source table grain.,float64,within_layer_output_redundancy_mean__q05,0.0592465162399684,0.0276292699521865,0,80,80
attention_head_distribution_summary.csv,Machine-readable analysis field; definition follows the literal field name and source table grain.,float64,within_layer_output_redundancy_mean__q25,0.0592465162399684,0.0276292699521865,0,80,80
attention_head_distribution_summary.csv,Machine-readable analysis field; definition follows the literal field name and source table grain.,float64,within_layer_output_redundancy_mean__q75,0.0592465162399684,0.0276292699521865,0,80,80
attention_head_distribution_summary.csv,Machine-readable analysis field; definition follows the literal field name and source table grain.,float64,within_layer_output_redundancy_mean__q95,0.0592465162399684,0.0276292699521865,0,80,80
attention_head_distribution_summary.csv,Machine-readable analysis field; definition follows the literal field name and source table grain.,float64,within_layer_output_redundancy_mean__q99,0.0592465162399684,0.0276292699521865,0,80,80
attention_head_distribution_summary.csv,Machine-readable analysis field; definition follows the literal field name and source table grain.,float64,within_layer_output_redundancy_mean__q999,0.0592465162399684,0.0276292699521865,0,80,80
attention_head_distribution_summary.csv,Machine-readable analysis field; definition follows the literal field name and source table grain.,float64,within_layer_output_redundancy_mean__skewness,1.0,-1.0,0,80,3
attention_head_distribution_summary.csv,Machine-readable analysis field; definition follows the literal field name and source table grain.,float64,within_layer_output_redundancy_mean__standard_deviation,6.938893903907228e-18,0.0,0,80,3
attention_head_distribution_summary.csv,Machine-readable analysis field; definition follows the literal field name and source table grain.,float64,within_layer_output_redundancy_mean__top1_share,0.025,0.0249999999999999,0,80,2
attention_head_distribution_summary.csv,Machine-readable analysis field; definition follows the literal field name and source table grain.,float64,within_layer_output_redundancy_mean__top5_share,0.125,0.125,0,80,1
attention_head_permutation_geometry.csv,Machine-readable analysis field; definition follows the literal field name and source table grain.,int64,cycle_count,10.0,1.0,0,79,9
attention_head_permutation_geometry.csv,Machine-readable analysis field; definition follows the literal field name and source table grain.,float64,fixed_index_similarity_mean,0.0835520597480544,0.0294547670581487,0,79,79
attention_head_permutation_geometry.csv,Machine-readable analysis field; definition follows the literal field name and source table grain.,int64,fixed_points,4.0,0.0,0,79,5
attention_head_permutation_geometry.csv,Machine-readable analysis field; definition follows the literal field name and source table grain.,int64,from_block,78.0,0.0,0,79,79
attention_head_permutation_geometry.csv,Machine-readable analysis field; definition follows the literal field name and source table grain.,object,head_permutation,,,0,79,79
attention_head_permutation_geometry.csv,Machine-readable analysis field; definition follows the literal field name and source table grain.,float64,hungarian_similarity_mean,0.0952420949301466,0.0326506721319368,0,79,79
attention_head_permutation_geometry.csv,Machine-readable analysis field; definition follows the literal field name and source table grain.,float64,matching_gain,0.0521660730941961,0.003195905073788,0,79,79
attention_head_permutation_geometry.csv,Machine-readable analysis field; definition follows the literal field name and source table grain.,int64,maximum_cycle_length,40.0,10.0,0,79,29
attention_head_permutation_geometry.csv,Machine-readable analysis field; definition follows the literal field name and source table grain.,int64,maximum_head_displacement,39.0,28.0,0,79,11
attention_head_permutation_geometry.csv,Machine-readable analysis field; definition follows the literal field name and source table grain.,float64,mean_absolute_head_displacement,17.25,10.2,0,79,58
attention_head_permutation_geometry.csv,Machine-readable analysis field; definition follows the literal field name and source table grain.,float64,mean_cycle_length,40.0,4.0,0,79,9
attention_head_permutation_geometry.csv,Machine-readable analysis field; definition follows the literal field name and source table grain.,int64,permutation_inversion_count,493.0,301.0,0,79,64
attention_head_permutation_geometry.csv,Machine-readable analysis field; definition follows the literal field name and source table grain.,int64,to_block,79.0,1.0,0,79,79
compression_pareto.csv,Zero-based ESMC transformer block index.,int64,block,79.0,0.0,0,3920,80
compression_pareto.csv,estimated stored parameter fraction; see metric name for qualifiers.,float64,effective_storage_fraction,0.9000000059604645,0.1251446759259259,0,3920,9
compression_pareto.csv,"Weight-matrix family: q, k, v, o, gate, value, or down.",object,family,,,0,3920,7
compression_pareto.csv,Machine-readable analysis field; definition follows the literal field name and source table grain.,float64,flattened_cosine,0.999999991056288,0.8505455899180362,0,3920,3920
compression_pareto.csv,estimated stored parameter fraction; see metric name for qualifiers.,float64,ideal_value_storage_fraction,0.9000000059604645,0.25,1120,3920,5
compression_pareto.csv,Machine-readable analysis field; definition follows the literal field name and source table grain.,object,method,,,0,3920,7
compression_pareto.csv,Machine-readable analysis field; definition follows the literal field name and source table grain.,int64,pareto_optimal,1.0,0.0,0,3920,2
compression_pareto.csv,One-based ESMC hidden-state index emitted after this block.,int64,produced_state,80.0,1.0,0,3920,80
compression_pareto.csv,Frobenius; see metric name for qualifiers.,float64,relative_frobenius_error,0.5259013210393941,0.00013374387459,0,3920,3920
compression_pareto.csv,estimated stored parameter fraction; see metric name for qualifiers.,float64,reported_storage_fraction,0.250390625,0.1251446759259259,2800,3920,4
compression_pareto.csv,spectral; see metric name for qualifiers.,float64,spectral_distortion,0.9369563191922452,3.0358890448045248e-05,0,3920,3920
data_quality_checks.csv,Machine-readable analysis field; definition follows the literal field name and source table grain.,object,check,,,0,42,3
data_quality_checks.csv,Machine-readable analysis field; definition follows the literal field name and source table grain.,object,detail,,,14,42,2
data_quality_checks.csv,Machine-readable analysis field; definition follows the literal field name and source table grain.,object,scope,,,0,42,14
data_quality_checks.csv,Machine-readable analysis field; definition follows the literal field name and source table grain.,object,status,,,0,42,2
data_quality_checks.csv,Machine-readable analysis field; definition follows the literal field name and source table grain.,int64,value,53200.0,0.0,0,42,20
derived_layer_anomalies.csv,Zero-based ESMC transformer block index.,int64,block,79.0,0.0,0,364080,80
derived_layer_anomalies.csv,Machine-readable analysis field; definition follows the literal field name and source table grain.,float64,depth_adjusted_bh_q_within_series,1.0,0.0,0,364080,90861
derived_layer_anomalies.csv,Machine-readable analysis field; definition follows the literal field name and source table grain.,float64,depth_adjusted_global_robust_z,193.6174114032584,-187.0636848109249,0,364080,356019
derived_layer_anomalies.csv,Machine-readable analysis field; definition follows the literal field name and source table grain.,float64,depth_adjusted_normal_approximation_p,1.0,0.0,0,364080,351253
derived_layer_anomalies.csv,Machine-readable analysis field; definition follows the literal field name and source table grain.,float64,depth_residual,2637.6439453721,-2182.354923946499,0,364080,355969
derived_layer_anomalies.csv,Machine-readable analysis field; definition follows the literal field name and source table grain.,float64,depth_trend,7527.117299769021,-259.3571204810951,0,364080,355939
derived_layer_anomalies.csv,Machine-readable analysis field; definition follows the literal field name and source table grain.,float64,empirical_bh_q_within_series,1.0,1.0,0,364080,1
derived_layer_anomalies.csv,Machine-readable analysis field; definition follows the literal field name and source table grain.,float64,empirical_outlier_p,1.0,0.0246913580246913,0,364080,80
derived_layer_anomalies.csv,"Weight-matrix family: q, k, v, o, gate, value, or down.",object,family,,,0,364080,281
derived_layer_anomalies.csv,Machine-readable analysis field; definition follows the literal field name and source table grain.,float64,global_percentile,0.99375,0.00625,0,364080,80
derived_layer_anomalies.csv,Machine-readable analysis field; definition follows the literal field name and source table grain.,float64,local_bh_q_within_series,1.0,0.0,0,364080,92999
derived_layer_anomalies.csv,Machine-readable analysis field; definition follows the literal field name and source table grain.,float64,local_normal_approximation_p,1.0,0.0,0,364080,355225
derived_layer_anomalies.csv,Machine-readable analysis field; definition follows the literal field name and source table grain.,float64,local_robust_z,4054.9017640862585,-228.43191903632348,30,364080,356018
derived_layer_anomalies.csv,Machine-readable analysis field; definition follows the literal field name and source table grain.,object,metric,,,0,364080,930
derived_layer_anomalies.csv,Machine-readable analysis field; definition follows the literal field name and source table grain.,int64,prespecified_candidate,1.0,0.0,0,364080,2
derived_layer_anomalies.csv,One-based ESMC hidden-state index emitted after this block.,int64,produced_state,80.0,1.0,0,364080,80
derived_layer_anomalies.csv,Machine-readable analysis field; definition follows the literal field name and source table grain.,object,source_table,,,0,364080,9
derived_layer_anomalies.csv,Machine-readable analysis field; definition follows the literal field name and source table grain.,float64,value,6910.838050204978,-194.3947537750442,0,364080,351467
derived_layer_metrics_long.csv,Zero-based ESMC transformer block index.,int64,block,79.0,0.0,0,438706,80
derived_layer_metrics_long.csv,"Weight-matrix family: q, k, v, o, gate, value, or down.",object,family,,,0,438706,330
derived_layer_metrics_long.csv,Machine-readable analysis field; definition follows the literal field name and source table grain.,object,metric,,,0,438706,1046
derived_layer_metrics_long.csv,One-based ESMC hidden-state index emitted after this block.,int64,produced_state,80.0,1.0,0,438706,80
derived_layer_metrics_long.csv,Machine-readable analysis field; definition follows the literal field name and source table grain.,object,source_table,,,0,438706,14
derived_layer_metrics_long.csv,Machine-readable analysis field; definition follows the literal field name and source table grain.,float64,value,6912.0,-194.3947537750442,0,438706,416515
derived_mixer_correlations.csv,Pinned ESMFold2 checkpoint label.,object,checkpoint,,,0,91020,4
derived_mixer_correlations.csv,Machine-readable analysis field; definition follows the literal field name and source table grain.,float64,checkpoint_consistency_bh_q,1.0,0.0125,80,91020,337
derived_mixer_correlations.csv,Machine-readable analysis field; definition follows the literal field name and source table grain.,float64,depth_detrended_pearson,0.9301497192892196,-0.927250194687187,80,91020,88999
derived_mixer_correlations.csv,Exact two-sided null p-value over all unique nonzero circular depth shifts.,float64,exact_circular_shift_p,1.0,0.0125,80,91020,234
derived_mixer_correlations.csv,"Weight-matrix family: q, k, v, o, gate, value, or down.",object,family,,,0,91020,281
derived_mixer_correlations.csv,Machine-readable analysis field; definition follows the literal field name and source table grain.,int64,lag,2.0,-2.0,0,91020,5
derived_mixer_correlations.csv,Machine-readable analysis field; definition follows the literal field name and source table grain.,object,metric,,,0,91020,930
derived_mixer_correlations.csv,Machine-readable analysis field; definition follows the literal field name and source table grain.,int64,n,80.0,78.0,0,91020,3
derived_mixer_correlations.csv,Machine-readable analysis field; definition follows the literal field name and source table grain.,float64,pearson,0.9297693772274008,-0.931300197416699,96,91020,88981
derived_mixer_correlations.csv,Machine-readable analysis field; definition follows the literal field name and source table grain.,int64,primary_indexing,1.0,0.0,0,91020,2
derived_mixer_correlations.csv,Machine-readable analysis field; definition follows the literal field name and source table grain.,object,source_table,,,0,91020,9
derived_mixer_correlations.csv,Machine-readable analysis field; definition follows the literal field name and source table grain.,float64,source_wide_bh_q,1.0,0.0465130766116054,80,91020,1246
derived_mixer_correlations.csv,Machine-readable analysis field; definition follows the literal field name and source table grain.,float64,spearman,0.8981012658227848,-0.8981012658227848,100,91020,64629
derived_mixer_correlations.csv,Machine-readable analysis field; definition follows the literal field name and source table grain.,int64,unique_nonzero_shifts,79.0,0.0,0,91020,4
ffn_neuron_summary.csv,Zero-based ESMC transformer block index.,int64,block,79.0,0.0,0,80,80
ffn_neuron_summary.csv,Machine-readable analysis field; definition follows the literal field name and source table grain.,float64,down_norm__absolute_effective_count,6910.772250525402,4822.442945843744,0,80,80
ffn_neuron_summary.csv,Machine-readable analysis field; definition follows the literal field name and source table grain.,float64,down_norm__absolute_entropy,8.84083666891452,8.481035913884341,0,80,80
ffn_neuron_summary.csv,Machine-readable analysis field; definition follows the literal field name and source table grain.,float64,down_norm__absolute_hhi,0.0002770698216335,0.000144728151551,0,80,80
ffn_neuron_summary.csv,Machine-readable analysis field; definition follows the literal field name and source table grain.,int64,down_norm__count,6912.0,6912.0,0,80,1
ffn_neuron_summary.csv,Machine-readable analysis field; definition follows the literal field name and source table grain.,float64,down_norm__excess_kurtosis,96.38079602402776,-1.9341949595217165,0,80,80
ffn_neuron_summary.csv,Machine-readable analysis field; definition follows the literal field name and source table grain.,float64,down_norm__gini_absolute,0.4266762500033896,0.0084146099992823,0,80,80
ffn_neuron_summary.csv,Machine-readable analysis field; definition follows the literal field name and source table grain.,float64,down_norm__maximum,6.197587013244629,2.382423162460327,0,80,80
ffn_neuron_summary.csv,Machine-readable analysis field; definition follows the literal field name and source table grain.,float64,down_norm__mean,2.322948318509454,0.6638440840049751,0,80,80
ffn_neuron_summary.csv,Machine-readable analysis field; definition follows the literal field name and source table grain.,float64,down_norm__median,2.29913592338562,0.3190598338842392,0,80,80
ffn_neuron_summary.csv,Machine-readable analysis field; definition follows the literal field name and source table grain.,float64,down_norm__minimum,1.9160099029541016,0.2821147739887237,0,80,80
ffn_neuron_summary.csv,Machine-readable analysis field; definition follows the literal field name and source table grain.,float64,down_norm__q001,1.982886625170708,0.2866737821400165,0,80,80
ffn_neuron_summary.csv,Machine-readable analysis field; definition follows the literal field name and source table grain.,float64,down_norm__q01,2.167920250892639,0.2921741420030594,0,80,80
ffn_neuron_summary.csv,Machine-readable analysis field; definition follows the literal field name and source table grain.,float64,down_norm__q05,2.2052998661994936,0.2986831367015838,0,80,80
ffn_neuron_summary.csv,Machine-readable analysis field; definition follows the literal field name and source table grain.,float64,down_norm__q25,2.2363409399986267,0.3090010061860084,0,80,80
ffn_neuron_summary.csv,Machine-readable analysis field; definition follows the literal field name and source table grain.,float64,down_norm__q75,2.46866637468338,0.3657063320279121,0,80,80
ffn_neuron_summary.csv,Machine-readable analysis field; definition follows the literal field name and source table grain.,float64,down_norm__q95,2.7766292333602904,1.890991395711899,0,80,80
ffn_neuron_summary.csv,Machine-readable analysis field; definition follows the literal field name and source table grain.,float64,down_norm__q99,3.1520303773880016,2.119893140792847,0,80,80
ffn_neuron_summary.csv,Machine-readable analysis field; definition follows the literal field name and source table grain.,float64,down_norm__q999,3.756663811206812,2.2828861844539623,0,80,80
ffn_neuron_summary.csv,Machine-readable analysis field; definition follows the literal field name and source table grain.,float64,down_norm__skewness,5.569135161972619,-3.312858899870656,0,80,80
ffn_neuron_summary.csv,Machine-readable analysis field; definition follows the literal field name and source table grain.,float64,down_norm__standard_deviation,0.8077807582518329,0.04268655353971,0,80,80
ffn_neuron_summary.csv,Machine-readable analysis field; definition follows the literal field name and source table grain.,float64,gate_down_cosine__absolute_effective_count,5644.123849744825,3557.434672169846,0,80,80
ffn_neuron_summary.csv,Machine-readable analysis field; definition follows the literal field name and source table grain.,float64,gate_down_cosine__absolute_entropy,8.638370256343716,8.176794966385657,0,80,80
ffn_neuron_summary.csv,Machine-readable analysis field; definition follows the literal field name and source table grain.,float64,gate_down_cosine__absolute_hhi,0.0005777661502266,0.0002006729837441,0,80,80
ffn_neuron_summary.csv,Machine-readable analysis field; definition follows the literal field name and source table grain.,int64,gate_down_cosine__count,6912.0,6912.0,0,80,1
ffn_neuron_summary.csv,Machine-readable analysis field; definition follows the literal field name and source table grain.,float64,gate_down_cosine__excess_kurtosis,46.5056109820209,-0.6929023584091105,0,80,80
ffn_neuron_summary.csv,Machine-readable analysis field; definition follows the literal field name and source table grain.,float64,gate_down_cosine__gini_absolute,0.5775077354143874,0.3482157552541742,0,80,80
ffn_neuron_summary.csv,Machine-readable analysis field; definition follows the literal field name and source table grain.,float64,gate_down_cosine__maximum,0.8851828575134277,0.2190881073474884,0,80,80
ffn_neuron_summary.csv,Machine-readable analysis field; definition follows the literal field name and source table grain.,float64,gate_down_cosine__mean,0.002989618123441,-0.008076341478348,0,80,80
ffn_neuron_summary.csv,Machine-readable analysis field; definition follows the literal field name and source table grain.,float64,gate_down_cosine__median,0.0045346471015363,-0.005174845457077,0,80,80
ffn_neuron_summary.csv,Machine-readable analysis field; definition follows the literal field name and source table grain.,float64,gate_down_cosine__minimum,-0.1995024383068084,-0.8759863376617432,0,80,80
ffn_neuron_summary.csv,Machine-readable analysis field; definition follows the literal field name and source table grain.,float64,gate_down_cosine__q001,-0.1796197947263717,-0.8657821891903877,0,80,80
ffn_neuron_summary.csv,Machine-readable analysis field; definition follows the literal field name and source table grain.,float64,gate_down_cosine__q01,-0.1224700909852981,-0.850831447839737,0,80,80
ffn_neuron_summary.csv,Machine-readable analysis field; definition follows the literal field name and source table grain.,float64,gate_down_cosine__q05,-0.0432255426421761,-0.7374242395162582,0,80,80
ffn_neuron_summary.csv,Machine-readable analysis field; definition follows the literal field name and source table grain.,float64,gate_down_cosine__q25,-0.0141892544925212,-0.2221724949777126,0,80,80
ffn_neuron_summary.csv,Machine-readable analysis field; definition follows the literal field name and source table grain.,float64,gate_down_cosine__q75,0.2174438498914241,0.0137708387337625,0,80,80
ffn_neuron_summary.csv,Machine-readable analysis field; definition follows the literal field name and source table grain.,float64,gate_down_cosine__q95,0.7546611726284025,0.0420056181028485,0,80,80
ffn_neuron_summary.csv,Machine-readable analysis field; definition follows the literal field name and source table grain.,float64,gate_down_cosine__q99,0.8537225931882858,0.1264472284913063,0,80,80
ffn_neuron_summary.csv,Machine-readable analysis field; definition follows the literal field name and source table grain.,float64,gate_down_cosine__q999,0.8714762287139891,0.1821483472287653,0,80,80
ffn_neuron_summary.csv,Machine-readable analysis field; definition follows the literal field name and source table grain.,float64,gate_down_cosine__skewness,1.656621546724461,-1.7501579100410471,0,80,80
ffn_neuron_summary.csv,Machine-readable analysis field; definition follows the literal field name and source table grain.,float64,gate_down_cosine__standard_deviation,0.3662870461056047,0.0439082148366501,0,80,80
ffn_neuron_summary.csv,Machine-readable analysis field; definition follows the literal field name and source table grain.,float64,gate_norm__absolute_effective_count,6910.838050204978,5882.500378081918,0,80,80
ffn_neuron_summary.csv,Machine-readable analysis field; definition follows the literal field name and source table grain.,float64,gate_norm__absolute_entropy,8.840846190189993,8.679737184873835,0,80,80
ffn_neuron_summary.csv,Machine-readable analysis field; definition follows the literal field name and source table grain.,float64,gate_norm__absolute_hhi,0.000207344282311,0.0001447253272362,0,80,80
ffn_neuron_summary.csv,Machine-readable analysis field; definition follows the literal field name and source table grain.,int64,gate_norm__count,6912.0,6912.0,0,80,1
ffn_neuron_summary.csv,Machine-readable analysis field; definition follows the literal field name and source table grain.,float64,gate_norm__excess_kurtosis,69.01642669794914,-1.901197859602371,0,80,80
ffn_neuron_summary.csv,Machine-readable analysis field; definition follows the literal field name and source table grain.,float64,gate_norm__gini_absolute,0.2588998065430794,0.0074984722959394,0,80,80
ffn_neuron_summary.csv,Machine-readable analysis field; definition follows the literal field name and source table grain.,float64,gate_norm__maximum,4.253585338592529,2.2340829372406006,0,80,80
ffn_neuron_summary.csv,Machine-readable analysis field; definition follows the literal field name and source table grain.,float64,gate_norm__mean,2.282849272488858,0.8953097850101551,0,80,80
ffn_neuron_summary.csv,Machine-readable analysis field; definition follows the literal field name and source table grain.,float64,gate_norm__median,2.2630163431167603,0.7362600862979889,0,80,80
ffn_neuron_summary.csv,Machine-readable analysis field; definition follows the literal field name and source table grain.,float64,gate_norm__minimum,1.79436194896698,0.4900611042976379,0,80,80
ffn_neuron_summary.csv,Machine-readable analysis field; definition follows the literal field name and source table grain.,float64,gate_norm__q001,1.8897424129247664,0.5649628303050995,0,80,80
ffn_neuron_summary.csv,Machine-readable analysis field; definition follows the literal field name and source table grain.,float64,gate_norm__q01,2.0960239696502687,0.6867226266860962,0,80,80
ffn_neuron_summary.csv,Machine-readable analysis field; definition follows the literal field name and source table grain.,float64,gate_norm__q05,2.123585045337677,0.7000885367393493,0,80,80
ffn_neuron_summary.csv,Machine-readable analysis field; definition follows the literal field name and source table grain.,float64,gate_norm__q25,2.183196246623993,0.7205875813961029,0,80,80
ffn_neuron_summary.csv,Machine-readable analysis field; definition follows the literal field name and source table grain.,float64,gate_norm__q75,2.3754101395606995,0.7587414979934692,0,80,80
ffn_neuron_summary.csv,Machine-readable analysis field; definition follows the literal field name and source table grain.,float64,gate_norm__q95,2.7287821173667908,1.3200860261917111,0,80,80
ffn_neuron_summary.csv,Machine-readable analysis field; definition follows the literal field name and source table grain.,float64,gate_norm__q99,2.9552932739257813,1.737058564424515,0,80,80
ffn_neuron_summary.csv,Machine-readable analysis field; definition follows the literal field name and source table grain.,float64,gate_norm__q999,3.387338485002517,2.078340139150619,0,80,80
ffn_neuron_summary.csv,Machine-readable analysis field; definition follows the literal field name and source table grain.,float64,gate_norm__skewness,4.63017986182734,-3.086622621522804,0,80,80
ffn_neuron_summary.csv,Machine-readable analysis field; definition follows the literal field name and source table grain.,float64,gate_norm__standard_deviation,0.6902058467820597,0.0399587009169688,0,80,80
ffn_neuron_summary.csv,Machine-readable analysis field; definition follows the literal field name and source table grain.,float64,gate_norm_down_norm_pearson,0.9897735913341936,-0.2152788971658809,0,80,80
ffn_neuron_summary.csv,Machine-readable analysis field; definition follows the literal field name and source table grain.,float64,gate_norm_down_norm_spearman,0.9795758200801395,-0.1138857784832355,0,80,80
ffn_neuron_summary.csv,Machine-readable analysis field; definition follows the literal field name and source table grain.,float64,gate_norm_value_norm_pearson,0.9903029666111144,-0.08225184136761,0,80,80
ffn_neuron_summary.csv,Machine-readable analysis field; definition follows the literal field name and source table grain.,float64,gate_norm_value_norm_spearman,0.9769939257730388,-0.1439857331514046,0,80,80
ffn_neuron_summary.csv,Machine-readable analysis field; definition follows the literal field name and source table grain.,float64,gate_value_cosine__absolute_effective_count,6586.046477282283,1674.90744781929,0,80,80
ffn_neuron_summary.csv,Machine-readable analysis field; definition follows the literal field name and source table grain.,float64,gate_value_cosine__absolute_entropy,8.792708519893232,7.4235131876992915,0,80,80
ffn_neuron_summary.csv,Machine-readable analysis field; definition follows the literal field name and source table grain.,float64,gate_value_cosine__absolute_hhi,0.0010817846462759,0.0001558608212725,0,80,80
ffn_neuron_summary.csv,Machine-readable analysis field; definition follows the literal field name and source table grain.,int64,gate_value_cosine__count,6912.0,6912.0,0,80,1
ffn_neuron_summary.csv,Machine-readable analysis field; definition follows the literal field name and source table grain.,float64,gate_value_cosine__excess_kurtosis,62.26884335867136,-1.814058105729074,0,80,80
ffn_neuron_summary.csv,Machine-readable analysis field; definition follows the literal field name and source table grain.,float64,gate_value_cosine__gini_absolute,0.7973230755261451,0.1471458243045125,0,80,80
ffn_neuron_summary.csv,Machine-readable analysis field; definition follows the literal field name and source table grain.,float64,gate_value_cosine__maximum,0.9807684421539308,0.5391911268234253,0,80,80
ffn_neuron_summary.csv,Machine-readable analysis field; definition follows the literal field name and source table grain.,float64,gate_value_cosine__mean,0.0171847024015463,-0.0164369120965501,0,80,80
ffn_neuron_summary.csv,Machine-readable analysis field; definition follows the literal field name and source table grain.,float64,gate_value_cosine__median,0.0893487855792045,-0.0611794106662273,0,80,80
ffn_neuron_summary.csv,Machine-readable analysis field; definition follows the literal field name and source table grain.,float64,gate_value_cosine__minimum,-0.6123509407043457,-0.9799139499664308,0,80,80
ffn_neuron_summary.csv,Machine-readable analysis field; definition follows the literal field name and source table grain.,float64,gate_value_cosine__q001,-0.3883722549676895,-0.9513595832586288,0,80,80
ffn_neuron_summary.csv,Machine-readable analysis field; definition follows the literal field name and source table grain.,float64,gate_value_cosine__q01,-0.1045166701078414,-0.8018648451566697,0,80,80
ffn_neuron_summary.csv,Machine-readable analysis field; definition follows the literal field name and source table grain.,float64,gate_value_cosine__q05,-0.0485349284484982,-0.7413018733263016,0,80,80
ffn_neuron_summary.csv,Machine-readable analysis field; definition follows the literal field name and source table grain.,float64,gate_value_cosine__q25,-0.0070995294954627,-0.6181823313236237,0,80,80
ffn_neuron_summary.csv,Machine-readable analysis field; definition follows the literal field name and source table grain.,float64,gate_value_cosine__q75,0.6240696161985397,0.0072778880130499,0,80,80
ffn_neuron_summary.csv,Machine-readable analysis field; definition follows the literal field name and source table grain.,float64,gate_value_cosine__q95,0.7388136148452759,0.0481449112296104,0,80,80
ffn_neuron_summary.csv,Machine-readable analysis field; definition follows the literal field name and source table grain.,float64,gate_value_cosine__q99,0.8014946019649506,0.1169734631478787,0,80,80
ffn_neuron_summary.csv,Machine-readable analysis field; definition follows the literal field name and source table grain.,float64,gate_value_cosine__q999,0.93901649993658,0.3293331376314161,0,80,80
ffn_neuron_summary.csv,Machine-readable analysis field; definition follows the literal field name and source table grain.,float64,gate_value_cosine__skewness,1.9146190954204243,-1.8295645771248867,0,80,80
ffn_neuron_summary.csv,Machine-readable analysis field; definition follows the literal field name and source table grain.,float64,gate_value_cosine__standard_deviation,0.5979911790971315,0.0503173093756896,0,80,80
ffn_neuron_summary.csv,One-based ESMC hidden-state index emitted after this block.,int64,produced_state,80.0,1.0,0,80,80
ffn_neuron_summary.csv,Machine-readable analysis field; definition follows the literal field name and source table grain.,float64,triple_strength__absolute_effective_count,6898.469075616853,1324.3746705342385,0,80,80
ffn_neuron_summary.csv,Machine-readable analysis field; definition follows the literal field name and source table grain.,float64,triple_strength__absolute_entropy,8.839054792868867,7.188695680251783,0,80,80
ffn_neuron_summary.csv,Machine-readable analysis field; definition follows the literal field name and source table grain.,float64,triple_strength__absolute_hhi,0.0010113006933333,0.000145308682676,0,80,80
ffn_neuron_summary.csv,Machine-readable analysis field; definition follows the literal field name and source table grain.,int64,triple_strength__count,6912.0,6912.0,0,80,1
ffn_neuron_summary.csv,Machine-readable analysis field; definition follows the literal field name and source table grain.,float64,triple_strength__excess_kurtosis,168.1828626328913,-1.7770739465744536,0,80,80
ffn_neuron_summary.csv,Machine-readable analysis field; definition follows the literal field name and source table grain.,float64,triple_strength__gini_absolute,0.8179242190284279,0.0255015972363765,0,80,80
ffn_neuron_summary.csv,Machine-readable analysis field; definition follows the literal field name and source table grain.,float64,triple_strength__maximum,90.92948150634766,8.98227310180664,0,80,80
ffn_neuron_summary.csv,Machine-readable analysis field; definition follows the literal field name and source table grain.,float64,triple_strength__mean,12.398776335641742,0.8326590491557943,0,80,80
ffn_neuron_summary.csv,Machine-readable analysis field; definition follows the literal field name and source table grain.,float64,triple_strength__median,11.83880376815796,0.051008753478527,0,80,80
ffn_neuron_summary.csv,Machine-readable analysis field; definition follows the literal field name and source table grain.,float64,triple_strength__minimum,6.787450313568115,0.035155065357685,0,80,80
ffn_neuron_summary.csv,Machine-readable analysis field; definition follows the literal field name and source table grain.,float64,triple_strength__q001,7.593193046569824,0.0361448213718831,0,80,80
ffn_neuron_summary.csv,Machine-readable analysis field; definition follows the literal field name and source table grain.,float64,triple_strength__q01,9.987263450622558,0.0378088031709194,0,80,80
ffn_neuron_summary.csv,Machine-readable analysis field; definition follows the literal field name and source table grain.,float64,triple_strength__q05,10.446434688568116,0.0397698134183883,0,80,80
ffn_neuron_summary.csv,Machine-readable analysis field; definition follows the literal field name and source table grain.,float64,triple_strength__q25,10.82839584350586,0.0436312891542911,0,80,80
ffn_neuron_summary.csv,Machine-readable analysis field; definition follows the literal field name and source table grain.,float64,triple_strength__q75,13.864384651184082,0.0739664677530527,0,80,80
ffn_neuron_summary.csv,Machine-readable analysis field; definition follows the literal field name and source table grain.,float64,triple_strength__q95,20.586140441894525,2.9215690612792966,0,80,80
ffn_neuron_summary.csv,Machine-readable analysis field; definition follows the literal field name and source table grain.,float64,triple_strength__q99,29.51669879913337,5.449691238403324,0,80,80
ffn_neuron_summary.csv,Machine-readable analysis field; definition follows the literal field name and source table grain.,float64,triple_strength__q999,43.57648857879637,7.217274458408355,0,80,80
ffn_neuron_summary.csv,Machine-readable analysis field; definition follows the literal field name and source table grain.,float64,triple_strength__skewness,8.0976823631109,-1.5232561228617714,0,80,80
ffn_neuron_summary.csv,Machine-readable analysis field; definition follows the literal field name and source table grain.,float64,triple_strength__standard_deviation,4.842907915083632,0.7302401462567392,0,80,80
ffn_neuron_summary.csv,Machine-readable analysis field; definition follows the literal field name and source table grain.,float64,triple_strength_top1000_share,0.927809360085768,0.1567206947464682,0,80,80
ffn_neuron_summary.csv,Machine-readable analysis field; definition follows the literal field name and source table grain.,float64,triple_strength_top100_share,0.1582112496890029,0.0183803133591217,0,80,80
ffn_neuron_summary.csv,Machine-readable analysis field; definition follows the literal field name and source table grain.,float64,triple_strength_top10_share,0.0237020734634369,0.002166021552596,0,80,80
ffn_neuron_summary.csv,Machine-readable analysis field; definition follows the literal field name and source table grain.,float64,triple_strength_top1_share,0.0029954227320097,0.0002261718409544,0,80,80
ffn_neuron_summary.csv,Machine-readable analysis field; definition follows the literal field name and source table grain.,float64,triple_strength_top500_share,0.5954242886419717,0.0809828896036925,0,80,80
ffn_neuron_summary.csv,Machine-readable analysis field; definition follows the literal field name and source table grain.,float64,triple_strength_top50_share,0.0904830179755563,0.0100232379070873,0,80,80
ffn_neuron_summary.csv,Machine-readable analysis field; definition follows the literal field name and source table grain.,float64,value_down_cosine__absolute_effective_count,6478.123119178184,3655.954601059584,0,80,80
ffn_neuron_summary.csv,Machine-readable analysis field; definition follows the literal field name and source table grain.,float64,value_down_cosine__absolute_entropy,8.776186105289813,8.204112514843654,0,80,80
ffn_neuron_summary.csv,Machine-readable analysis field; definition follows the literal field name and source table grain.,float64,value_down_cosine__absolute_hhi,0.0003465009465823,0.0001625170362479,0,80,80
ffn_neuron_summary.csv,Machine-readable analysis field; definition follows the literal field name and source table grain.,int64,value_down_cosine__count,6912.0,6912.0,0,80,1
ffn_neuron_summary.csv,Machine-readable analysis field; definition follows the literal field name and source table grain.,float64,value_down_cosine__excess_kurtosis,46.98234943775196,-1.5589622645173555,0,80,80
ffn_neuron_summary.csv,Machine-readable analysis field; definition follows the literal field name and source table grain.,float64,value_down_cosine__gini_absolute,0.5941243237063998,0.1910627682352432,0,80,80
ffn_neuron_summary.csv,Machine-readable analysis field; definition follows the literal field name and source table grain.,float64,value_down_cosine__maximum,0.8425617218017578,0.2054450809955597,0,80,80
ffn_neuron_summary.csv,Machine-readable analysis field; definition follows the literal field name and source table grain.,float64,value_down_cosine__mean,0.2196102558420736,-0.1126806293420856,0,80,80
ffn_neuron_summary.csv,Machine-readable analysis field; definition follows the literal field name and source table grain.,float64,value_down_cosine__median,0.2977757751941681,-0.1095449887216091,0,80,80
ffn_neuron_summary.csv,Machine-readable analysis field; definition follows the literal field name and source table grain.,float64,value_down_cosine__minimum,-0.0776723176240921,-0.9180504083633424,0,80,80
ffn_neuron_summary.csv,Machine-readable analysis field; definition follows the literal field name and source table grain.,float64,value_down_cosine__q001,-0.0316305813640356,-0.9133729972243309,0,80,80
ffn_neuron_summary.csv,Machine-readable analysis field; definition follows the literal field name and source table grain.,float64,value_down_cosine__q01,0.0346637043356895,-0.9081089067459106,0,80,80
ffn_neuron_summary.csv,Machine-readable analysis field; definition follows the literal field name and source table grain.,float64,value_down_cosine__q05,0.0673912554979324,-0.7898641347885131,0,80,80
ffn_neuron_summary.csv,Machine-readable analysis field; definition follows the literal field name and source table grain.,float64,value_down_cosine__q25,0.1200831606984138,-0.1629779152572155,0,80,80
ffn_neuron_summary.csv,Machine-readable analysis field; definition follows the literal field name and source table grain.,float64,value_down_cosine__q75,0.4269797205924988,-0.0828281957656145,0,80,80
ffn_neuron_summary.csv,Machine-readable analysis field; definition follows the literal field name and source table grain.,float64,value_down_cosine__q95,0.5574717044830322,-0.0380686508491635,0,80,80
ffn_neuron_summary.csv,Machine-readable analysis field; definition follows the literal field name and source table grain.,float64,value_down_cosine__q99,0.7840275752544403,0.0219329482503238,0,80,80
ffn_neuron_summary.csv,Machine-readable analysis field; definition follows the literal field name and source table grain.,float64,value_down_cosine__q999,0.815696041226387,0.1466535888612263,0,80,80
ffn_neuron_summary.csv,Machine-readable analysis field; definition follows the literal field name and source table grain.,float64,value_down_cosine__skewness,1.4034961653504907,-3.6152163269719777,0,80,80
ffn_neuron_summary.csv,Machine-readable analysis field; definition follows the literal field name and source table grain.,float64,value_down_cosine__standard_deviation,0.3671435852506571,0.045839056042436,0,80,80
ffn_neuron_summary.csv,Machine-readable analysis field; definition follows the literal field name and source table grain.,float64,value_norm__absolute_effective_count,6910.279725996882,4108.715658211027,0,80,80
ffn_neuron_summary.csv,Machine-readable analysis field; definition follows the literal field name and source table grain.,float64,value_norm__absolute_entropy,8.840765397273321,8.320865766735048,0,80,80
ffn_neuron_summary.csv,Machine-readable analysis field; definition follows the literal field name and source table grain.,float64,value_norm__absolute_hhi,0.0003464435996434,0.0001447504181342,0,80,80
ffn_neuron_summary.csv,Machine-readable analysis field; definition follows the literal field name and source table grain.,int64,value_norm__count,6912.0,6912.0,0,80,1
ffn_neuron_summary.csv,Machine-readable analysis field; definition follows the literal field name and source table grain.,float64,value_norm__excess_kurtosis,160.62438752364255,-1.8730764204212675,0,80,80
ffn_neuron_summary.csv,Machine-readable analysis field; definition follows the literal field name and source table grain.,float64,value_norm__gini_absolute,0.4874445553215554,0.0093307807528097,0,80,80
ffn_neuron_summary.csv,Machine-readable analysis field; definition follows the literal field name and source table grain.,float64,value_norm__maximum,7.319882392883301,1.7897838354110718,0,80,80
ffn_neuron_summary.csv,Machine-readable analysis field; definition follows the literal field name and source table grain.,float64,value_norm__mean,2.2984923397156374,0.4716168013466004,0,80,80
ffn_neuron_summary.csv,Machine-readable analysis field; definition follows the literal field name and source table grain.,float64,value_norm__median,2.2940046787261963,0.1499230116605758,0,80,80
ffn_neuron_summary.csv,Machine-readable analysis field; definition follows the literal field name and source table grain.,float64,value_norm__minimum,1.9805424213409424,0.116288386285305,0,80,80
ffn_neuron_summary.csv,Machine-readable analysis field; definition follows the literal field name and source table grain.,float64,value_norm__q001,2.0284719269275664,0.1197954133674502,0,80,80
ffn_neuron_summary.csv,Machine-readable analysis field; definition follows the literal field name and source table grain.,float64,value_norm__q01,2.1928249478340147,0.1238454270362854,0,80,80
ffn_neuron_summary.csv,Machine-readable analysis field; definition follows the literal field name and source table grain.,float64,value_norm__q05,2.227780246734619,0.1279592595994472,0,80,80
ffn_neuron_summary.csv,Machine-readable analysis field; definition follows the literal field name and source table grain.,float64,value_norm__q25,2.2574002146720886,0.1357683427631855,0,80,80
ffn_neuron_summary.csv,Machine-readable analysis field; definition follows the literal field name and source table grain.,float64,value_norm__q75,2.432865440845489,0.2080616354942321,0,80,80
ffn_neuron_summary.csv,Machine-readable analysis field; definition follows the literal field name and source table grain.,float64,value_norm__q95,2.7941388607025144,1.17543671131134,0,80,80
ffn_neuron_summary.csv,Machine-readable analysis field; definition follows the literal field name and source table grain.,float64,value_norm__q99,3.3249498915672318,1.536977597475052,0,80,80
ffn_neuron_summary.csv,Machine-readable analysis field; definition follows the literal field name and source table grain.,float64,value_norm__q999,4.292707769393917,1.706583697795868,0,80,80
ffn_neuron_summary.csv,Machine-readable analysis field; definition follows the literal field name and source table grain.,float64,value_norm__skewness,8.135948642089296,-2.025208616871736,0,80,80
ffn_neuron_summary.csv,Machine-readable analysis field; definition follows the literal field name and source table grain.,float64,value_norm__standard_deviation,0.7913793355827905,0.0516628985257761,0,80,80
ffn_neuron_summary.csv,Machine-readable analysis field; definition follows the literal field name and source table grain.,float64,value_norm_down_norm_pearson,0.9967095808277558,0.637637629816058,0,80,80
ffn_neuron_summary.csv,Machine-readable analysis field; definition follows the literal field name and source table grain.,float64,value_norm_down_norm_spearman,0.9891115698226692,0.5945774235640626,0,80,80
field_dictionary.csv,Machine-readable analysis field; definition follows the literal field name and source table grain.,object,artifact,,,0,335,14
field_dictionary.csv,Machine-readable analysis field; definition follows the literal field name and source table grain.,object,description,,,0,335,21
field_dictionary.csv,Machine-readable analysis field; definition follows the literal field name and source table grain.,object,dtype,,,0,335,3
field_dictionary.csv,Machine-readable analysis field; definition follows the literal field name and source table grain.,object,field,,,0,335,307
field_dictionary.csv,Machine-readable analysis field; definition follows the literal field name and source table grain.,float64,maximum,141557760.0,0.0,24,335,217
field_dictionary.csv,Machine-readable analysis field; definition follows the literal field name and source table grain.,float64,minimum,6553600.0,-1291.848353835538,24,335,222
field_dictionary.csv,Machine-readable analysis field; definition follows the literal field name and source table grain.,int64,null_count,18240.0,0.0,0,335,12
field_dictionary.csv,Machine-readable analysis field; definition follows the literal field name and source table grain.,int64,rows,53200.0,7.0,0,335,13
field_dictionary.csv,Machine-readable analysis field; definition follows the literal field name and source table grain.,int64,unique_nonnull,36683.0,1.0,0,335,52
layer_omnibus_balanced.csv,Zero-based ESMC transformer block index.,int64,block,79.0,0.0,0,800,80
layer_omnibus_balanced.csv,One-based ESMC hidden-state index emitted after this block.,int64,produced_state,80.0,1.0,0,800,80
layer_omnibus_balanced.csv,Machine-readable analysis field; definition follows the literal field name and source table grain.,object,scope,,,0,800,10
layer_omnibus_balanced.csv,Machine-readable analysis field; definition follows the literal field name and source table grain.,int64,source_count,9.0,1.0,0,800,2
layer_omnibus_balanced.csv,Machine-readable analysis field; definition follows the literal field name and source table grain.,float64,source_rms_maximum,7.296935406623929,0.4617049700532412,0,800,720
layer_omnibus_balanced.csv,Machine-readable analysis field; definition follows the literal field name and source table grain.,float64,source_rms_mean,7.296935406623929,0.4617049700532412,0,800,800
layer_omnibus_balanced.csv,Machine-readable analysis field; definition follows the literal field name and source table grain.,float64,source_rms_median,7.296935406623929,0.4617049700532412,0,800,720
layer_omnibus_balanced.csv,Machine-readable analysis field; definition follows the literal field name and source table grain.,float64,within_source_median_absolute_z,7.365217556360788,0.1354907532887929,80,800,720
layer_omnibus_scores.csv,Zero-based ESMC transformer block index.,int64,block,79.0,0.0,0,800,80
layer_omnibus_scores.csv,Machine-readable analysis field; definition follows the literal field name and source table grain.,float64,fraction_above_2,0.8214285714285714,0.0,0,800,472
layer_omnibus_scores.csv,Machine-readable analysis field; definition follows the literal field name and source table grain.,float64,fraction_above_3,0.7619047619047619,0.0,0,800,358
layer_omnibus_scores.csv,Machine-readable analysis field; definition follows the literal field name and source table grain.,float64,maximum_absolute_depth_adjusted_z,10.0,1.386075201986344,0,800,573
layer_omnibus_scores.csv,Machine-readable analysis field; definition follows the literal field name and source table grain.,float64,mean_absolute_depth_adjusted_z,6.403366065665732,0.2885950098345937,0,800,800
layer_omnibus_scores.csv,Machine-readable analysis field; definition follows the literal field name and source table grain.,float64,median_absolute_depth_adjusted_z,7.365217556360788,0.1354907532887929,0,800,800
layer_omnibus_scores.csv,Machine-readable analysis field; definition follows the literal field name and source table grain.,int64,metric_count,4551.0,30.0,0,800,10
layer_omnibus_scores.csv,Machine-readable analysis field; definition follows the literal field name and source table grain.,float64,positive_fraction,0.9333333333333332,0.2,0,800,389
layer_omnibus_scores.csv,One-based ESMC hidden-state index emitted after this block.,int64,produced_state,80.0,1.0,0,800,80
layer_omnibus_scores.csv,Machine-readable analysis field; definition follows the literal field name and source table grain.,float64,rms_depth_adjusted_z,7.296935406623929,0.4617049700532412,0,800,800
layer_omnibus_scores.csv,Machine-readable analysis field; definition follows the literal field name and source table grain.,object,scope,,,0,800,10
mixer_profile_pairwise.csv,Machine-readable analysis field; definition follows the literal field name and source table grain.,object,checkpoint_left,,,0,6,3
mixer_profile_pairwise.csv,Machine-readable analysis field; definition follows the literal field name and source table grain.,object,checkpoint_right,,,0,6,3
mixer_profile_pairwise.csv,Machine-readable analysis field; definition follows the literal field name and source table grain.,float64,cosine,0.9975336729883848,0.9892491613034862,0,6,6
mixer_profile_pairwise.csv,Machine-readable analysis field; definition follows the literal field name and source table grain.,float64,hellinger,0.1256634348692965,0.058086169712628,0,6,6
mixer_profile_pairwise.csv,Machine-readable analysis field; definition follows the literal field name and source table grain.,float64,jensen_shannon,0.0149023376447856,0.0033556896706963,0,6,6
mixer_profile_pairwise.csv,Machine-readable analysis field; definition follows the literal field name and source table grain.,float64,pearson,0.9972946585843476,0.9882218717626774,0,6,6
mixer_profile_pairwise.csv,Machine-readable analysis field; definition follows the literal field name and source table grain.,float64,rank_wasserstein,2.969225017058325,0.927820883778144,0,6,6
mixer_profile_pairwise.csv,Machine-readable analysis field; definition follows the literal field name and source table grain.,float64,spearman,0.9962059620596204,0.981007226738934,0,6,6
mixer_profile_pairwise.csv,Machine-readable analysis field; definition follows the literal field name and source table grain.,float64,total_variation,0.0914472347637202,0.0454532980605929,0,6,6
mixer_profile_summary.csv,Machine-readable analysis field; definition follows the literal field name and source table grain.,float64,adjacent_total_variation,0.5288878563875024,0.4663820907833803,0,4,4
mixer_profile_summary.csv,Pinned ESMFold2 checkpoint label.,object,checkpoint,,,0,4,4
mixer_profile_summary.csv,Machine-readable analysis field; definition follows the literal field name and source table grain.,float64,depth_center_of_mass,69.85365207636266,66.92831558332368,0,4,4
mixer_profile_summary.csv,Machine-readable analysis field; definition follows the literal field name and source table grain.,float64,depth_standard_deviation,20.596573681932743,15.572355717314949,0,4,4
mixer_profile_summary.csv,Machine-readable analysis field; definition follows the literal field name and source table grain.,float64,effective_state_count,11.455718586615102,10.644780333820234,0,4,4
mixer_profile_summary.csv,Machine-readable analysis field; definition follows the literal field name and source table grain.,float64,entropy,2.438489045200712,2.3650696625120684,0,4,4
mixer_profile_summary.csv,Machine-readable analysis field; definition follows the literal field name and source table grain.,float64,gini,0.8993359000242551,0.8942959516690576,0,4,4
mixer_profile_summary.csv,Machine-readable analysis field; definition follows the literal field name and source table grain.,float64,hhi,0.1416813819230046,0.1264182393562861,0,4,4
mixer_profile_summary.csv,Machine-readable analysis field; definition follows the literal field name and source table grain.,int64,maximum_weight_state,80.0,79.0,0,4,2
mixer_profile_summary.csv,Machine-readable analysis field; definition follows the literal field name and source table grain.,float64,state_51_mass,0.1065365010158344,0.0998828658125639,0,4,4
mixer_profile_summary.csv,Machine-readable analysis field; definition follows the literal field name and source table grain.,int64,state_51_rank,4.0,4.0,0,4,1
mixer_profile_summary.csv,Machine-readable analysis field; definition follows the literal field name and source table grain.,float64,states_77_80_mass,0.6541199724643205,0.6043914311828431,0,4,4
mixer_profile_summary.csv,Machine-readable analysis field; definition follows the literal field name and source table grain.,float64,top1_mass,0.2457034397186358,0.2165814599146867,0,4,4
mixer_profile_summary.csv,Machine-readable analysis field; definition follows the literal field name and source table grain.,float64,top4_mass,0.6864384292940409,0.6398530761065349,0,4,4
mixer_profile_summary.csv,Machine-readable analysis field; definition follows the literal field name and source table grain.,float64,top8_mass,0.8730905168542524,0.8322895780429466,0,4,4
normalization_adjacent_changes.csv,Machine-readable analysis field; definition follows the literal field name and source table grain.,float64,changed_channel_fraction_above_1pct_previous_rms,1.0,0.59921875,0,474,220
normalization_adjacent_changes.csv,Machine-readable analysis field; definition follows the literal field name and source table grain.,float64,cosine,0.9998385678328264,0.0104911457964284,0,474,474
normalization_adjacent_changes.csv,Machine-readable analysis field; definition follows the literal field name and source table grain.,int64,from_block,78.0,0.0,0,474,79
normalization_adjacent_changes.csv,Machine-readable analysis field; definition follows the literal field name and source table grain.,float64,maximum_absolute_channel_change,21.848034501075745,0.0853430032730102,0,474,474
normalization_adjacent_changes.csv,Machine-readable analysis field; definition follows the literal field name and source table grain.,float64,mean_absolute_channel_change,2.7138147669378667,0.0044024768337107,0,474,474
normalization_adjacent_changes.csv,Machine-readable analysis field; definition follows the literal field name and source table grain.,float64,relative_l2_change,3.678739687902688,0.0203677514143742,0,474,474
normalization_adjacent_changes.csv,Machine-readable analysis field; definition follows the literal field name and source table grain.,object,role,,,0,474,6
normalization_adjacent_changes.csv,Machine-readable analysis field; definition follows the literal field name and source table grain.,int64,to_block,79.0,1.0,0,474,79
normalization_channel_depth_metrics.csv,Machine-readable analysis field; definition follows the literal field name and source table grain.,float64,block_50_global_robust_z,421.68190401723206,-956.0122381267856,0,15360,15360
normalization_channel_depth_metrics.csv,Machine-readable analysis field; definition follows the literal field name and source table grain.,float64,block_50_value,6.227224826812744,-2.7563180923461914,0,15360,15357
normalization_channel_depth_metrics.csv,Machine-readable analysis field; definition follows the literal field name and source table grain.,float64,block_51_global_robust_z,413.9634443164777,-942.9452227387142,0,15360,15360
normalization_channel_depth_metrics.csv,Machine-readable analysis field; definition follows the literal field name and source table grain.,float64,block_51_value,7.734803199768066,-2.7186529636383057,0,15360,15353
normalization_channel_depth_metrics.csv,Machine-readable analysis field; definition follows the literal field name and source table grain.,int64,channel,2559.0,0.0,0,15360,2560
normalization_channel_depth_metrics.csv,Machine-readable analysis field; definition follows the literal field name and source table grain.,float64,depth_maximum,22.89608192443848,-0.0005913655622862,0,15360,15354
normalization_channel_depth_metrics.csv,Machine-readable analysis field; definition follows the literal field name and source table grain.,float64,depth_mean,3.3972687244415285,-2.149065155103176,0,15360,15360
normalization_channel_depth_metrics.csv,Machine-readable analysis field; definition follows the literal field name and source table grain.,float64,depth_minimum,0.8978289365768433,-21.048532485961918,0,15360,15359
normalization_channel_depth_metrics.csv,Machine-readable analysis field; definition follows the literal field name and source table grain.,float64,depth_standard_deviation,4.741149320792399,0.0688919692655888,0,15360,15360
normalization_channel_depth_metrics.csv,Machine-readable analysis field; definition follows the literal field name and source table grain.,float64,lag1_pearson,0.996085672889404,-0.4444558373047143,0,15360,15360
normalization_channel_depth_metrics.csv,Machine-readable analysis field; definition follows the literal field name and source table grain.,float64,maximum_absolute_step,21.848034501075745,0.1490539610385894,0,15360,15353
normalization_channel_depth_metrics.csv,Machine-readable analysis field; definition follows the literal field name and source table grain.,int64,maximum_step_to_block,79.0,1.0,0,15360,78
normalization_channel_depth_metrics.csv,Machine-readable analysis field; definition follows the literal field name and source table grain.,object,role,,,0,15360,6
normalization_cross_role.csv,Zero-based ESMC transformer block index.,int64,block,79.0,0.0,0,1200,80
normalization_cross_role.csv,Machine-readable analysis field; definition follows the literal field name and source table grain.,float64,cosine,0.9979212531152216,-0.3818200459556798,0,1200,1200
normalization_cross_role.csv,Machine-readable analysis field; definition follows the literal field name and source table grain.,float64,pearson,0.8953976207224655,-0.7156547872826465,0,1200,1200
normalization_cross_role.csv,One-based ESMC hidden-state index emitted after this block.,int64,produced_state,80.0,1.0,0,1200,80
normalization_cross_role.csv,Machine-readable analysis field; definition follows the literal field name and source table grain.,object,role_left,,,0,1200,5
normalization_cross_role.csv,Machine-readable analysis field; definition follows the literal field name and source table grain.,object,role_right,,,0,1200,5
normalization_vector_statistics.csv,Machine-readable analysis field; definition follows the literal field name and source table grain.,float64,absolute_effective_count,2558.5225662336065,134.81846190609335,0,480,480
normalization_vector_statistics.csv,Machine-readable analysis field; definition follows the literal field name and source table grain.,float64,absolute_entropy,7.847185248309281,4.903929146860685,0,480,480
normalization_vector_statistics.csv,Machine-readable analysis field; definition follows the literal field name and source table grain.,float64,absolute_hhi,0.019717139502251,0.0003910003896095,0,480,480
normalization_vector_statistics.csv,Zero-based ESMC transformer block index.,int64,block,79.0,0.0,0,480,80
normalization_vector_statistics.csv,Machine-readable analysis field; definition follows the literal field name and source table grain.,int64,count,2560.0,2560.0,0,480,1
normalization_vector_statistics.csv,Machine-readable analysis field; definition follows the literal field name and source table grain.,float64,excess_kurtosis,1655.2898207766052,-0.6188987454593748,0,480,480
normalization_vector_statistics.csv,Machine-readable analysis field; definition follows the literal field name and source table grain.,float64,gini_absolute,0.9381673852929842,0.0118582021389641,0,480,480
normalization_vector_statistics.csv,Machine-readable analysis field; definition follows the literal field name and source table grain.,float64,maximum,22.89608192443848,0.5733864307403564,0,480,480
normalization_vector_statistics.csv,Machine-readable analysis field; definition follows the literal field name and source table grain.,float64,mean,13.44756304359762,-0.100928230572012,0,480,480
normalization_vector_statistics.csv,Machine-readable analysis field; definition follows the literal field name and source table grain.,float64,median,13.622480392456056,-0.0959260165691375,0,480,480
normalization_vector_statistics.csv,Machine-readable analysis field; definition follows the literal field name and source table grain.,float64,minimum,2.691702365875244,-21.048532485961918,0,480,480
normalization_vector_statistics.csv,One-based ESMC hidden-state index emitted after this block.,int64,produced_state,80.0,1.0,0,480,80
normalization_vector_statistics.csv,Machine-readable analysis field; definition follows the literal field name and source table grain.,float64,q001,5.993664956092834,-14.538107855796811,0,480,480
normalization_vector_statistics.csv,Machine-readable analysis field; definition follows the literal field name and source table grain.,float64,q01,8.72298731803894,-3.1402174854278564,0,480,480
normalization_vector_statistics.csv,Machine-readable analysis field; definition follows the literal field name and source table grain.,float64,q05,11.238737630844115,-1.1064620971679686,0,480,480
normalization_vector_statistics.csv,Machine-readable analysis field; definition follows the literal field name and source table grain.,float64,q25,12.956976890563965,-0.4897156283259392,0,480,480
normalization_vector_statistics.csv,Machine-readable analysis field; definition follows the literal field name and source table grain.,float64,q75,14.24079179763794,-0.0021337058860808,0,480,480
normalization_vector_statistics.csv,Machine-readable analysis field; definition follows the literal field name and source table grain.,float64,q95,15.113911581039424,0.0013882032129913,0,480,480
normalization_vector_statistics.csv,Machine-readable analysis field; definition follows the literal field name and source table grain.,float64,q99,16.02395429611206,0.0311126133799552,0,480,480
normalization_vector_statistics.csv,Machine-readable analysis field; definition follows the literal field name and source table grain.,float64,q999,18.27250103378266,0.1037714598253309,0,480,480
normalization_vector_statistics.csv,Machine-readable analysis field; definition follows the literal field name and source table grain.,object,role,,,0,480,6
normalization_vector_statistics.csv,Machine-readable analysis field; definition follows the literal field name and source table grain.,float64,skewness,35.74266327121494,-15.227445865377216,0,480,480
normalization_vector_statistics.csv,Machine-readable analysis field; definition follows the literal field name and source table grain.,float64,standard_deviation,1.4844853046588855,0.028290564053978,0,480,480
output_data_quality_checks.csv,Machine-readable analysis field; definition follows the literal field name and source table grain.,object,check,,,0,64,18
output_data_quality_checks.csv,Machine-readable analysis field; definition follows the literal field name and source table grain.,object,detail,,,48,64,1
output_data_quality_checks.csv,Machine-readable analysis field; definition follows the literal field name and source table grain.,object,expected,,,0,64,19
output_data_quality_checks.csv,Machine-readable analysis field; definition follows the literal field name and source table grain.,object,scope,,,0,64,21
output_data_quality_checks.csv,Machine-readable analysis field; definition follows the literal field name and source table grain.,object,severity,,,0,64,1
output_data_quality_checks.csv,Machine-readable analysis field; definition follows the literal field name and source table grain.,object,status,,,0,64,1
output_data_quality_checks.csv,Machine-readable analysis field; definition follows the literal field name and source table grain.,float64,value,15360.0,0.0,0,64,21
projection_alignment_randomized_svd.csv,Zero-based ESMC transformer block index.,int64,block,79.0,0.0,0,13440,80
projection_alignment_randomized_svd.csv,Pinned ESMFold2 checkpoint label.,object,checkpoint,,,0,13440,4
projection_alignment_randomized_svd.csv,Machine-readable analysis field; definition follows the literal field name and source table grain.,float64,chordal_distance,7.918450971171778,3.813093227925113,0,13440,13440
projection_alignment_randomized_svd.csv,"Weight-matrix family: q, k, v, o, gate, value, or down.",object,family,,,0,13440,7
projection_alignment_randomized_svd.csv,principal angle in degrees; see metric name for qualifiers.,float64,maximum_angle_degrees,89.99998813849001,88.77447948107162,0,13440,13440
projection_alignment_randomized_svd.csv,Machine-readable analysis field; definition follows the literal field name and source table grain.,float64,maximum_canonical_correlation,0.8709584557312691,0.1155527980728127,0,13440,13440
projection_alignment_randomized_svd.csv,principal angle in degrees; see metric name for qualifiers.,float64,median_angle_degrees,87.72674281240234,71.63090431878734,0,13440,13440
projection_alignment_randomized_svd.csv,Machine-readable analysis field; definition follows the literal field name and source table grain.,float64,median_canonical_correlation,0.3151158444098316,0.0396653526530519,0,13440,13440
projection_alignment_randomized_svd.csv,principal angle in degrees; see metric name for qualifiers.,float64,minimum_angle_degrees,83.36448938778594,29.429790034317865,0,13440,13440
projection_alignment_randomized_svd.csv,Machine-readable analysis field; definition follows the literal field name and source table grain.,float64,minimum_canonical_correlation,0.0213877371859731,2.070224034180387e-07,0,13440,13440
projection_alignment_randomized_svd.csv,normalized squared subspace overlap; see metric name for qualifiers.,float64,normalized_overlap,0.1617122857299797,0.0038245707110989,0,13440,13440
projection_alignment_randomized_svd.csv,One-based ESMC hidden-state index emitted after this block.,int64,produced_state,80.0,1.0,0,13440,80
projection_alignment_randomized_svd.csv,Machine-readable analysis field; definition follows the literal field name and source table grain.,object,projection_variant,,,0,13440,2
projection_alignment_randomized_svd.csv,Subspace or truncation rank used by the metric.,int64,rank,64.0,16.0,0,13440,3
projection_alignment_randomized_svd.csv,Machine-readable analysis field; definition follows the literal field name and source table grain.,object,side,,,0,13440,2
projection_checkpoint_pairwise.csv,Machine-readable analysis field; definition follows the literal field name and source table grain.,object,checkpoint_left,,,0,72,3
projection_checkpoint_pairwise.csv,Machine-readable analysis field; definition follows the literal field name and source table grain.,object,checkpoint_right,,,0,72,3
projection_checkpoint_pairwise.csv,Machine-readable analysis field; definition follows the literal field name and source table grain.,float64,chordal_distance,13.742120284968012,2.9635826076487217,12,72,60
projection_checkpoint_pairwise.csv,Frobenius; see metric name for qualifiers.,float64,frobenius_cosine,0.9940778676239888,0.1212913421487247,0,72,24
projection_checkpoint_pairwise.csv,principal angle in degrees; see metric name for qualifiers.,float64,maximum_angle_degrees,89.98455075709249,83.11234426823441,12,72,60
projection_checkpoint_pairwise.csv,Machine-readable analysis field; definition follows the literal field name and source table grain.,float64,maximum_canonical_correlation,0.964197967794843,0.809675396410549,12,72,60
projection_checkpoint_pairwise.csv,principal angle in degrees; see metric name for qualifiers.,float64,median_angle_degrees,66.64903837693959,39.18427622573378,12,72,60
projection_checkpoint_pairwise.csv,Machine-readable analysis field; definition follows the literal field name and source table grain.,float64,median_canonical_correlation,0.7751068801528771,0.3963622467472022,12,72,60
projection_checkpoint_pairwise.csv,principal angle in degrees; see metric name for qualifiers.,float64,minimum_angle_degrees,35.93577111605236,15.377855584550073,12,72,60
projection_checkpoint_pairwise.csv,Machine-readable analysis field; definition follows the literal field name and source table grain.,float64,minimum_canonical_correlation,0.1199229483407097,0.000269640152409,12,72,60
projection_checkpoint_pairwise.csv,normalized squared subspace overlap; see metric name for qualifiers.,float64,normalized_overlap,0.5267677878566863,0.2623208205994949,12,72,60
projection_checkpoint_pairwise.csv,Machine-readable analysis field; definition follows the literal field name and source table grain.,object,projection_variant,,,0,72,4
projection_checkpoint_pairwise.csv,Subspace or truncation rank used by the metric.,float64,rank,256.0,16.0,12,72,5
projection_checkpoint_pairwise.csv,Frobenius; see metric name for qualifiers.,float64,relative_frobenius_distance,1.5764981721483926,0.3073215978452768,0,72,24
projection_checkpoint_statistics.csv,Machine-readable analysis field; definition follows the literal field name and source table grain.,float64,absolute_effective_count,494031.10723223176,1467.410361778836,0,16,16
projection_checkpoint_statistics.csv,Machine-readable analysis field; definition follows the literal field name and source table grain.,float64,absolute_entropy,13.110353764293258,7.29125446757351,0,16,16
projection_checkpoint_statistics.csv,Machine-readable analysis field; definition follows the literal field name and source table grain.,float64,absolute_hhi,0.0016457422940041,2.3911115350573554e-06,0,16,16
projection_checkpoint_statistics.csv,Pinned ESMFold2 checkpoint label.,object,checkpoint,,,0,16,4
projection_checkpoint_statistics.csv,Machine-readable analysis field; definition follows the literal field name and source table grain.,int64,count,655360.0,2560.0,0,16,2
projection_checkpoint_statistics.csv,Machine-readable analysis field; definition follows the literal field name and source table grain.,float64,excess_kurtosis,101.5616820355186,-0.0272635716016353,0,16,16
projection_checkpoint_statistics.csv,Machine-readable analysis field; definition follows the literal field name and source table grain.,float64,gini_absolute,0.4968092664615442,0.0582768720612145,0,16,16
projection_checkpoint_statistics.csv,Machine-readable analysis field; definition follows the literal field name and source table grain.,float64,maximum,2.328355073928833,0.37470543384552,0,16,16
projection_checkpoint_statistics.csv,Machine-readable analysis field; definition follows the literal field name and source table grain.,float64,mean,0.7094758879087749,-1.297878300159424e-05,0,16,16
projection_checkpoint_statistics.csv,Machine-readable analysis field; definition follows the literal field name and source table grain.,float64,median,0.7105196118354797,-0.0008346555405296,0,16,16
projection_checkpoint_statistics.csv,Machine-readable analysis field; definition follows the literal field name and source table grain.,float64,minimum,0.0766467601060867,-2.760948419570923,0,16,16
projection_checkpoint_statistics.csv,Machine-readable analysis field; definition follows the literal field name and source table grain.,float64,q001,0.3154565447866916,-1.3521050461530686,0,16,16
projection_checkpoint_statistics.csv,Machine-readable analysis field; definition follows the literal field name and source table grain.,float64,q01,0.4637790009379386,-1.0176183795928957,0,16,16
projection_checkpoint_statistics.csv,Machine-readable analysis field; definition follows the literal field name and source table grain.,float64,q05,0.5394934475421905,-0.7201821148395539,0,16,16
projection_checkpoint_statistics.csv,Machine-readable analysis field; definition follows the literal field name and source table grain.,float64,q25,0.6419144868850708,-0.2950173243880272,0,16,16
projection_checkpoint_statistics.csv,Machine-readable analysis field; definition follows the literal field name and source table grain.,float64,q75,0.7766410857439041,0.011888712644577,0,16,16
projection_checkpoint_statistics.csv,Machine-readable analysis field; definition follows the literal field name and source table grain.,float64,q95,0.878004989027977,0.0262074104510247,0,16,16
projection_checkpoint_statistics.csv,Machine-readable analysis field; definition follows the literal field name and source table grain.,float64,q99,1.0183908092975626,0.0405935628712174,0,16,16
projection_checkpoint_statistics.csv,Machine-readable analysis field; definition follows the literal field name and source table grain.,float64,q999,1.3512101641893344,0.2252528177946474,0,16,16
projection_checkpoint_statistics.csv,Machine-readable analysis field; definition follows the literal field name and source table grain.,object,role,,,0,16,4
projection_checkpoint_statistics.csv,Machine-readable analysis field; definition follows the literal field name and source table grain.,float64,skewness,0.4870152054772525,-3.9023305152977112,0,16,16
projection_checkpoint_statistics.csv,Machine-readable analysis field; definition follows the literal field name and source table grain.,float64,spectrum_energy_at_1,0.0180515710571579,0.0123756363671624,8,16,8
projection_checkpoint_statistics.csv,Machine-readable analysis field; definition follows the literal field name and source table grain.,float64,spectrum_energy_at_128,0.940880071036349,0.8049663595866612,8,16,8
projection_checkpoint_statistics.csv,Machine-readable analysis field; definition follows the literal field name and source table grain.,float64,spectrum_energy_at_16,0.2331446113880579,0.1673614738227733,8,16,8
projection_checkpoint_statistics.csv,Machine-readable analysis field; definition follows the literal field name and source table grain.,float64,spectrum_energy_at_2,0.0352084379958388,0.0243392450167719,8,16,8
projection_checkpoint_statistics.csv,Machine-readable analysis field; definition follows the literal field name and source table grain.,float64,spectrum_energy_at_256,1.0000000000000009,0.9999999999999988,8,16,6
projection_checkpoint_statistics.csv,Machine-readable analysis field; definition follows the literal field name and source table grain.,float64,spectrum_energy_at_32,0.4141974147476464,0.3057297337959908,8,16,8
projection_checkpoint_statistics.csv,Machine-readable analysis field; definition follows the literal field name and source table grain.,float64,spectrum_energy_at_4,0.0669775526844192,0.0469468137277434,8,16,8
projection_checkpoint_statistics.csv,Machine-readable analysis field; definition follows the literal field name and source table grain.,float64,spectrum_energy_at_64,0.6840669867007654,0.524689574416521,8,16,8
projection_checkpoint_statistics.csv,Machine-readable analysis field; definition follows the literal field name and source table grain.,float64,spectrum_energy_at_8,0.1263531383995278,0.08894442110288,8,16,8
projection_checkpoint_statistics.csv,Machine-readable analysis field; definition follows the literal field name and source table grain.,float64,spectrum_energy_gini,0.597859592624262,0.4238112620896224,8,16,8
projection_checkpoint_statistics.csv,Machine-readable analysis field; definition follows the literal field name and source table grain.,float64,spectrum_energy_hhi,0.0090201016091481,0.0061543763063276,8,16,8
projection_checkpoint_statistics.csv,Machine-readable analysis field; definition follows the literal field name and source table grain.,float64,spectrum_exponential_bulk_r2,,,16,16,0
projection_checkpoint_statistics.csv,Machine-readable analysis field; definition follows the literal field name and source table grain.,float64,spectrum_exponential_bulk_slope,,,16,16,0
projection_checkpoint_statistics.csv,Machine-readable analysis field; definition follows the literal field name and source table grain.,float64,spectrum_exponential_head_r2,0.9895980288751332,0.8680288349343368,8,16,8
projection_checkpoint_statistics.csv,Machine-readable analysis field; definition follows the literal field name and source table grain.,float64,spectrum_exponential_head_slope,-0.0074891641173348,-0.0105893606875915,8,16,8
projection_checkpoint_statistics.csv,Machine-readable analysis field; definition follows the literal field name and source table grain.,float64,spectrum_gap_ratio_1,1.0585194757745058,1.0146102277230342,8,16,8
projection_checkpoint_statistics.csv,Machine-readable analysis field; definition follows the literal field name and source table grain.,float64,spectrum_gap_ratio_128,1.0271298168480103,1.0048461446722816,8,16,8
projection_checkpoint_statistics.csv,Machine-readable analysis field; definition follows the literal field name and source table grain.,float64,spectrum_gap_ratio_16,1.010041611956497,1.001968913396496,8,16,8
projection_checkpoint_statistics.csv,Machine-readable analysis field; definition follows the literal field name and source table grain.,float64,spectrum_gap_ratio_2,1.0445039485689562,1.0130126878986427,8,16,8
projection_checkpoint_statistics.csv,Machine-readable analysis field; definition follows the literal field name and source table grain.,float64,spectrum_gap_ratio_32,1.0059682087303203,1.0018502810590402,8,16,8
projection_checkpoint_statistics.csv,Machine-readable analysis field; definition follows the literal field name and source table grain.,float64,spectrum_gap_ratio_4,1.0206413655120483,1.004207824448861,8,16,8
projection_checkpoint_statistics.csv,Machine-readable analysis field; definition follows the literal field name and source table grain.,float64,spectrum_gap_ratio_64,1.0071005520901704,1.0016264917632276,8,16,8
projection_checkpoint_statistics.csv,Machine-readable analysis field; definition follows the literal field name and source table grain.,float64,spectrum_gap_ratio_8,1.0192899891031135,1.0029481038974128,8,16,8
projection_checkpoint_statistics.csv,Machine-readable analysis field; definition follows the literal field name and source table grain.,float64,spectrum_log_spectrum_knee_distance,0.3040782531277329,0.0788417417555965,8,16,8
projection_checkpoint_statistics.csv,Machine-readable analysis field; definition follows the literal field name and source table grain.,float64,spectrum_log_spectrum_knee_rank,201.0,100.0,8,16,6
projection_checkpoint_statistics.csv,Machine-readable analysis field; definition follows the literal field name and source table grain.,float64,spectrum_maximum_gap_rank_top512,242.0,1.0,8,16,3
projection_checkpoint_statistics.csv,Machine-readable analysis field; definition follows the literal field name and source table grain.,float64,spectrum_maximum_gap_ratio_top512,1.0687272887533117,1.0383224025156397,8,16,8
projection_checkpoint_statistics.csv,Machine-readable analysis field; definition follows the literal field name and source table grain.,float64,spectrum_powerlaw_bulk_r2,,,16,16,0
projection_checkpoint_statistics.csv,Machine-readable analysis field; definition follows the literal field name and source table grain.,float64,spectrum_powerlaw_bulk_slope,,,16,16,0
projection_checkpoint_statistics.csv,Machine-readable analysis field; definition follows the literal field name and source table grain.,float64,spectrum_powerlaw_head_r2,0.8711402342282804,0.667385337768577,8,16,8
projection_checkpoint_statistics.csv,Machine-readable analysis field; definition follows the literal field name and source table grain.,float64,spectrum_powerlaw_head_slope,-0.672951580809619,-1.0219263926784063,8,16,8
projection_checkpoint_statistics.csv,Machine-readable analysis field; definition follows the literal field name and source table grain.,float64,spectrum_q95_q05_ratio,9.166775866165851,7.262982001591451,8,16,8
projection_checkpoint_statistics.csv,Machine-readable analysis field; definition follows the literal field name and source table grain.,float64,spectrum_q99_q50_ratio,3.1393212055550515,1.85171986659311,8,16,8
projection_checkpoint_statistics.csv,Machine-readable analysis field; definition follows the literal field name and source table grain.,float64,spectrum_rank,256.0,256.0,8,16,1
projection_checkpoint_statistics.csv,Machine-readable analysis field; definition follows the literal field name and source table grain.,float64,spectrum_s1_median_ratio,3.3479807794461305,1.938591238593829,8,16,8
projection_checkpoint_statistics.csv,Machine-readable analysis field; definition follows the literal field name and source table grain.,float64,spectrum_s1_s2_ratio,1.0585194757745058,1.0146102277230342,8,16,8
projection_checkpoint_statistics.csv,Machine-readable analysis field; definition follows the literal field name and source table grain.,float64,spectrum_singular_hhi,0.0057992632855384,0.0046723869948435,8,16,8
projection_checkpoint_statistics.csv,spectral; see metric name for qualifiers.,float64,spectrum_spectral_flatness,0.8751124866982393,0.7565456876234975,8,16,8
projection_checkpoint_statistics.csv,spectral; see metric name for qualifiers.,float64,spectrum_spectral_gini,0.3886148264324522,0.2541827922910753,8,16,8
projection_checkpoint_statistics.csv,Machine-readable analysis field; definition follows the literal field name and source table grain.,float64,spectrum_tail_energy_after_1,0.9876243636328376,0.981948428942842,8,16,8
projection_checkpoint_statistics.csv,Machine-readable analysis field; definition follows the literal field name and source table grain.,float64,spectrum_tail_energy_after_128,0.1950336404133388,0.059119928963651,8,16,8
projection_checkpoint_statistics.csv,Machine-readable analysis field; definition follows the literal field name and source table grain.,float64,spectrum_tail_energy_after_16,0.8326385261772267,0.766855388611942,8,16,8
projection_checkpoint_statistics.csv,Machine-readable analysis field; definition follows the literal field name and source table grain.,float64,spectrum_tail_energy_after_2,0.975660754983228,0.9647915620041612,8,16,8
projection_checkpoint_statistics.csv,Machine-readable analysis field; definition follows the literal field name and source table grain.,float64,spectrum_tail_energy_after_256,1.1102230246251563e-15,0.0,8,16,4
projection_checkpoint_statistics.csv,Machine-readable analysis field; definition follows the literal field name and source table grain.,float64,spectrum_tail_energy_after_32,0.6942702662040092,0.5858025852523536,8,16,8
projection_checkpoint_statistics.csv,Machine-readable analysis field; definition follows the literal field name and source table grain.,float64,spectrum_tail_energy_after_4,0.9530531862722564,0.9330224473155808,8,16,8
projection_checkpoint_statistics.csv,Machine-readable analysis field; definition follows the literal field name and source table grain.,float64,spectrum_tail_energy_after_64,0.475310425583479,0.3159330132992346,8,16,8
projection_checkpoint_statistics.csv,Machine-readable analysis field; definition follows the literal field name and source table grain.,float64,spectrum_tail_energy_after_8,0.91105557889712,0.8736468616004722,8,16,8
projection_checkpoint_statistics.csv,Machine-readable analysis field; definition follows the literal field name and source table grain.,float64,standard_deviation,0.4378609019316859,0.0253325657358517,0,16,16
randomized_svd_sensitivity.csv,Zero-based ESMC transformer block index.,int64,block,79.0,0.0,0,168,4
randomized_svd_sensitivity.csv,Machine-readable analysis field; definition follows the literal field name and source table grain.,float64,chordal_distance,5.464243412017822,0.0199180450290441,0,168,168
randomized_svd_sensitivity.csv,"Weight-matrix family: q, k, v, o, gate, value, or down.",object,family,,,0,168,7
randomized_svd_sensitivity.csv,principal angle in degrees; see metric name for qualifiers.,float64,maximum_angle_degrees,89.90968322753906,0.4265845715999603,0,168,168
randomized_svd_sensitivity.csv,Machine-readable analysis field; definition follows the literal field name and source table grain.,float64,maximum_canonical_correlation,1.0000088214874268,0.9987230896949768,0,168,132
randomized_svd_sensitivity.csv,Machine-readable analysis field; definition follows the literal field name and source table grain.,float64,maximum_singular_value_relative_difference,0.0953224077820777,0.0421119816601276,0,168,28
randomized_svd_sensitivity.csv,principal angle in degrees; see metric name for qualifiers.,float64,median_angle_degrees,42.18051910400391,0.2630093693733215,0,168,168
randomized_svd_sensitivity.csv,Machine-readable analysis field; definition follows the literal field name and source table grain.,float64,median_canonical_correlation,0.9999894499778748,0.7410171031951904,0,168,168
randomized_svd_sensitivity.csv,Machine-readable analysis field; definition follows the literal field name and source table grain.,float64,median_singular_value_relative_difference,0.0691912546753883,0.0056949914433062,0,168,28
randomized_svd_sensitivity.csv,principal angle in degrees; see metric name for qualifiers.,float64,minimum_angle_degrees,2.8957698345184326,0.0,0,168,107
randomized_svd_sensitivity.csv,Machine-readable analysis field; definition follows the literal field name and source table grain.,float64,minimum_canonical_correlation,0.9999722838401794,0.0015762485563755,0,168,168
randomized_svd_sensitivity.csv,normalized squared subspace overlap; see metric name for qualifiers.,float64,normalized_overlap,0.9999752044677734,0.5334694385528564,0,168,168
randomized_svd_sensitivity.csv,Machine-readable analysis field; definition follows the literal field name and source table grain.,float64,primary_captured_energy,0.6923566986904559,0.0879813718824008,0,168,28
randomized_svd_sensitivity.csv,One-based ESMC hidden-state index emitted after this block.,int64,produced_state,80.0,1.0,0,168,4
randomized_svd_sensitivity.csv,Subspace or truncation rank used by the metric.,int64,rank,64.0,16.0,0,168,3
randomized_svd_sensitivity.csv,Machine-readable analysis field; definition follows the literal field name and source table grain.,float64,sensitivity_captured_energy,0.6966522470288488,0.0969895972098875,0,168,28
randomized_svd_sensitivity.csv,Machine-readable analysis field; definition follows the literal field name and source table grain.,object,side,,,0,168,2
raw_tensor_statistics.csv,Machine-readable analysis field; definition follows the literal field name and source table grain.,float64,absolute_q001_sampled,8.000597839418333e-05,1.5458496622500206e-07,0,560,560
raw_tensor_statistics.csv,Machine-readable analysis field; definition follows the literal field name and source table grain.,float64,absolute_q01_sampled,0.0007766573433764,1.4229786256692022e-06,0,560,560
raw_tensor_statistics.csv,Machine-readable analysis field; definition follows the literal field name and source table grain.,float64,absolute_q05_sampled,0.0038610751857049,7.101167852852086e-06,0,560,560
raw_tensor_statistics.csv,Machine-readable analysis field; definition follows the literal field name and source table grain.,float64,absolute_q25_sampled,0.0196608444675803,4.587383955367841e-05,0,560,560
raw_tensor_statistics.csv,Machine-readable analysis field; definition follows the literal field name and source table grain.,float64,absolute_q50_sampled,0.0420596506446599,0.0005877302319277,0,560,560
raw_tensor_statistics.csv,Machine-readable analysis field; definition follows the literal field name and source table grain.,float64,absolute_q75_sampled,0.0727117732167244,0.0046458126744255,0,560,560
raw_tensor_statistics.csv,Machine-readable analysis field; definition follows the literal field name and source table grain.,float64,absolute_q95_sampled,0.1262815460562705,0.0206982865929603,0,560,560
raw_tensor_statistics.csv,Machine-readable analysis field; definition follows the literal field name and source table grain.,float64,absolute_q999_sampled,0.2439537145644445,0.0813654444068674,0,560,560
raw_tensor_statistics.csv,Machine-readable analysis field; definition follows the literal field name and source table grain.,float64,absolute_q99_sampled,0.1703471252322197,0.0382661345973611,0,560,560
raw_tensor_statistics.csv,Zero-based ESMC transformer block index.,int64,block,79.0,0.0,0,560,80
raw_tensor_statistics.csv,Frobenius; see metric name for qualifiers.,float64,captured_frobenius_energy_fraction,0.7819427008220675,0.0582057552654875,0,560,560
raw_tensor_statistics.csv,Machine-readable analysis field; definition follows the literal field name and source table grain.,float64,column_norm__absolute_effective_count,6910.772250525402,2110.2587378287185,0,560,560
raw_tensor_statistics.csv,Machine-readable analysis field; definition follows the literal field name and source table grain.,float64,column_norm__absolute_entropy,8.84083666891452,7.654565843515709,0,560,560
raw_tensor_statistics.csv,Machine-readable analysis field; definition follows the literal field name and source table grain.,float64,column_norm__absolute_hhi,0.0009199704954326,0.000144728151551,0,560,560
raw_tensor_statistics.csv,Machine-readable analysis field; definition follows the literal field name and source table grain.,int64,column_norm__count,6912.0,2560.0,0,560,2
raw_tensor_statistics.csv,Machine-readable analysis field; definition follows the literal field name and source table grain.,float64,column_norm__excess_kurtosis,1899.7746431519436,-1.9341949595217165,0,560,560
raw_tensor_statistics.csv,Machine-readable analysis field; definition follows the literal field name and source table grain.,float64,column_norm__gini_absolute,0.4266762500033896,0.0046027114584961,0,560,560
raw_tensor_statistics.csv,Machine-readable analysis field; definition follows the literal field name and source table grain.,float64,column_norm__maximum,71.73828125,1.8306143283843996,0,560,560
raw_tensor_statistics.csv,Machine-readable analysis field; definition follows the literal field name and source table grain.,float64,column_norm__mean,3.797799386736005,0.4409848698065616,0,560,560
raw_tensor_statistics.csv,Machine-readable analysis field; definition follows the literal field name and source table grain.,float64,column_norm__median,3.802220344543457,0.3190598338842392,0,560,560
raw_tensor_statistics.csv,Machine-readable analysis field; definition follows the literal field name and source table grain.,float64,column_norm__minimum,3.6236331462860103,0.1024082824587822,0,560,560
raw_tensor_statistics.csv,Machine-readable analysis field; definition follows the literal field name and source table grain.,float64,column_norm__q001,3.6477195389270793,0.2797611867189407,0,560,560
raw_tensor_statistics.csv,Machine-readable analysis field; definition follows the literal field name and source table grain.,float64,column_norm__q01,3.6672176361083983,0.2921741420030594,0,560,560
raw_tensor_statistics.csv,Machine-readable analysis field; definition follows the literal field name and source table grain.,float64,column_norm__q05,3.726897895336151,0.2986831367015838,0,560,560
raw_tensor_statistics.csv,Machine-readable analysis field; definition follows the literal field name and source table grain.,float64,column_norm__q25,3.768890082836151,0.3090010061860084,0,560,560
raw_tensor_statistics.csv,Machine-readable analysis field; definition follows the literal field name and source table grain.,float64,column_norm__q75,3.8376659154891968,0.3657063320279121,0,560,560
raw_tensor_statistics.csv,Machine-readable analysis field; definition follows the literal field name and source table grain.,float64,column_norm__q95,4.174560713768005,0.9577486246824258,0,560,560
raw_tensor_statistics.csv,Machine-readable analysis field; definition follows the literal field name and source table grain.,float64,column_norm__q99,7.130466465949966,1.221602603197096,0,560,560
raw_tensor_statistics.csv,Machine-readable analysis field; definition follows the literal field name and source table grain.,float64,column_norm__q999,22.67944541167991,1.6751085194349224,0,560,560
raw_tensor_statistics.csv,Machine-readable analysis field; definition follows the literal field name and source table grain.,float64,column_norm__skewness,40.56959141951796,-15.760857238275047,0,560,560
raw_tensor_statistics.csv,Machine-readable analysis field; definition follows the literal field name and source table grain.,float64,column_norm__standard_deviation,1.6302411458120538,0.0322050684558266,0,560,560
raw_tensor_statistics.csv,Machine-readable analysis field; definition follows the literal field name and source table grain.,float64,columns_coherence_max_absolute,0.998911440372467,0.0527835562825202,0,560,560
raw_tensor_statistics.csv,Machine-readable analysis field; definition follows the literal field name and source table grain.,float64,columns_coherence_mean_absolute,0.2824132740497589,0.0106162372976541,0,560,560
raw_tensor_statistics.csv,Machine-readable analysis field; definition follows the literal field name and source table grain.,float64,columns_coherence_q95_absolute,0.6252731084823608,0.0260422434657812,0,560,560
raw_tensor_statistics.csv,Machine-readable analysis field; definition follows the literal field name and source table grain.,int64,columns_coherence_sample_size,256.0,256.0,0,560,1
raw_tensor_statistics.csv,Machine-readable analysis field; definition follows the literal field name and source table grain.,float64,columns_mean_squared_cosine,0.1164408326148986,0.0001772215618984,0,560,560
raw_tensor_statistics.csv,Machine-readable analysis field; definition follows the literal field name and source table grain.,float64,excess_kurtosis_sampled,1036.6785764141555,0.0056097753105293,0,560,560
raw_tensor_statistics.csv,"Weight-matrix family: q, k, v, o, gate, value, or down.",object,family,,,0,560,7
raw_tensor_statistics.csv,Machine-readable analysis field; definition follows the literal field name and source table grain.,float64,left_orthogonality_error,0.0001383773924317,9.461607260163872e-05,0,560,560
raw_tensor_statistics.csv,Machine-readable analysis field; definition follows the literal field name and source table grain.,float64,left_singular_vectors_maximum_coordinate_energy,0.9113098210554114,0.0029773080610198,0,560,560
raw_tensor_statistics.csv,Machine-readable analysis field; definition follows the literal field name and source table grain.,float64,left_singular_vectors_maximum_ipr,0.8305246168020173,0.0004515360179048,0,560,560
raw_tensor_statistics.csv,Machine-readable analysis field; definition follows the literal field name and source table grain.,float64,left_singular_vectors_mean_effective_support,2395.7114534220814,199.1240703849376,0,560,560
raw_tensor_statistics.csv,Machine-readable analysis field; definition follows the literal field name and source table grain.,float64,left_singular_vectors_mean_entropy,8.126675888107819,5.828223427042715,0,560,560
raw_tensor_statistics.csv,Machine-readable analysis field; definition follows the literal field name and source table grain.,float64,left_singular_vectors_mean_entropy_effective_support,3399.931173706181,358.36277471338434,0,560,560
raw_tensor_statistics.csv,Machine-readable analysis field; definition follows the literal field name and source table grain.,float64,left_singular_vectors_mean_ipr,0.0143045235623865,0.0004250265957656,0,560,560
raw_tensor_statistics.csv,Machine-readable analysis field; definition follows the literal field name and source table grain.,float64,left_singular_vectors_mean_maximum_coordinate_energy,0.0376220392253278,0.002122150727713,0,560,560
raw_tensor_statistics.csv,Machine-readable analysis field; definition follows the literal field name and source table grain.,float64,left_singular_vectors_minimum_effective_support,2214.662751910588,1.204058229906005,0,560,560
raw_tensor_statistics.csv,Machine-readable analysis field; definition follows the literal field name and source table grain.,float64,maximum_sampled,2.5698060989379883,0.17353455722332,0,560,559
raw_tensor_statistics.csv,Machine-readable analysis field; definition follows the literal field name and source table grain.,float64,mean,0.0029888845906478,-0.002855668106669,0,560,560
raw_tensor_statistics.csv,Machine-readable analysis field; definition follows the literal field name and source table grain.,float64,minimum_sampled,-0.1723931580781936,-1.4705522060394287,0,560,560
raw_tensor_statistics.csv,Machine-readable analysis field; definition follows the literal field name and source table grain.,float64,near_zero_1e2_rms_fraction_sampled,0.392158,0.007747,0,560,472
raw_tensor_statistics.csv,Machine-readable analysis field; definition follows the literal field name and source table grain.,float64,near_zero_1e3_rms_fraction_sampled,0.131223,0.000723,0,560,312
raw_tensor_statistics.csv,Machine-readable analysis field; definition follows the literal field name and source table grain.,int64,parameter_count,17694720.0,6553600.0,0,560,2
raw_tensor_statistics.csv,Machine-readable analysis field; definition follows the literal field name and source table grain.,float64,positive_fraction_sampled,0.527258,0.463968,0,560,510
raw_tensor_statistics.csv,Machine-readable analysis field; definition follows the literal field name and source table grain.,int64,power_iterations,2.0,2.0,0,560,1
raw_tensor_statistics.csv,One-based ESMC hidden-state index emitted after this block.,int64,produced_state,80.0,1.0,0,560,80
raw_tensor_statistics.csv,Machine-readable analysis field; definition follows the literal field name and source table grain.,int64,quantile_sample_size,1000000.0,1000000.0,0,560,1
raw_tensor_statistics.csv,Machine-readable analysis field; definition follows the literal field name and source table grain.,float64,right_orthogonality_error,0.0001479001366533,5.52952587895561e-05,0,560,560
raw_tensor_statistics.csv,Machine-readable analysis field; definition follows the literal field name and source table grain.,float64,right_singular_vectors_maximum_coordinate_energy,0.9373435447095204,0.002859467252017,0,560,560
raw_tensor_statistics.csv,Machine-readable analysis field; definition follows the literal field name and source table grain.,float64,right_singular_vectors_maximum_ipr,0.8788131014458583,0.0004552468913793,0,560,560
raw_tensor_statistics.csv,Machine-readable analysis field; definition follows the literal field name and source table grain.,float64,right_singular_vectors_mean_effective_support,2288.090234597484,250.4228192252361,0,560,560
raw_tensor_statistics.csv,Machine-readable analysis field; definition follows the literal field name and source table grain.,float64,right_singular_vectors_mean_entropy,8.106561481642622,6.00512793248387,0,560,560
raw_tensor_statistics.csv,Machine-readable analysis field; definition follows the literal field name and source table grain.,float64,right_singular_vectors_mean_entropy_effective_support,3316.408796648827,437.3006315629817,0,560,560
raw_tensor_statistics.csv,Machine-readable analysis field; definition follows the literal field name and source table grain.,float64,right_singular_vectors_mean_ipr,0.0171090180188516,0.0004372500106114,0,560,560
raw_tensor_statistics.csv,Machine-readable analysis field; definition follows the literal field name and source table grain.,float64,right_singular_vectors_mean_maximum_coordinate_energy,0.0310210135779069,0.0022289562581913,0,560,560
raw_tensor_statistics.csv,Machine-readable analysis field; definition follows the literal field name and source table grain.,float64,right_singular_vectors_minimum_effective_support,2196.6102766127906,1.137898374927229,0,560,560
raw_tensor_statistics.csv,Machine-readable analysis field; definition follows the literal field name and source table grain.,float64,rms,0.0640844984498046,0.0098442628213288,0,560,560
raw_tensor_statistics.csv,Machine-readable analysis field; definition follows the literal field name and source table grain.,float64,row_norm__absolute_effective_count,6910.838050204978,1755.8479566573656,0,560,560
raw_tensor_statistics.csv,Machine-readable analysis field; definition follows the literal field name and source table grain.,float64,row_norm__absolute_entropy,8.840846190189993,7.470707185399302,0,560,560
raw_tensor_statistics.csv,Machine-readable analysis field; definition follows the literal field name and source table grain.,float64,row_norm__absolute_hhi,0.0007204073300082,0.0001447253272362,0,560,560
raw_tensor_statistics.csv,Machine-readable analysis field; definition follows the literal field name and source table grain.,int64,row_norm__count,6912.0,2560.0,0,560,2
raw_tensor_statistics.csv,Machine-readable analysis field; definition follows the literal field name and source table grain.,float64,row_norm__excess_kurtosis,2301.871267613893,-1.901197859602371,0,560,560
raw_tensor_statistics.csv,Machine-readable analysis field; definition follows the literal field name and source table grain.,float64,row_norm__gini_absolute,0.4874445553215554,0.0063067346815386,0,560,560
raw_tensor_statistics.csv,Machine-readable analysis field; definition follows the literal field name and source table grain.,float64,row_norm__maximum,21.21958923339844,1.309049367904663,0,560,560
raw_tensor_statistics.csv,Machine-readable analysis field; definition follows the literal field name and source table grain.,float64,row_norm__mean,3.839209222141653,0.3667702815699158,0,560,560
raw_tensor_statistics.csv,Machine-readable analysis field; definition follows the literal field name and source table grain.,float64,row_norm__median,3.870146155357361,0.1347455307841301,0,560,560
raw_tensor_statistics.csv,Machine-readable analysis field; definition follows the literal field name and source table grain.,float64,row_norm__minimum,3.480314254760742,0.0917667150497436,0,560,560
raw_tensor_statistics.csv,Machine-readable analysis field; definition follows the literal field name and source table grain.,float64,row_norm__q001,3.5140240745544435,0.1059523936361074,0,560,560
raw_tensor_statistics.csv,Machine-readable analysis field; definition follows the literal field name and source table grain.,float64,row_norm__q01,3.624533245563507,0.1238454270362854,0,560,560
raw_tensor_statistics.csv,Machine-readable analysis field; definition follows the literal field name and source table grain.,float64,row_norm__q05,3.6564799666404726,0.1279592595994472,0,560,560
raw_tensor_statistics.csv,Machine-readable analysis field; definition follows the literal field name and source table grain.,float64,row_norm__q25,3.79430502653122,0.1329304166138172,0,560,560
raw_tensor_statistics.csv,Machine-readable analysis field; definition follows the literal field name and source table grain.,float64,row_norm__q75,3.928408265113831,0.2080616354942321,0,560,560
raw_tensor_statistics.csv,Machine-readable analysis field; definition follows the literal field name and source table grain.,float64,row_norm__q95,4.0062360763549805,0.9921060055494308,0,560,560
raw_tensor_statistics.csv,Machine-readable analysis field; definition follows the literal field name and source table grain.,float64,row_norm__q99,5.446717705726623,1.1406332099437713,0,560,560
raw_tensor_statistics.csv,Machine-readable analysis field; definition follows the literal field name and source table grain.,float64,row_norm__q999,6.854668827056864,1.2447210793495165,0,560,560
raw_tensor_statistics.csv,Machine-readable analysis field; definition follows the literal field name and source table grain.,float64,row_norm__skewness,46.79595695572666,-7.905681088132558,0,560,560
raw_tensor_statistics.csv,Machine-readable analysis field; definition follows the literal field name and source table grain.,float64,row_norm__standard_deviation,0.7913793355827905,0.0399587009169688,0,560,560
raw_tensor_statistics.csv,Machine-readable analysis field; definition follows the literal field name and source table grain.,float64,rows_coherence_max_absolute,0.9996543526649476,0.0527341142296791,0,560,560
raw_tensor_statistics.csv,Machine-readable analysis field; definition follows the literal field name and source table grain.,float64,rows_coherence_mean_absolute,0.7962284088134766,0.0104790339246392,0,560,560
raw_tensor_statistics.csv,Machine-readable analysis field; definition follows the literal field name and source table grain.,float64,rows_coherence_q95_absolute,0.9995272755622864,0.0254880152642726,0,560,560
raw_tensor_statistics.csv,Machine-readable analysis field; definition follows the literal field name and source table grain.,int64,rows_coherence_sample_size,256.0,256.0,0,560,1
raw_tensor_statistics.csv,Machine-readable analysis field; definition follows the literal field name and source table grain.,float64,rows_mean_squared_cosine,0.7358038425445557,0.0001719459687592,0,560,560
raw_tensor_statistics.csv,Machine-readable analysis field; definition follows the literal field name and source table grain.,int64,sketch_rank,80.0,80.0,0,560,1
raw_tensor_statistics.csv,Machine-readable analysis field; definition follows the literal field name and source table grain.,float64,skewness_sampled,22.10561200498312,-21.90288386568781,0,560,560
raw_tensor_statistics.csv,Machine-readable analysis field; definition follows the literal field name and source table grain.,float64,standard_deviation,0.0640844984152104,0.0098442458663938,0,560,560
raw_tensor_statistics.csv,Machine-readable analysis field; definition follows the literal field name and source table grain.,int64,target_rank,64.0,64.0,0,560,1
raw_tensor_statistics.csv,Machine-readable analysis field; definition follows the literal field name and source table grain.,float64,zero_fraction_exact,0.0,0.0,0,560,1
spectral_shape_metrics.csv,Zero-based ESMC transformer block index.,int64,block,79.0,0.0,0,1680,80
spectral_shape_metrics.csv,Machine-readable analysis field; definition follows the literal field name and source table grain.,float64,energy_at_1,0.5958285309814727,0.0016993127013488,0,1680,1680
spectral_shape_metrics.csv,Machine-readable analysis field; definition follows the literal field name and source table grain.,float64,energy_at_1024,0.9995785359358232,0.6690667984875511,0,1680,1680
spectral_shape_metrics.csv,Machine-readable analysis field; definition follows the literal field name and source table grain.,float64,energy_at_128,0.8605279380298283,0.1280580040469547,0,1680,1680
spectral_shape_metrics.csv,Machine-readable analysis field; definition follows the literal field name and source table grain.,float64,energy_at_16,0.6776536765742609,0.0204340549752215,0,1680,1680
spectral_shape_metrics.csv,Machine-readable analysis field; definition follows the literal field name and source table grain.,float64,energy_at_2,0.6151574472742135,0.0031752171190891,0,1680,1680
spectral_shape_metrics.csv,Machine-readable analysis field; definition follows the literal field name and source table grain.,float64,energy_at_2048,0.9999997292103848,0.9450417722859432,0,1680,1680
spectral_shape_metrics.csv,Machine-readable analysis field; definition follows the literal field name and source table grain.,float64,energy_at_256,0.932429145993972,0.2344144184084795,0,1680,1680
spectral_shape_metrics.csv,Machine-readable analysis field; definition follows the literal field name and source table grain.,float64,energy_at_32,0.7237789170723888,0.0371252883385049,0,1680,1680
spectral_shape_metrics.csv,Machine-readable analysis field; definition follows the literal field name and source table grain.,float64,energy_at_4,0.6267783858388022,0.0060492736756574,0,1680,1680
spectral_shape_metrics.csv,Machine-readable analysis field; definition follows the literal field name and source table grain.,float64,energy_at_512,0.980953570674189,0.4122561306153678,0,1680,1680
spectral_shape_metrics.csv,Machine-readable analysis field; definition follows the literal field name and source table grain.,float64,energy_at_64,0.7860139861238292,0.0688455337821934,0,1680,1680
spectral_shape_metrics.csv,Machine-readable analysis field; definition follows the literal field name and source table grain.,float64,energy_at_8,0.6467787675729629,0.0112866072418651,0,1680,1680
spectral_shape_metrics.csv,Machine-readable analysis field; definition follows the literal field name and source table grain.,float64,energy_gini,0.9568656197714502,0.3649618578008091,0,1680,1680
spectral_shape_metrics.csv,Machine-readable analysis field; definition follows the literal field name and source table grain.,float64,energy_hhi,0.3560741580736563,0.0005639183944938,0,1680,1680
spectral_shape_metrics.csv,Machine-readable analysis field; definition follows the literal field name and source table grain.,float64,exponential_bulk_r2,0.9999671985068042,0.925484598341292,0,1680,1680
spectral_shape_metrics.csv,Machine-readable analysis field; definition follows the literal field name and source table grain.,float64,exponential_bulk_slope,-0.0004282674812735,-0.0039147522764873,0,1680,1680
spectral_shape_metrics.csv,Machine-readable analysis field; definition follows the literal field name and source table grain.,float64,exponential_head_r2,0.9985764857645316,0.7463959338755197,0,1680,1680
spectral_shape_metrics.csv,Machine-readable analysis field; definition follows the literal field name and source table grain.,float64,exponential_head_slope,-0.0006080407285675,-0.0060837121277355,0,1680,1680
spectral_shape_metrics.csv,"Weight-matrix family: q, k, v, o, gate, value, or down.",object,family,,,0,1680,7
spectral_shape_metrics.csv,Machine-readable analysis field; definition follows the literal field name and source table grain.,float64,gap_ratio_1,10.776050345270372,1.0029320186508588,0,1680,1680
spectral_shape_metrics.csv,Machine-readable analysis field; definition follows the literal field name and source table grain.,float64,gap_ratio_128,1.0137538947900977,1.000055046764952,0,1680,1680
spectral_shape_metrics.csv,Machine-readable analysis field; definition follows the literal field name and source table grain.,float64,gap_ratio_16,1.0627111477618667,1.0001412630762514,0,1680,1680
spectral_shape_metrics.csv,Machine-readable analysis field; definition follows the literal field name and source table grain.,float64,gap_ratio_2,2.3929616338776927,1.0009573249528787,0,1680,1680
spectral_shape_metrics.csv,Machine-readable analysis field; definition follows the literal field name and source table grain.,float64,gap_ratio_256,1.0078986089433573,1.0000247206130646,0,1680,1680
spectral_shape_metrics.csv,Machine-readable analysis field; definition follows the literal field name and source table grain.,float64,gap_ratio_32,1.0386595659684614,1.000078860211488,0,1680,1680
spectral_shape_metrics.csv,Machine-readable analysis field; definition follows the literal field name and source table grain.,float64,gap_ratio_4,1.3801505896657509,1.001193474071986,0,1680,1680
spectral_shape_metrics.csv,Machine-readable analysis field; definition follows the literal field name and source table grain.,float64,gap_ratio_64,1.014218748848286,1.0000594255632471,0,1680,1680
spectral_shape_metrics.csv,Machine-readable analysis field; definition follows the literal field name and source table grain.,float64,gap_ratio_8,1.1433930503996448,1.0005367752070533,0,1680,1680
spectral_shape_metrics.csv,Machine-readable analysis field; definition follows the literal field name and source table grain.,object,geometry,,,0,1680,3
spectral_shape_metrics.csv,Machine-readable analysis field; definition follows the literal field name and source table grain.,float64,log_spectrum_knee_distance,0.9017867694778484,0.0956831078281529,0,1680,1680
spectral_shape_metrics.csv,Machine-readable analysis field; definition follows the literal field name and source table grain.,int64,log_spectrum_knee_rank,2559.0,25.0,0,1680,436
spectral_shape_metrics.csv,Machine-readable analysis field; definition follows the literal field name and source table grain.,int64,maximum_gap_rank_top512,21.0,1.0,0,1680,9
spectral_shape_metrics.csv,Machine-readable analysis field; definition follows the literal field name and source table grain.,float64,maximum_gap_ratio_top512,10.776050345270372,1.0137110164936274,0,1680,1680
spectral_shape_metrics.csv,Machine-readable analysis field; definition follows the literal field name and source table grain.,float64,powerlaw_bulk_r2,0.994402079091794,0.7772678770647059,0,1680,1680
spectral_shape_metrics.csv,Machine-readable analysis field; definition follows the literal field name and source table grain.,float64,powerlaw_bulk_slope,-0.3919543454693877,-3.542526990946976,0,1680,1680
spectral_shape_metrics.csv,Machine-readable analysis field; definition follows the literal field name and source table grain.,float64,powerlaw_head_r2,0.9996868722628084,0.921766856244038,0,1680,1680
spectral_shape_metrics.csv,Machine-readable analysis field; definition follows the literal field name and source table grain.,float64,powerlaw_head_slope,-0.0614983719746786,-0.6279271126624422,0,1680,1680
spectral_shape_metrics.csv,One-based ESMC hidden-state index emitted after this block.,int64,produced_state,80.0,1.0,0,1680,80
spectral_shape_metrics.csv,Machine-readable analysis field; definition follows the literal field name and source table grain.,float64,q95_q05_ratio,3637.068257037838,3.1928807173374945,0,1680,1680
spectral_shape_metrics.csv,Machine-readable analysis field; definition follows the literal field name and source table grain.,float64,q99_q50_ratio,133.42735707385333,1.7718919766558192,0,1680,1680
spectral_shape_metrics.csv,Subspace or truncation rank used by the metric.,int64,rank,2560.0,2560.0,0,1680,1
spectral_shape_metrics.csv,Machine-readable analysis field; definition follows the literal field name and source table grain.,float64,s1_median_ratio,838.0275232129735,2.33861255395055,0,1680,1680
spectral_shape_metrics.csv,Machine-readable analysis field; definition follows the literal field name and source table grain.,float64,s1_s2_ratio,10.776050345270372,1.0029320186508588,0,1680,1680
spectral_shape_metrics.csv,Machine-readable analysis field; definition follows the literal field name and source table grain.,float64,singular_hhi,0.0037384057261173,0.000437863441815,0,1680,1680
spectral_shape_metrics.csv,spectral; see metric name for qualifiers.,float64,spectral_flatness,0.9387982503046192,0.0847576930678049,0,1680,1680
spectral_shape_metrics.csv,spectral; see metric name for qualifiers.,float64,spectral_gini,0.7838977711733428,0.1972559271555847,0,1680,1680
spectral_shape_metrics.csv,Machine-readable analysis field; definition follows the literal field name and source table grain.,float64,tail_energy_after_1,0.9983006872986512,0.4041714690185273,0,1680,1680
spectral_shape_metrics.csv,Machine-readable analysis field; definition follows the literal field name and source table grain.,float64,tail_energy_after_1024,0.3309332015124488,0.0004214640641767,0,1680,1680
spectral_shape_metrics.csv,Machine-readable analysis field; definition follows the literal field name and source table grain.,float64,tail_energy_after_128,0.8719419959530452,0.1394720619701717,0,1680,1680
spectral_shape_metrics.csv,Machine-readable analysis field; definition follows the literal field name and source table grain.,float64,tail_energy_after_16,0.9795659450247785,0.3223463234257391,0,1680,1680
spectral_shape_metrics.csv,Machine-readable analysis field; definition follows the literal field name and source table grain.,float64,tail_energy_after_2,0.9968247828809108,0.3848425527257865,0,1680,1680
spectral_shape_metrics.csv,Machine-readable analysis field; definition follows the literal field name and source table grain.,float64,tail_energy_after_2048,0.0549582277140566,2.70789615286482e-07,0,1680,1680
spectral_shape_metrics.csv,Machine-readable analysis field; definition follows the literal field name and source table grain.,float64,tail_energy_after_256,0.7655855815915205,0.0675708540060279,0,1680,1680
spectral_shape_metrics.csv,Machine-readable analysis field; definition follows the literal field name and source table grain.,float64,tail_energy_after_32,0.9628747116614952,0.2762210829276111,0,1680,1680
spectral_shape_metrics.csv,Machine-readable analysis field; definition follows the literal field name and source table grain.,float64,tail_energy_after_4,0.9939507263243426,0.3732216141611978,0,1680,1680
spectral_shape_metrics.csv,Machine-readable analysis field; definition follows the literal field name and source table grain.,float64,tail_energy_after_512,0.5877438693846322,0.019046429325811,0,1680,1680
spectral_shape_metrics.csv,Machine-readable analysis field; definition follows the literal field name and source table grain.,float64,tail_energy_after_64,0.9311544662178066,0.2139860138761707,0,1680,1680
spectral_shape_metrics.csv,Machine-readable analysis field; definition follows the literal field name and source table grain.,float64,tail_energy_after_8,0.9887133927581347,0.353221232427037,0,1680,1680
trajectory_eigenspectra.csv,Machine-readable analysis field; definition follows the literal field name and source table grain.,int64,component,80.0,1.0,0,560,80
trajectory_eigenspectra.csv,Machine-readable analysis field; definition follows the literal field name and source table grain.,float64,cumulative_fraction,1.0,0.0185337487584119,0,560,554
trajectory_eigenspectra.csv,Machine-readable analysis field; definition follows the literal field name and source table grain.,float64,eigenvalue,81519.03140819671,635.0905496383373,0,560,560
trajectory_eigenspectra.csv,Machine-readable analysis field; definition follows the literal field name and source table grain.,float64,explained_fraction,0.0415445227223325,0.0009143891696376,0,560,560
trajectory_eigenspectra.csv,"Weight-matrix family: q, k, v, o, gate, value, or down.",object,family,,,0,560,7
trajectory_local_geometry.csv,Machine-readable analysis field; definition follows the literal field name and source table grain.,float64,acceleration_norm,467.6026999443677,126.92175921887798,14,560,546
trajectory_local_geometry.csv,Zero-based ESMC transformer block index.,int64,block,79.0,0.0,0,560,80
trajectory_local_geometry.csv,"Weight-matrix family: q, k, v, o, gate, value, or down.",object,family,,,0,560,7
trajectory_local_geometry.csv,Machine-readable analysis field; definition follows the literal field name and source table grain.,float64,kpca_coordinate_1,164.05515101839234,-194.3947537750442,0,560,560
trajectory_local_geometry.csv,Machine-readable analysis field; definition follows the literal field name and source table grain.,float64,kpca_coordinate_10,171.0095548964071,-164.99926938886205,0,560,560
trajectory_local_geometry.csv,Machine-readable analysis field; definition follows the literal field name and source table grain.,float64,kpca_coordinate_2,147.72652763038778,-190.09805932481376,0,560,560
trajectory_local_geometry.csv,Machine-readable analysis field; definition follows the literal field name and source table grain.,float64,kpca_coordinate_3,189.7275820772377,-127.1618260716764,0,560,560
trajectory_local_geometry.csv,Machine-readable analysis field; definition follows the literal field name and source table grain.,float64,kpca_coordinate_4,144.63732746077093,-190.13393934390444,0,560,560
trajectory_local_geometry.csv,Machine-readable analysis field; definition follows the literal field name and source table grain.,float64,kpca_coordinate_5,159.7484544322002,-152.58895171038546,0,560,560
trajectory_local_geometry.csv,Machine-readable analysis field; definition follows the literal field name and source table grain.,float64,kpca_coordinate_6,158.8040928198487,-152.20880690699852,0,560,560
trajectory_local_geometry.csv,Machine-readable analysis field; definition follows the literal field name and source table grain.,float64,kpca_coordinate_7,185.01486316682173,-146.1685664813766,0,560,560
trajectory_local_geometry.csv,Machine-readable analysis field; definition follows the literal field name and source table grain.,float64,kpca_coordinate_8,150.02475580789442,-180.65889649018297,0,560,560
trajectory_local_geometry.csv,Machine-readable analysis field; definition follows the literal field name and source table grain.,float64,kpca_coordinate_9,182.5737098616657,-163.08171778571597,0,560,560
trajectory_local_geometry.csv,Machine-readable analysis field; definition follows the literal field name and source table grain.,float64,local_path_to_chord_ratio,2.236505729111679,1.7059202114514174,14,560,546
trajectory_local_geometry.csv,Machine-readable analysis field; definition follows the literal field name and source table grain.,int64,nearest_layer,15.0,0.0,0,560,9
trajectory_local_geometry.csv,Machine-readable analysis field; definition follows the literal field name and source table grain.,int64,nearest_layer_depth_gap,79.0,1.0,0,560,79
trajectory_local_geometry.csv,Machine-readable analysis field; definition follows the literal field name and source table grain.,float64,nearest_layer_distance,207.22845698431928,50.712511099957815,0,560,551
trajectory_local_geometry.csv,Machine-readable analysis field; definition follows the literal field name and source table grain.,float64,next_cosine_similarity,0.3423441554293082,-0.0174430901019978,7,560,553
trajectory_local_geometry.csv,Frobenius; see metric name for qualifiers.,float64,next_frobenius_distance,270.5773416641171,73.13616168480992,7,560,553
trajectory_local_geometry.csv,Machine-readable analysis field; definition follows the literal field name and source table grain.,float64,previous_cosine_similarity,0.3423441554293082,-0.0174430901019978,7,560,553
trajectory_local_geometry.csv,Frobenius; see metric name for qualifiers.,float64,previous_frobenius_distance,270.5773416641171,73.13616168480992,7,560,553
trajectory_local_geometry.csv,One-based ESMC hidden-state index emitted after this block.,int64,produced_state,80.0,1.0,0,560,80
trajectory_local_geometry.csv,Machine-readable analysis field; definition follows the literal field name and source table grain.,float64,radius_from_trajectory_centroid,194.41022533476868,25.201312822602603,0,560,560
trajectory_local_geometry.csv,principal angle in degrees; see metric name for qualifiers.,float64,turning_angle_degrees,127.45128914402112,108.23725066036508,14,560,546
trajectory_local_geometry.csv,Machine-readable analysis field; definition follows the literal field name and source table grain.,float64,turning_cosine,-0.3129524736259016,-0.6080867279912316,14,560,546
within_block_subspace_geometry.csv,Zero-based ESMC transformer block index.,int64,block,79.0,0.0,0,5040,80
within_block_subspace_geometry.csv,Machine-readable analysis field; definition follows the literal field name and source table grain.,float64,chordal_distance,7.967822133211341,2.235964681271447,0,5040,5040
within_block_subspace_geometry.csv,Machine-readable analysis field; definition follows the literal field name and source table grain.,object,comparison,,,0,5040,3
within_block_subspace_geometry.csv,Machine-readable analysis field; definition follows the literal field name and source table grain.,object,family_left,,,0,5040,6
within_block_subspace_geometry.csv,Machine-readable analysis field; definition follows the literal field name and source table grain.,object,family_right,,,0,5040,6
within_block_subspace_geometry.csv,principal angle in degrees; see metric name for qualifiers.,float64,maximum_angle_degrees,89.9997677741757,78.2892275487918,0,5040,5040
within_block_subspace_geometry.csv,Machine-readable analysis field; definition follows the literal field name and source table grain.,float64,maximum_canonical_correlation,0.989214337874438,0.0737536597340455,0,5040,5040
within_block_subspace_geometry.csv,principal angle in degrees; see metric name for qualifiers.,float64,median_angle_degrees,88.41346159205514,23.05834274695443,0,5040,5040
within_block_subspace_geometry.csv,Machine-readable analysis field; definition follows the literal field name and source table grain.,float64,median_canonical_correlation,0.9201058561391856,0.0276867718099245,0,5040,5040
within_block_subspace_geometry.csv,principal angle in degrees; see metric name for qualifiers.,float64,minimum_angle_degrees,85.77038607747565,8.422715979719968,0,5040,5040
within_block_subspace_geometry.csv,Machine-readable analysis field; definition follows the literal field name and source table grain.,float64,minimum_canonical_correlation,0.2029714000954,4.05310524227599e-06,0,5040,5040
within_block_subspace_geometry.csv,normalized squared subspace overlap; see metric name for qualifiers.,float64,normalized_overlap,0.7599111503867315,0.0015751109903654,0,5040,5040
within_block_subspace_geometry.csv,One-based ESMC hidden-state index emitted after this block.,int64,produced_state,80.0,1.0,0,5040,80
within_block_subspace_geometry.csv,Subspace or truncation rank used by the metric.,int64,rank,64.0,16.0,0,5040,3
